meter_id_hash,service_point_id_hash,locality,zone,feeder_id_hash,dt_id_hash,consumer_category,premise_subtype,latitude_grid,longitude_grid,sig_comm_failure,sig_reading_plateau,sig_peer_drift,sig_sudden_drop,sig_billing_cycle_drop,sig_after_hours_commercial,sig_pf_register,sig_tamper_event,sig_genuine_low_usage_context,sig_solar_export_normal,sig_ev_consistent_night_pattern,isolation_forest_score,cluster_watchlist_boost,independent_signal_count,suppressor_count,risk_score,risk_tier,priority,recommended_team,recommended_action,alert_fingerprint,one_line_reason,confidence_pct,estimated_revenue_impact_inr,is_active_meter
MTR_000001_HASH,SP_000001_HASH,KR Puram,East Circle,FDR_012_HASH,DT_0012_HASH,RESIDENTIAL,3BHK_FAMILY,13.0089,77.7026,0,0,0,0,0,0,0,0,0,0,0,0.0,0,0,0,0.0,INACTIVE_SUPPRESSED,,,,,,,0.0,0
MTR_000002_HASH,SP_000002_HASH,Hebbal,North Circle,FDR_008_HASH,DT_0023_HASH,RESIDENTIAL,2BHK_SMALL_FAMILY,13.0277,77.5871,0,0,0,0,0,0,0,0,0,0,0,0.0,0,0,0,0.0,INACTIVE_SUPPRESSED,,,,,,,0.0,0
MTR_000003_HASH,SP_000003_HASH,Electronic City,South Circle,FDR_007_HASH,DT_0037_HASH,RESIDENTIAL,2BHK_SMALL_FAMILY,12.8466,77.6849,0,0,0,0,0,0,0,0,0,0,0,0.0,0,0,0,0.0,INACTIVE_SUPPRESSED,,,,,,,0.0,0
MTR_000004_HASH,SP_000004_HASH,Domlur,East Circle,FDR_014_HASH,DT_0119_HASH,RESIDENTIAL,3BHK_FAMILY,12.9658,77.648,0,0,0,0,0,0,0,0,0,0,0,10.404165792849728,0,0,0,3.121249737854918,NO_ALERT,,,,,,,0.0,1
MTR_000005_HASH,SP_000005_HASH,Indiranagar,East Circle,FDR_013_HASH,DT_0073_HASH,RESIDENTIAL,2BHK_SMALL_FAMILY,12.968,77.6416,0,0,0,0,0,0,0,0,0,0,0,0.0,0,0,0,0.0,INACTIVE_SUPPRESSED,,,,,,,0.0,0
MTR_000006_HASH,SP_000006_HASH,Banashankari,South Circle,FDR_010_HASH,DT_0070_HASH,COMMERCIAL,SMALL_OFFICE,12.9295,77.5631,0,0,0,0,0,0,0,0,0,0,0,0.0,0,0,0,0.0,INACTIVE_SUPPRESSED,,,,,,,0.0,0
MTR_000007_HASH,SP_000007_HASH,KR Puram,East Circle,FDR_012_HASH,DT_0042_HASH,RESIDENTIAL,1BHK_SINGLE_OR_COUPLE,13.0035,77.6668,0,0,0,0,0,0,0,0,0,0,0,0.0,0,0,0,0.0,INACTIVE_SUPPRESSED,,,,,,,0.0,0
MTR_000008_HASH,SP_000008_HASH,Yelahanka,North Circle,FDR_009_HASH,DT_0069_HASH,SMALL_INDUSTRY,WELDING_WORKSHOP,13.098,77.5922,0,0,0,0,0,0,0,0,0,0,0,0.0,0,0,0,0.0,INACTIVE_SUPPRESSED,,,,,,,0.0,0
MTR_000009_HASH,SP_000009_HASH,Electronic City,South Circle,FDR_007_HASH,DT_0067_HASH,COMMERCIAL,CLINIC,12.8372,77.6814,0,0,0,0,1,0,1,0,0,0,0,60.83033620184568,0,2,0,44.2491008605537,MULTI_SIGNAL_CONFIRMED,P1,Vigilance,Schedule vigilance inspection within 7 days,Billing Cycle Drop + Low Power Factor,"CLINIC Electronic City COMMERCIAL meter, dropped 53% consumption, 17-pt peer rank drop",48.2,986.48,1
MTR_000010_HASH,SP_000010_HASH,KR Puram,East Circle,FDR_012_HASH,DT_0027_HASH,APARTMENT_COMMON_AREA,APARTMENT_COMMON_PUMP_LIFT,13.0156,77.6871,0,0,0,0,0,0,0,0,0,0,0,0.0,0,0,0,0.0,INACTIVE_SUPPRESSED,,,,,,,0.0,0
MTR_000011_HASH,SP_000011_HASH,Peenya,North Circle,FDR_006_HASH,DT_0036_HASH,COMMERCIAL,CLINIC,13.0138,77.5315,0,0,0,0,0,0,0,0,0,0,0,0.0,0,0,0,0.0,INACTIVE_SUPPRESSED,,,,,,,0.0,0
MTR_000012_HASH,SP_000012_HASH,Electronic City,South Circle,FDR_007_HASH,DT_0067_HASH,RESIDENTIAL,2BHK_SMALL_FAMILY,12.8324,77.6885,0,0,0,0,0,0,0,0,0,0,0,0.0,0,0,0,0.0,INACTIVE_SUPPRESSED,,,,,,,0.0,0
MTR_000013_HASH,SP_000013_HASH,Rajajinagar,West Circle,FDR_011_HASH,DT_0101_HASH,SMALL_INDUSTRY,MACHINE_SHOP,12.9842,77.551,0,0,0,0,0,0,0,0,0,0,0,0.0,0,0,0,0.0,INACTIVE_SUPPRESSED,,,,,,,0.0,0
MTR_000014_HASH,SP_000014_HASH,Koramangala,South Circle,FDR_004_HASH,DT_0079_HASH,RESIDENTIAL,1BHK_SINGLE_OR_COUPLE,12.9445,77.6014,0,0,0,1,1,0,0,0,0,0,0,58.181410160174565,1,2,0,58.45442304805237,MULTI_SIGNAL_CONFIRMED,P1,Vigilance,Schedule vigilance inspection within 7 days,Sudden Drop + Billing Cycle Drop,"1BHK_SINGLE_OR_COUPLE Koramangala RESIDENTIAL meter, dropped 53% consumption, 17-pt peer rank drop, 1 tamper events",66.5,516.6,1
MTR_000015_HASH,SP_000015_HASH,Hebbal,North Circle,FDR_008_HASH,DT_0008_HASH,RESIDENTIAL,4BHK_VILLA_HIGH_LOAD,13.0303,77.5895,0,0,0,0,0,0,0,0,0,0,0,0.0,0,0,0,0.0,INACTIVE_SUPPRESSED,,,,,,,0.0,0
MTR_000016_HASH,SP_000016_HASH,Peenya,North Circle,FDR_006_HASH,DT_0021_HASH,SMALL_INDUSTRY,GARMENT_UNIT,13.0091,77.521,0,0,0,0,0,0,0,0,0,0,0,0.0,0,0,0,0.0,INACTIVE_SUPPRESSED,,,,,,,0.0,0
MTR_000017_HASH,SP_000017_HASH,KR Puram,East Circle,FDR_012_HASH,DT_0072_HASH,RESIDENTIAL,4BHK_VILLA_HIGH_LOAD,13.0003,77.6999,0,0,0,0,0,0,0,0,0,0,0,0.0,0,0,0,0.0,INACTIVE_SUPPRESSED,,,,,,,0.0,0
MTR_000018_HASH,SP_000018_HASH,Koramangala,South Circle,FDR_004_HASH,DT_0079_HASH,COMMERCIAL,SALON,12.9263,77.6202,0,0,0,0,0,0,1,0,0,0,0,36.44611327913743,1,1,0,23.93383398374123,CLUSTER_WATCHLIST,P3,Metering,Schedule meter health check,Low Power Factor,"SALON Koramangala COMMERCIAL meter, dropped 19% consumption",23.9,0.0,1
MTR_000019_HASH,SP_000019_HASH,Domlur,East Circle,FDR_002_HASH,DT_0032_HASH,PUBLIC_LIGHTING,STREET_LIGHTING_FEED,12.9683,77.6104,0,0,0,0,0,0,0,0,0,0,0,0.0,0,0,0,0.0,INACTIVE_SUPPRESSED,,,,,,,0.0,0
MTR_000020_HASH,SP_000020_HASH,Domlur,East Circle,FDR_002_HASH,DT_0047_HASH,RESIDENTIAL,1BHK_SINGLE_OR_COUPLE,12.9547,77.642,0,0,0,0,0,0,0,0,0,0,0,0.0,0,0,0,0.0,INACTIVE_SUPPRESSED,,,,,,,0.0,0
MTR_000021_HASH,SP_000021_HASH,Whitefield,East Circle,FDR_005_HASH,DT_0050_HASH,RESIDENTIAL,PG_OR_HOSTEL,12.9782,77.7536,0,0,0,0,0,0,0,0,0,0,0,0.0,0,0,0,0.0,INACTIVE_SUPPRESSED,,,,,,,0.0,0
MTR_000022_HASH,SP_000022_HASH,Jayanagar,South Circle,FDR_015_HASH,DT_0105_HASH,COMMERCIAL,RESTAURANT_CAFE,12.9162,77.5945,0,0,0,0,0,0,0,0,0,0,0,0.0,0,0,0,0.0,INACTIVE_SUPPRESSED,,,,,,,0.0,0
MTR_000023_HASH,SP_000023_HASH,Domlur,East Circle,FDR_002_HASH,DT_0002_HASH,RESIDENTIAL,PG_OR_HOSTEL,12.9626,77.6426,0,0,0,0,0,0,0,0,0,0,0,0.0,0,0,0,0.0,INACTIVE_SUPPRESSED,,,,,,,0.0,0
MTR_000024_HASH,SP_000024_HASH,Jayanagar,South Circle,FDR_015_HASH,DT_0075_HASH,RESIDENTIAL,2BHK_SMALL_FAMILY,12.9318,77.5909,0,0,0,0,1,0,0,0,0,1,0,82.59877182682544,0,1,1,22.779631548047632,SINGLE_SIGNAL_PROBABLE,P2,Vigilance,Schedule vigilance inspection within 7 days,Billing Cycle Drop,"2BHK_SMALL_FAMILY Jayanagar RESIDENTIAL meter, dropped 66% consumption",46.8,639.24,1
MTR_000025_HASH,SP_000025_HASH,Jayanagar,South Circle,FDR_003_HASH,DT_0048_HASH,RESIDENTIAL,3BHK_FAMILY,12.9266,77.5826,0,0,0,0,0,0,0,0,0,0,0,0.0,0,0,0,0.0,INACTIVE_SUPPRESSED,,,,,,,0.0,0
MTR_000026_HASH,SP_000026_HASH,Banashankari,South Circle,FDR_010_HASH,DT_0100_HASH,RESIDENTIAL,3BHK_FAMILY,12.9096,77.5373,0,0,0,0,0,0,0,0,1,0,0,17.490245378495928,0,0,1,0.0,FALSE_POSITIVE_PREVENTED_GJ,,,,,,,0.0,1
MTR_000027_HASH,SP_000027_HASH,Domlur,East Circle,FDR_002_HASH,DT_0017_HASH,COMMERCIAL,BAKERY,12.9605,77.6423,0,0,1,0,1,1,1,0,0,0,0,81.10151245520625,1,4,0,91.33045373656188,MULTI_SIGNAL_CONFIRMED,P1,Vigilance,Schedule vigilance inspection within 7 days,Peer Drift + Billing Cycle Drop + After-Hours Commercial + Low Power Factor,"BAKERY Domlur COMMERCIAL meter, dropped 62% consumption, 60-pt peer rank drop",99.0,2088.24,1
MTR_000028_HASH,SP_000028_HASH,Hebbal,North Circle,FDR_008_HASH,DT_0068_HASH,RESIDENTIAL,2BHK_SMALL_FAMILY,13.0368,77.5899,0,0,0,0,0,0,0,0,0,0,0,7.541361971699212,0,0,0,2.2624085915097636,NO_ALERT,,,,,,,0.0,1
MTR_000029_HASH,SP_000029_HASH,Koramangala,South Circle,FDR_004_HASH,DT_0109_HASH,COMMERCIAL,SUPERMARKET_MINI_MART,12.942,77.6065,0,0,0,0,0,0,1,0,0,0,0,22.22947616321117,0,1,0,14.668842848963351,NO_ALERT,,,,Low Power Factor,,,0.0,1
MTR_000030_HASH,SP_000030_HASH,Domlur,East Circle,FDR_014_HASH,DT_0014_HASH,COMMERCIAL,SMALL_OFFICE,12.9399,77.6234,0,0,1,0,1,0,1,0,0,0,0,89.83789377797093,1,3,0,75.95136813339128,MULTI_SIGNAL_CONFIRMED,P1,Vigilance,Schedule vigilance inspection within 7 days,Peer Drift + Billing Cycle Drop + Low Power Factor,"SMALL_OFFICE Domlur COMMERCIAL meter, dropped 71% consumption, 50-pt peer rank drop",84.0,3394.16,1
MTR_000031_HASH,SP_000031_HASH,Rajajinagar,West Circle,FDR_011_HASH,DT_0116_HASH,RESIDENTIAL,1BHK_SINGLE_OR_COUPLE,12.998,77.5585,0,0,0,0,0,0,0,0,1,0,0,6.555038581094397,0,0,1,0.0,FALSE_POSITIVE_PREVENTED_GJ,,,,,,,0.0,1
MTR_000032_HASH,SP_000032_HASH,Rajajinagar,West Circle,FDR_011_HASH,DT_0116_HASH,SMALL_INDUSTRY,GARMENT_UNIT,12.9907,77.5602,0,0,0,0,0,0,1,0,0,0,0,56.877267529165685,0,1,0,25.063180258749703,NO_ALERT,,,,Low Power Factor,,,0.0,1
MTR_000033_HASH,SP_000033_HASH,Yelahanka,North Circle,FDR_009_HASH,DT_0054_HASH,RESIDENTIAL,2BHK_SMALL_FAMILY,13.1155,77.6084,0,0,0,0,0,0,0,0,1,0,0,0.6463914147780137,0,0,1,0.0,FALSE_POSITIVE_PREVENTED_GJ,,,,,,,0.0,1
MTR_000034_HASH,SP_000034_HASH,Indiranagar,East Circle,FDR_013_HASH,DT_0088_HASH,RESIDENTIAL,3BHK_FAMILY,12.9764,77.65,0,0,0,0,0,0,0,0,1,0,0,6.3008908000901975,0,0,1,0.0,FALSE_POSITIVE_PREVENTED_GJ,,,,,,,0.0,1
MTR_000035_HASH,SP_000035_HASH,Rajajinagar,West Circle,FDR_011_HASH,DT_0116_HASH,RESIDENTIAL,4BHK_VILLA_HIGH_LOAD,13.0047,77.5435,0,0,0,0,0,0,0,0,1,0,0,13.377443118417276,0,0,1,0.0,FALSE_POSITIVE_PREVENTED_GJ,,,,,,,0.0,1
MTR_000036_HASH,SP_000036_HASH,Jayanagar,South Circle,FDR_003_HASH,DT_0063_HASH,PUBLIC_LIGHTING,STREET_LIGHTING_FEED,12.9236,77.5834,0,1,0,0,0,0,1,0,0,0,0,58.827509461168134,0,2,0,33.648252838350444,NO_ALERT,,,,Reading Plateau + Low Power Factor,,,0.0,1
MTR_000037_HASH,SP_000037_HASH,Domlur,East Circle,FDR_014_HASH,DT_0014_HASH,COMMERCIAL,SALON,12.9585,77.6495,0,0,0,0,0,0,1,0,0,0,0,12.667259180013147,1,1,0,16.800177754003943,CLUSTER_WATCHLIST,P3,Metering,Schedule meter health check,Low Power Factor,SALON Domlur COMMERCIAL meter,16.8,0.0,1
MTR_000038_HASH,SP_000038_HASH,KR Puram,East Circle,FDR_012_HASH,DT_0057_HASH,RESIDENTIAL,3BHK_FAMILY,13.0193,77.7181,0,0,0,0,0,0,0,0,0,0,0,6.429119319460952,0,0,0,1.9287357958382856,NO_ALERT,,,,,,,0.0,1
MTR_000039_HASH,SP_000039_HASH,KR Puram,East Circle,FDR_012_HASH,DT_0027_HASH,COMMERCIAL,SMALL_OFFICE,12.9975,77.6992,0,0,0,0,0,0,0,0,0,0,0,24.347393399176408,0,0,0,7.304218019752922,NO_ALERT,,,,,,,0.0,1
MTR_000040_HASH,SP_000040_HASH,Rajajinagar,West Circle,FDR_011_HASH,DT_0041_HASH,COMMERCIAL,RESTAURANT_CAFE,12.9894,77.5589,0,0,0,0,0,0,1,0,0,0,0,18.427464592793307,0,1,0,13.528239377837991,NO_ALERT,,,,Low Power Factor,,,0.0,1
MTR_000041_HASH,SP_000041_HASH,Yelahanka,North Circle,FDR_009_HASH,DT_0114_HASH,APARTMENT_COMMON_AREA,APARTMENT_COMMON_PUMP_LIFT,13.0898,77.5873,0,0,0,0,0,0,0,0,0,0,0,16.24135940392437,0,0,0,4.872407821177311,NO_ALERT,,,,,,,0.0,1
MTR_000042_HASH,SP_000042_HASH,Indiranagar,East Circle,FDR_013_HASH,DT_0028_HASH,RESIDENTIAL,2BHK_SMALL_FAMILY,12.9771,77.6541,0,0,0,0,0,0,0,0,1,0,0,13.016468785440328,0,0,1,0.0,FALSE_POSITIVE_PREVENTED_GJ,,,,,,,0.0,1
MTR_000043_HASH,SP_000043_HASH,Whitefield,East Circle,FDR_005_HASH,DT_0065_HASH,RESIDENTIAL,1BHK_SINGLE_OR_COUPLE,12.9548,77.7564,0,1,0,0,0,0,0,0,1,0,0,13.66097394650997,0,1,1,0.0,FALSE_POSITIVE_PREVENTED_GJ,,,,Reading Plateau,,,0.0,1
MTR_000044_HASH,SP_000044_HASH,Whitefield,East Circle,FDR_005_HASH,DT_0020_HASH,APARTMENT_COMMON_AREA,APARTMENT_COMMON_PUMP_LIFT,12.9763,77.7474,0,0,0,0,0,0,0,0,0,0,0,51.90693012829867,0,0,0,15.5720790384896,NO_ALERT,,,,,,,0.0,1
MTR_000045_HASH,SP_000045_HASH,Hebbal,North Circle,FDR_008_HASH,DT_0038_HASH,RESIDENTIAL,1BHK_SINGLE_OR_COUPLE,13.0213,77.5919,0,0,0,0,0,0,0,0,1,0,0,1.715629923061024,0,0,1,0.0,FALSE_POSITIVE_PREVENTED_GJ,,,,,,,0.0,1
MTR_000046_HASH,SP_000046_HASH,KR Puram,East Circle,FDR_012_HASH,DT_0042_HASH,RESIDENTIAL,2BHK_SMALL_FAMILY,13.0126,77.6968,0,0,0,0,0,0,0,0,0,0,0,16.168291126777056,0,0,0,4.850487338033116,NO_ALERT,,,,,,,0.0,1
MTR_000047_HASH,SP_000047_HASH,Yelahanka,North Circle,FDR_009_HASH,DT_0069_HASH,APARTMENT_COMMON_AREA,APARTMENT_COMMON_PUMP_LIFT,13.0849,77.59,0,0,0,0,0,0,1,0,0,0,0,22.785845717649632,0,1,0,14.835753715294889,NO_ALERT,,,,Low Power Factor,,,0.0,1
MTR_000048_HASH,SP_000048_HASH,Jayanagar,South Circle,FDR_015_HASH,DT_0120_HASH,RESIDENTIAL,3BHK_FAMILY,12.9152,77.5974,0,1,0,0,0,0,0,0,1,1,0,10.651852523801065,1,1,2,0.0,FALSE_POSITIVE_PREVENTED_GJ,,,,Reading Plateau,,,0.0,1
MTR_000049_HASH,SP_000049_HASH,Whitefield,East Circle,FDR_005_HASH,DT_0095_HASH,RESIDENTIAL,2BHK_SMALL_FAMILY,12.9616,77.763,0,0,0,0,0,0,0,0,1,0,0,7.265007438867366,0,0,1,0.0,FALSE_POSITIVE_PREVENTED_GJ,,,,,,,0.0,1
MTR_000050_HASH,SP_000050_HASH,Banashankari,South Circle,FDR_010_HASH,DT_0010_HASH,RESIDENTIAL,1BHK_SINGLE_OR_COUPLE,12.9136,77.5255,0,1,0,0,0,0,0,0,1,0,0,7.4881498070940244,0,1,1,0.0,FALSE_POSITIVE_PREVENTED_GJ,,,,Reading Plateau,,,0.0,1
MTR_000051_HASH,SP_000051_HASH,Domlur,East Circle,FDR_014_HASH,DT_0059_HASH,RESIDENTIAL,1BHK_SINGLE_OR_COUPLE,12.9559,77.656,0,0,0,0,0,0,0,0,1,0,0,11.852888690636576,0,0,1,0.0,FALSE_POSITIVE_PREVENTED_GJ,,,,,,,0.0,1
MTR_000052_HASH,SP_000052_HASH,Koramangala,South Circle,FDR_004_HASH,DT_0079_HASH,RESIDENTIAL,2BHK_SMALL_FAMILY,12.9265,77.6083,0,0,0,0,0,0,0,0,1,0,0,29.87411022234547,0,0,1,0.0,FALSE_POSITIVE_PREVENTED_GJ,,,,,,,0.0,1
MTR_000053_HASH,SP_000053_HASH,Indiranagar,East Circle,FDR_013_HASH,DT_0013_HASH,COMMERCIAL,SUPERMARKET_MINI_MART,12.9909,77.6365,0,0,0,0,0,1,1,0,0,0,0,11.230616915808621,0,2,0,29.369185074742585,MULTI_SIGNAL_CONFIRMED,P1,Vigilance,Schedule vigilance inspection within 7 days,After-Hours Commercial + Low Power Factor,SUPERMARKET_MINI_MART Indiranagar COMMERCIAL meter,33.4,0.0,1
MTR_000054_HASH,SP_000054_HASH,Whitefield,East Circle,FDR_005_HASH,DT_0095_HASH,COMMERCIAL,SMALL_OFFICE,12.9843,77.7467,1,0,0,0,0,0,1,0,0,0,0,19.792123026591334,1,2,0,26.9376369079774,CLUSTER_WATCHLIST,P3,IT/AMI,Verify communication module and data pipeline,Communication Failure + Low Power Factor,SMALL_OFFICE Whitefield COMMERCIAL meter,26.9,0.0,1
MTR_000055_HASH,SP_000055_HASH,Banashankari,South Circle,FDR_010_HASH,DT_0115_HASH,RESIDENTIAL,1BHK_SINGLE_OR_COUPLE,12.9211,77.5516,0,0,0,0,0,0,0,0,1,0,0,8.744027722968163,0,0,1,0.0,FALSE_POSITIVE_PREVENTED_GJ,,,,,,,0.0,1
MTR_000056_HASH,SP_000056_HASH,KR Puram,East Circle,FDR_012_HASH,DT_0102_HASH,RESIDENTIAL,1BHK_SINGLE_OR_COUPLE,13.005,77.6939,0,0,0,0,0,0,0,0,1,0,0,6.016131252158086,0,0,1,0.0,FALSE_POSITIVE_PREVENTED_GJ,,,,,,,0.0,1
MTR_000057_HASH,SP_000057_HASH,Banashankari,South Circle,FDR_010_HASH,DT_0040_HASH,RESIDENTIAL,2BHK_SMALL_FAMILY,12.9214,77.5633,0,0,0,0,0,0,0,0,0,0,0,2.5216746097441844,0,0,0,0.7565023829232553,NO_ALERT,,,,,,,0.0,1
MTR_000058_HASH,SP_000058_HASH,Whitefield,East Circle,FDR_005_HASH,DT_0080_HASH,RESIDENTIAL,3BHK_FAMILY,12.98,77.7389,0,0,0,0,0,0,0,0,0,0,0,27.24650371045594,0,0,0,8.173951113136782,NO_ALERT,,,,,,,0.0,1
MTR_000059_HASH,SP_000059_HASH,Indiranagar,East Circle,FDR_001_HASH,DT_0046_HASH,RESIDENTIAL,3BHK_FAMILY,12.9773,77.6496,0,0,0,0,0,0,0,0,0,1,0,17.156334987851096,0,0,1,0.0,SOLAR_CONTEXT_SUPPRESSED,,,,,,,0.0,1
MTR_000060_HASH,SP_000060_HASH,Rajajinagar,West Circle,FDR_011_HASH,DT_0116_HASH,COMMERCIAL,KIRANA_RETAIL_SHOP,12.9979,77.5602,0,0,0,0,1,0,1,1,0,0,0,60.16018050557488,0,3,0,62.04805415167246,MULTI_SIGNAL_CONFIRMED,P1,Vigilance,Schedule vigilance inspection within 7 days,Billing Cycle Drop + Low Power Factor + Tamper Event,"KIRANA_RETAIL_SHOP Rajajinagar COMMERCIAL meter, dropped 59% consumption, 3 tamper events",70.0,1237.12,1
MTR_000061_HASH,SP_000061_HASH,Domlur,East Circle,FDR_014_HASH,DT_0029_HASH,COMMERCIAL,SMALL_OFFICE,12.9679,77.6451,0,0,0,0,0,0,1,0,0,0,0,20.791844807391225,0,1,0,14.237553442217369,NO_ALERT,,,,Low Power Factor,,,0.0,1
MTR_000062_HASH,SP_000062_HASH,Hebbal,North Circle,FDR_008_HASH,DT_0038_HASH,COMMERCIAL,BAKERY,13.0329,77.606,0,0,0,0,0,1,1,0,0,0,0,12.01755421681373,0,2,0,29.60526626504412,MULTI_SIGNAL_CONFIRMED,P1,Vigilance,Schedule vigilance inspection within 7 days,After-Hours Commercial + Low Power Factor,BAKERY Hebbal COMMERCIAL meter,33.6,0.0,1
MTR_000063_HASH,SP_000063_HASH,KR Puram,East Circle,FDR_012_HASH,DT_0012_HASH,COMMERCIAL,RESTAURANT_CAFE,12.9943,77.6918,0,0,1,0,1,0,1,1,0,0,0,93.77267816006837,1,4,0,95.1318034480205,MULTI_SIGNAL_CONFIRMED,P1,Vigilance,Schedule vigilance inspection within 7 days,Peer Drift + Billing Cycle Drop + Low Power Factor + Tamper Event,"RESTAURANT_CAFE KR Puram COMMERCIAL meter, dropped 71% consumption, 57-pt peer rank drop, 2 tamper events",99.0,4659.2,1
MTR_000064_HASH,SP_000064_HASH,Hebbal,North Circle,FDR_008_HASH,DT_0068_HASH,RESIDENTIAL,3BHK_FAMILY,13.0463,77.576,0,0,0,0,0,0,0,0,1,1,0,16.219833209920687,0,0,2,0.0,FALSE_POSITIVE_PREVENTED_GJ,,,,,,,0.0,1
MTR_000065_HASH,SP_000065_HASH,Peenya,North Circle,FDR_006_HASH,DT_0096_HASH,RESIDENTIAL,3BHK_FAMILY,13.0422,77.5048,0,0,0,0,0,0,0,0,0,0,0,2.427137939945745,0,0,0,0.7281413819837235,NO_ALERT,,,,,,,0.0,1
MTR_000066_HASH,SP_000066_HASH,Banashankari,South Circle,FDR_010_HASH,DT_0040_HASH,RESIDENTIAL,1BHK_SINGLE_OR_COUPLE,12.932,77.5439,0,1,0,0,0,0,0,0,0,0,0,10.868608691604177,0,1,0,11.260582607481252,NO_ALERT,,,,Reading Plateau,,,0.0,1
MTR_000067_HASH,SP_000067_HASH,KR Puram,East Circle,FDR_012_HASH,DT_0027_HASH,APARTMENT_COMMON_AREA,APARTMENT_COMMON_PUMP_LIFT,13.0366,77.6931,0,0,0,0,0,0,1,0,0,0,0,36.22650309097655,0,1,0,18.867950927292966,NO_ALERT,,,,Low Power Factor,,,0.0,1
MTR_000068_HASH,SP_000068_HASH,Whitefield,East Circle,FDR_005_HASH,DT_0110_HASH,RESIDENTIAL,2BHK_SMALL_FAMILY,12.9652,77.7484,0,0,0,0,0,0,0,0,1,0,0,2.1865869991543163,0,0,1,0.0,FALSE_POSITIVE_PREVENTED_GJ,,,,,,,0.0,1
MTR_000069_HASH,SP_000069_HASH,Indiranagar,East Circle,FDR_001_HASH,DT_0016_HASH,COMMERCIAL,CLINIC,12.9961,77.6403,0,0,0,0,0,0,1,0,0,0,0,14.443839053724206,0,1,0,12.33315171611726,NO_ALERT,,,,Low Power Factor,,,0.0,1
MTR_000070_HASH,SP_000070_HASH,Rajajinagar,West Circle,FDR_011_HASH,DT_0056_HASH,RESIDENTIAL,2BHK_SMALL_FAMILY,12.9866,77.5473,0,0,0,0,0,0,0,0,1,0,0,3.053274688601748,0,0,1,0.0,FALSE_POSITIVE_PREVENTED_GJ,,,,,,,0.0,1
MTR_000071_HASH,SP_000071_HASH,KR Puram,East Circle,FDR_012_HASH,DT_0072_HASH,APARTMENT_COMMON_AREA,GATED_COMMUNITY_COMMON_AREA,12.994,77.7003,0,0,0,0,0,0,0,0,0,0,1,37.13202957215304,0,0,1,0.0,EV_CONTEXT_SUPPRESSED,,,,,,,0.0,1
MTR_000072_HASH,SP_000072_HASH,Yelahanka,North Circle,FDR_009_HASH,DT_0114_HASH,RESIDENTIAL,PG_OR_HOSTEL,13.1026,77.5908,0,0,0,0,0,0,0,0,1,0,0,5.900732042375212,0,0,1,0.0,FALSE_POSITIVE_PREVENTED_GJ,,,,,,,0.0,1
MTR_000073_HASH,SP_000073_HASH,Domlur,East Circle,FDR_002_HASH,DT_0032_HASH,COMMERCIAL,CLINIC,12.9703,77.6211,0,0,0,0,0,0,1,0,0,0,0,17.17691426238921,0,1,0,13.153074278716762,NO_ALERT,,,,Low Power Factor,,,0.0,1
MTR_000074_HASH,SP_000074_HASH,Whitefield,East Circle,FDR_005_HASH,DT_0065_HASH,APARTMENT_COMMON_AREA,APARTMENT_COMMON_PUMP_LIFT,12.9737,77.7422,0,0,0,0,0,0,0,0,0,0,0,15.550314598413252,0,0,0,4.665094379523976,NO_ALERT,,,,,,,0.0,1
MTR_000075_HASH,SP_000075_HASH,Rajajinagar,West Circle,FDR_011_HASH,DT_0071_HASH,RESIDENTIAL,3BHK_FAMILY,12.9955,77.5389,0,0,0,0,0,0,0,0,0,0,0,12.185044520234678,0,0,0,3.6555133560704034,NO_ALERT,,,,,,,0.0,1
MTR_000076_HASH,SP_000076_HASH,Domlur,East Circle,FDR_002_HASH,DT_0092_HASH,COMMERCIAL,KIRANA_RETAIL_SHOP,12.9679,77.6408,0,0,0,0,0,0,1,0,0,0,0,17.088711316757255,0,1,0,13.126613395027176,NO_ALERT,,,,Low Power Factor,,,0.0,1
MTR_000077_HASH,SP_000077_HASH,KR Puram,East Circle,FDR_012_HASH,DT_0042_HASH,RESIDENTIAL,2BHK_SMALL_FAMILY,13.0128,77.6883,0,0,0,0,0,0,0,0,1,0,0,2.5019090350981266,0,0,1,0.0,FALSE_POSITIVE_PREVENTED_GJ,,,,,,,0.0,1
MTR_000078_HASH,SP_000078_HASH,Indiranagar,East Circle,FDR_001_HASH,DT_0016_HASH,PUBLIC_LIGHTING,STREET_LIGHTING_FEED,12.9863,77.621,0,0,0,0,0,0,1,0,0,0,0,53.41594882938159,0,1,0,24.024784648814478,NO_ALERT,,,,Low Power Factor,,,0.0,1
MTR_000079_HASH,SP_000079_HASH,Indiranagar,East Circle,FDR_001_HASH,DT_0091_HASH,COMMERCIAL,SALON,12.9819,77.6274,0,0,0,0,0,0,1,0,0,0,0,42.754298446035975,0,1,0,20.826289533810794,NO_ALERT,,,,Low Power Factor,,,0.0,1
MTR_000080_HASH,SP_000080_HASH,Jayanagar,South Circle,FDR_015_HASH,DT_0120_HASH,COMMERCIAL,SMALL_OFFICE,12.9297,77.5877,0,0,1,0,0,0,1,0,0,0,0,72.38091129347708,1,2,0,52.714273388043125,MULTI_SIGNAL_CONFIRMED,P1,Vigilance,Schedule vigilance inspection within 7 days,Peer Drift + Low Power Factor,"SMALL_OFFICE Jayanagar COMMERCIAL meter, dropped 41% consumption, 33-pt peer rank drop",56.7,2113.12,1
MTR_000081_HASH,SP_000081_HASH,KR Puram,East Circle,FDR_012_HASH,DT_0117_HASH,COMMERCIAL,RESTAURANT_CAFE,13.0085,77.7216,0,0,0,0,0,1,1,0,0,0,0,25.986563082185445,0,2,0,33.79596892465563,MULTI_SIGNAL_CONFIRMED,P1,Vigilance,Schedule vigilance inspection within 7 days,After-Hours Commercial + Low Power Factor,RESTAURANT_CAFE KR Puram COMMERCIAL meter,37.8,0.0,1
MTR_000082_HASH,SP_000082_HASH,Hebbal,North Circle,FDR_008_HASH,DT_0098_HASH,COMMERCIAL,SMALL_OFFICE,13.025,77.5946,0,0,0,0,0,0,1,0,0,0,0,30.87866624977831,0,1,0,17.26359987493349,NO_ALERT,,,,Low Power Factor,,,0.0,1
MTR_000083_HASH,SP_000083_HASH,Whitefield,East Circle,FDR_005_HASH,DT_0050_HASH,RESIDENTIAL,3BHK_FAMILY,12.9602,77.7552,0,0,0,0,0,0,0,1,0,0,0,11.719443665174733,0,1,0,21.51583309955242,SINGLE_SIGNAL_REVIEW,P2,Vigilance,Schedule vigilance inspection within 7 days,Tamper Event,"3BHK_FAMILY Whitefield RESIDENTIAL meter, 2 tamper events",25.5,0.0,1
MTR_000084_HASH,SP_000084_HASH,Peenya,North Circle,FDR_006_HASH,DT_0036_HASH,SMALL_INDUSTRY,WELDING_WORKSHOP,13.0235,77.5166,0,0,0,0,0,0,1,0,0,0,0,86.78649891728747,0,1,0,34.035949675186245,NO_ALERT,,,,Low Power Factor,,,0.0,1
MTR_000085_HASH,SP_000085_HASH,Hebbal,North Circle,FDR_008_HASH,DT_0053_HASH,RESIDENTIAL,3BHK_FAMILY,13.0405,77.5931,0,0,0,0,0,0,0,0,0,0,0,8.674698314793828,0,0,0,2.6024094944381484,NO_ALERT,,,,,,,0.0,1
MTR_000086_HASH,SP_000086_HASH,Electronic City,South Circle,FDR_007_HASH,DT_0052_HASH,SMALL_INDUSTRY,WELDING_WORKSHOP,12.8604,77.6716,0,0,0,0,0,0,1,0,0,0,0,78.92201252615814,1,1,0,36.676603757847445,CLUSTER_WATCHLIST,P3,Metering,Schedule meter health check,Low Power Factor,WELDING_WORKSHOP Electronic City SMALL_INDUSTRY meter,36.7,0.0,1
MTR_000087_HASH,SP_000087_HASH,Domlur,East Circle,FDR_002_HASH,DT_0002_HASH,COMMERCIAL,KIRANA_RETAIL_SHOP,12.9724,77.6433,0,0,0,0,0,0,1,0,0,0,0,20.197568618102025,0,1,0,14.059270585430607,NO_ALERT,,,,Low Power Factor,,,0.0,1
MTR_000088_HASH,SP_000088_HASH,Whitefield,East Circle,FDR_005_HASH,DT_0095_HASH,RESIDENTIAL,3BHK_FAMILY,12.9899,77.7545,0,0,0,0,0,0,0,0,0,0,0,6.134200240883536,0,0,0,1.8402600722650608,NO_ALERT,,,,,,,0.0,1
MTR_000089_HASH,SP_000089_HASH,Electronic City,South Circle,FDR_007_HASH,DT_0037_HASH,COMMERCIAL,KIRANA_RETAIL_SHOP,12.847,77.6803,0,0,0,0,0,0,0,0,0,0,0,16.190638364759057,0,0,0,4.857191509427717,NO_ALERT,,,,,,,0.0,1
MTR_000090_HASH,SP_000090_HASH,Indiranagar,East Circle,FDR_001_HASH,DT_0046_HASH,RESIDENTIAL,2BHK_SMALL_FAMILY,12.9655,77.6529,0,1,0,0,0,0,0,0,1,0,0,78.51063597210461,0,1,1,11.553190791631383,FALSE_POSITIVE_PREVENTED_GJ,,,,Reading Plateau,,,0.0,1
MTR_000091_HASH,SP_000091_HASH,Hebbal,North Circle,FDR_008_HASH,DT_0038_HASH,SMALL_INDUSTRY,GARMENT_UNIT,13.0572,77.5975,0,0,0,0,0,0,1,0,0,0,0,48.78803957835037,0,1,0,22.63641187350511,NO_ALERT,,,,Low Power Factor,,,0.0,1
MTR_000092_HASH,SP_000092_HASH,Whitefield,East Circle,FDR_005_HASH,DT_0050_HASH,RESIDENTIAL,4BHK_VILLA_HIGH_LOAD,12.9834,77.7514,0,0,0,0,0,0,0,0,1,0,0,16.777825846883044,0,0,1,0.0,FALSE_POSITIVE_PREVENTED_GJ,,,,,,,0.0,1
MTR_000093_HASH,SP_000093_HASH,Whitefield,East Circle,FDR_005_HASH,DT_0110_HASH,RESIDENTIAL,1BHK_SINGLE_OR_COUPLE,12.9665,77.7358,0,0,0,0,0,0,0,0,1,0,0,23.675800560819514,0,0,1,0.0,FALSE_POSITIVE_PREVENTED_GJ,,,,,,,0.0,1
MTR_000094_HASH,SP_000094_HASH,Electronic City,South Circle,FDR_007_HASH,DT_0082_HASH,RESIDENTIAL,PG_OR_HOSTEL,12.8382,77.6817,0,0,0,0,0,0,0,0,1,0,0,1.8854738984598884,0,0,1,0.0,FALSE_POSITIVE_PREVENTED_GJ,,,,,,,0.0,1
MTR_000095_HASH,SP_000095_HASH,Whitefield,East Circle,FDR_005_HASH,DT_0095_HASH,COMMERCIAL,KIRANA_RETAIL_SHOP,12.9694,77.7588,0,0,0,0,0,0,1,0,0,0,0,18.366706530301446,1,1,0,18.510011959090434,CLUSTER_WATCHLIST,P3,Metering,Schedule meter health check,Low Power Factor,KIRANA_RETAIL_SHOP Whitefield COMMERCIAL meter,18.5,0.0,1
MTR_000096_HASH,SP_000096_HASH,Domlur,East Circle,FDR_014_HASH,DT_0059_HASH,RESIDENTIAL,4BHK_VILLA_HIGH_LOAD,12.9664,77.6445,1,1,0,0,0,0,0,0,1,1,0,18.07073243264047,0,2,2,0.0,NO_ALERT,,,,Communication Failure + Reading Plateau,,,0.0,1
MTR_000097_HASH,SP_000097_HASH,KR Puram,East Circle,FDR_012_HASH,DT_0102_HASH,SMALL_INDUSTRY,GARMENT_UNIT,13.0043,77.7115,0,0,0,0,0,0,1,0,0,0,0,38.04205862537332,0,1,0,19.412617587611997,NO_ALERT,,,,Low Power Factor,,,0.0,1
MTR_000098_HASH,SP_000098_HASH,Indiranagar,East Circle,FDR_013_HASH,DT_0013_HASH,RESIDENTIAL,2BHK_SMALL_FAMILY,12.9894,77.6441,0,1,0,0,0,0,0,0,0,1,0,50.61703888302521,0,1,1,3.185111664907563,SOLAR_CONTEXT_SUPPRESSED,,,,Reading Plateau,,,0.0,1
MTR_000099_HASH,SP_000099_HASH,Koramangala,South Circle,FDR_004_HASH,DT_0079_HASH,SMALL_INDUSTRY,MACHINE_SHOP,12.9221,77.6283,0,0,0,0,0,0,1,0,0,0,0,92.34781011891468,1,1,0,40.7043430356744,CLUSTER_WATCHLIST,P3,Metering,Schedule meter health check,Low Power Factor,"MACHINE_SHOP Koramangala SMALL_INDUSTRY meter, dropped 19% consumption, 12-pt peer rank drop",40.7,0.0,1
MTR_000100_HASH,SP_000100_HASH,Indiranagar,East Circle,FDR_001_HASH,DT_0061_HASH,RESIDENTIAL,PG_OR_HOSTEL,12.9666,77.6471,0,0,0,0,0,0,0,0,0,0,0,13.902245040571104,0,0,0,4.170673512171331,NO_ALERT,,,,,,,0.0,1
MTR_000101_HASH,SP_000101_HASH,Koramangala,South Circle,FDR_004_HASH,DT_0064_HASH,COMMERCIAL,RESTAURANT_CAFE,12.9216,77.6224,0,0,0,0,0,1,1,0,0,0,0,20.171517247463644,0,2,0,32.051455174239095,MULTI_SIGNAL_CONFIRMED,P1,Vigilance,Schedule vigilance inspection within 7 days,After-Hours Commercial + Low Power Factor,RESTAURANT_CAFE Koramangala COMMERCIAL meter,36.1,0.0,1
MTR_000102_HASH,SP_000102_HASH,Rajajinagar,West Circle,FDR_011_HASH,DT_0101_HASH,COMMERCIAL,CLINIC,13.0061,77.5405,0,0,1,0,1,0,1,1,0,0,0,78.92709001181835,1,4,0,90.67812700354551,MULTI_SIGNAL_CONFIRMED,P1,Vigilance,Schedule vigilance inspection within 7 days,Peer Drift + Billing Cycle Drop + Low Power Factor + Tamper Event,"CLINIC Rajajinagar COMMERCIAL meter, dropped 53% consumption, 67-pt peer rank drop, 2 tamper events",99.0,2600.24,1
MTR_000103_HASH,SP_000103_HASH,Banashankari,South Circle,FDR_010_HASH,DT_0040_HASH,RESIDENTIAL,1BHK_SINGLE_OR_COUPLE,12.9136,77.5585,0,0,0,0,0,0,0,0,1,0,0,33.18903322751516,0,0,1,0.0,FALSE_POSITIVE_PREVENTED_GJ,,,,,,,0.0,1
MTR_000104_HASH,SP_000104_HASH,KR Puram,East Circle,FDR_012_HASH,DT_0117_HASH,RESIDENTIAL,1BHK_SINGLE_OR_COUPLE,12.9845,77.6906,0,0,0,0,0,0,0,0,1,0,0,1.9363428934527138,0,0,1,0.0,FALSE_POSITIVE_PREVENTED_GJ,,,,,,,0.0,1
MTR_000105_HASH,SP_000105_HASH,Rajajinagar,West Circle,FDR_011_HASH,DT_0011_HASH,RESIDENTIAL,1BHK_SINGLE_OR_COUPLE,12.9869,77.553,0,0,0,0,0,0,0,0,1,0,0,6.563101169949126,0,0,1,0.0,FALSE_POSITIVE_PREVENTED_GJ,,,,,,,0.0,1
MTR_000106_HASH,SP_000106_HASH,Hebbal,North Circle,FDR_008_HASH,DT_0113_HASH,APARTMENT_COMMON_AREA,GATED_COMMUNITY_COMMON_AREA,13.0274,77.6073,0,0,0,0,0,0,0,0,0,0,0,42.23879321457934,0,0,0,12.6716379643738,NO_ALERT,,,,,,,0.0,1
MTR_000107_HASH,SP_000107_HASH,KR Puram,East Circle,FDR_012_HASH,DT_0027_HASH,SMALL_INDUSTRY,SMALL_PACKAGING_UNIT,12.9976,77.684,0,0,0,0,0,0,1,0,0,0,0,34.229920723319985,0,1,0,18.268976216995995,NO_ALERT,,,,Low Power Factor,,,0.0,1
MTR_000108_HASH,SP_000108_HASH,Hebbal,North Circle,FDR_008_HASH,DT_0098_HASH,RESIDENTIAL,4BHK_VILLA_HIGH_LOAD,13.0515,77.5843,0,0,0,0,0,0,0,0,0,0,0,6.4734901225527715,0,0,0,1.9420470367658313,NO_ALERT,,,,,,,0.0,1
MTR_000109_HASH,SP_000109_HASH,Whitefield,East Circle,FDR_005_HASH,DT_0020_HASH,COMMERCIAL,RESTAURANT_CAFE,12.9683,77.756,0,0,0,0,0,0,1,0,0,0,0,12.153368120614106,0,1,0,11.64601043618423,NO_ALERT,,,,Low Power Factor,,,0.0,1
MTR_000110_HASH,SP_000110_HASH,Rajajinagar,West Circle,FDR_011_HASH,DT_0026_HASH,COMMERCIAL,SALON,12.9598,77.5706,0,0,0,0,0,0,0,0,0,0,0,15.99962140280542,0,0,0,4.799886420841626,NO_ALERT,,,,,,,0.0,1
MTR_000111_HASH,SP_000111_HASH,Rajajinagar,West Circle,FDR_011_HASH,DT_0116_HASH,RESIDENTIAL,2BHK_SMALL_FAMILY,12.9736,77.5514,0,0,0,0,0,0,0,0,1,0,0,2.6036752901584803,0,0,1,0.0,FALSE_POSITIVE_PREVENTED_GJ,,,,,,,0.0,1
MTR_000112_HASH,SP_000112_HASH,Banashankari,South Circle,FDR_010_HASH,DT_0055_HASH,RESIDENTIAL,2BHK_SMALL_FAMILY,12.9377,77.5419,0,0,0,0,0,0,0,0,1,0,0,7.209318656006792,0,0,1,0.0,FALSE_POSITIVE_PREVENTED_GJ,,,,,,,0.0,1
MTR_000113_HASH,SP_000113_HASH,Whitefield,East Circle,FDR_005_HASH,DT_0095_HASH,RESIDENTIAL,2BHK_SMALL_FAMILY,12.9618,77.7585,0,0,0,0,0,0,0,0,0,0,0,0.0,0,0,0,0.0,NO_ALERT,,,,,,,0.0,1
MTR_000114_HASH,SP_000114_HASH,Hebbal,North Circle,FDR_008_HASH,DT_0008_HASH,RESIDENTIAL,1BHK_SINGLE_OR_COUPLE,13.0401,77.5838,0,0,0,0,0,0,0,0,1,0,0,15.076644574080078,0,0,1,0.0,FALSE_POSITIVE_PREVENTED_GJ,,,,,,,0.0,1
MTR_000115_HASH,SP_000115_HASH,Peenya,North Circle,FDR_006_HASH,DT_0096_HASH,RESIDENTIAL,1BHK_SINGLE_OR_COUPLE,13.0328,77.5139,0,1,0,0,0,0,0,0,1,0,0,5.466274514425118,0,1,1,0.0,FALSE_POSITIVE_PREVENTED_GJ,,,,Reading Plateau,,,0.0,1
MTR_000116_HASH,SP_000116_HASH,Koramangala,South Circle,FDR_004_HASH,DT_0079_HASH,SMALL_INDUSTRY,MACHINE_SHOP,12.9299,77.622,0,0,0,0,0,0,1,0,0,0,0,38.00545355112386,1,1,0,24.401636065337158,CLUSTER_WATCHLIST,P3,Metering,Schedule meter health check,Low Power Factor,MACHINE_SHOP Koramangala SMALL_INDUSTRY meter,24.4,0.0,1
MTR_000117_HASH,SP_000117_HASH,Whitefield,East Circle,FDR_005_HASH,DT_0020_HASH,APARTMENT_COMMON_AREA,APARTMENT_COMMON_PUMP_LIFT,12.963,77.7547,0,0,0,0,0,0,0,0,0,0,0,19.896739783359507,0,0,0,5.969021935007852,NO_ALERT,,,,,,,0.0,1
MTR_000118_HASH,SP_000118_HASH,Domlur,East Circle,FDR_002_HASH,DT_0107_HASH,SMALL_INDUSTRY,COLD_STORAGE,12.9448,77.6538,0,0,0,0,0,0,1,0,0,0,0,70.84031827821575,0,1,0,29.252095483464725,NO_ALERT,,,,Low Power Factor,,,0.0,1
MTR_000119_HASH,SP_000119_HASH,Hebbal,North Circle,FDR_008_HASH,DT_0053_HASH,COMMERCIAL,RESTAURANT_CAFE,13.0176,77.6098,0,0,0,0,0,1,1,0,0,0,0,13.28732824838259,0,2,0,29.986198474514776,MULTI_SIGNAL_CONFIRMED,P1,Vigilance,Schedule vigilance inspection within 7 days,After-Hours Commercial + Low Power Factor,RESTAURANT_CAFE Hebbal COMMERCIAL meter,34.0,0.0,1
MTR_000120_HASH,SP_000120_HASH,Peenya,North Circle,FDR_006_HASH,DT_0111_HASH,SMALL_INDUSTRY,WELDING_WORKSHOP,13.0221,77.5061,0,0,0,0,0,0,1,0,0,0,0,33.91016755776385,0,1,0,18.173050267329153,NO_ALERT,,,,Low Power Factor,,,0.0,1
MTR_000121_HASH,SP_000121_HASH,Banashankari,South Circle,FDR_010_HASH,DT_0115_HASH,RESIDENTIAL,2BHK_SMALL_FAMILY,12.9398,77.5366,0,0,0,0,0,0,0,0,1,0,0,1.2894739477983252,0,0,1,0.0,FALSE_POSITIVE_PREVENTED_GJ,,,,,,,0.0,1
MTR_000122_HASH,SP_000122_HASH,Domlur,East Circle,FDR_014_HASH,DT_0089_HASH,COMMERCIAL,SMALL_OFFICE,12.9584,77.6404,0,0,0,0,0,0,1,0,0,0,0,15.64449227661563,1,1,0,17.693347682984687,CLUSTER_WATCHLIST,P3,Metering,Schedule meter health check,Low Power Factor,SMALL_OFFICE Domlur COMMERCIAL meter,17.7,0.0,1
MTR_000123_HASH,SP_000123_HASH,Domlur,East Circle,FDR_014_HASH,DT_0089_HASH,COMMERCIAL,KIRANA_RETAIL_SHOP,12.9594,77.6389,0,0,1,0,1,0,1,0,0,0,0,80.67478936936884,1,3,0,73.20243681081065,MULTI_SIGNAL_CONFIRMED,P1,Vigilance,Schedule vigilance inspection within 7 days,Peer Drift + Billing Cycle Drop + Low Power Factor,"KIRANA_RETAIL_SHOP Domlur COMMERCIAL meter, dropped 53% consumption, 86-pt peer rank drop",81.2,1754.08,1
MTR_000124_HASH,SP_000124_HASH,Indiranagar,East Circle,FDR_013_HASH,DT_0028_HASH,COMMERCIAL,SMALL_OFFICE,12.9812,77.6274,0,0,1,0,1,0,1,0,0,0,0,75.02727884153754,1,3,0,71.50818365246126,MULTI_SIGNAL_CONFIRMED,P1,Vigilance,Schedule vigilance inspection within 7 days,Peer Drift + Billing Cycle Drop + Low Power Factor,"SMALL_OFFICE Indiranagar COMMERCIAL meter, dropped 60% consumption, 67-pt peer rank drop",79.5,2711.76,1
MTR_000125_HASH,SP_000125_HASH,KR Puram,East Circle,FDR_012_HASH,DT_0042_HASH,RESIDENTIAL,2BHK_SMALL_FAMILY,13.0049,77.6768,0,1,0,0,0,0,0,0,0,0,1,38.742937392610045,0,1,1,0.0,EV_CONTEXT_SUPPRESSED,,,,Reading Plateau,,,0.0,1
MTR_000126_HASH,SP_000126_HASH,Banashankari,South Circle,FDR_010_HASH,DT_0085_HASH,RESIDENTIAL,2BHK_SMALL_FAMILY,12.9206,77.5312,0,0,0,0,0,0,0,0,0,0,0,7.341400941562992,0,0,0,2.2024202824688976,NO_ALERT,,,,,,,0.0,1
MTR_000127_HASH,SP_000127_HASH,Electronic City,South Circle,FDR_007_HASH,DT_0007_HASH,RESIDENTIAL,1BHK_SINGLE_OR_COUPLE,12.8436,77.672,0,0,0,0,0,0,0,0,1,0,0,1.6338956795861503,0,0,1,0.0,FALSE_POSITIVE_PREVENTED_GJ,,,,,,,0.0,1
MTR_000128_HASH,SP_000128_HASH,Hebbal,North Circle,FDR_008_HASH,DT_0068_HASH,PUBLIC_LIGHTING,STREET_LIGHTING_FEED,13.0263,77.6074,0,0,0,0,0,0,1,0,0,0,0,52.365639180732856,0,1,0,23.709691754219854,NO_ALERT,,,,Low Power Factor,,,0.0,1
MTR_000129_HASH,SP_000129_HASH,Jayanagar,South Circle,FDR_015_HASH,DT_0090_HASH,APARTMENT_COMMON_AREA,APARTMENT_COMMON_PUMP_LIFT,12.9186,77.6035,0,0,0,0,0,0,1,0,0,0,0,26.53223794281192,0,1,0,15.959671382843576,NO_ALERT,,,,Low Power Factor,,,0.0,1
MTR_000130_HASH,SP_000130_HASH,Banashankari,South Circle,FDR_010_HASH,DT_0040_HASH,COMMERCIAL,SUPERMARKET_MINI_MART,12.9224,77.5506,0,0,0,0,0,0,1,0,0,0,0,19.856543576249752,0,1,0,13.956963072874926,NO_ALERT,,,,Low Power Factor,,,0.0,1
MTR_000131_HASH,SP_000131_HASH,Peenya,North Circle,FDR_006_HASH,DT_0006_HASH,RESIDENTIAL,2BHK_SMALL_FAMILY,13.028,77.5261,0,0,0,0,0,0,0,0,1,0,0,2.2164536556856462,0,0,1,0.0,FALSE_POSITIVE_PREVENTED_GJ,,,,,,,0.0,1
MTR_000132_HASH,SP_000132_HASH,Hebbal,North Circle,FDR_008_HASH,DT_0008_HASH,RESIDENTIAL,2BHK_SMALL_FAMILY,13.0407,77.6095,0,0,1,0,1,0,0,0,0,0,0,92.69690183336716,1,2,0,68.80907055001015,MULTI_SIGNAL_CONFIRMED,P1,Vigilance,Schedule vigilance inspection within 7 days,Peer Drift + Billing Cycle Drop,"2BHK_SMALL_FAMILY Hebbal RESIDENTIAL meter, dropped 71% consumption, 57-pt peer rank drop",76.8,972.06,1
MTR_000133_HASH,SP_000133_HASH,Indiranagar,East Circle,FDR_001_HASH,DT_0061_HASH,RESIDENTIAL,3BHK_FAMILY,12.9973,77.6553,0,0,0,0,0,0,0,0,0,0,0,12.403777739262956,0,0,0,3.7211333217788867,NO_ALERT,,,,,,,0.0,1
MTR_000134_HASH,SP_000134_HASH,Whitefield,East Circle,FDR_005_HASH,DT_0035_HASH,RESIDENTIAL,4BHK_VILLA_HIGH_LOAD,12.9634,77.742,0,0,0,0,0,0,0,0,0,1,0,21.44878894731915,0,0,1,0.0,SOLAR_CONTEXT_SUPPRESSED,,,,,,,0.0,1
MTR_000135_HASH,SP_000135_HASH,Indiranagar,East Circle,FDR_013_HASH,DT_0043_HASH,COMMERCIAL,SMALL_OFFICE,12.9956,77.6199,0,0,0,0,0,0,1,0,0,0,0,24.645989634910016,0,1,0,15.393796890473006,NO_ALERT,,,,Low Power Factor,,,0.0,1
MTR_000136_HASH,SP_000136_HASH,KR Puram,East Circle,FDR_012_HASH,DT_0012_HASH,RESIDENTIAL,3BHK_FAMILY,13.0049,77.6914,0,0,0,0,0,0,0,0,0,0,1,38.253581424993676,0,0,1,0.0,EV_CONTEXT_SUPPRESSED,,,,,,,0.0,1
MTR_000137_HASH,SP_000137_HASH,Yelahanka,North Circle,FDR_009_HASH,DT_0054_HASH,RESIDENTIAL,2BHK_SMALL_FAMILY,13.0962,77.6009,0,0,0,0,0,0,0,0,1,0,0,2.76796004103248,0,0,1,0.0,FALSE_POSITIVE_PREVENTED_GJ,,,,,,,0.0,1
MTR_000138_HASH,SP_000138_HASH,Peenya,North Circle,FDR_006_HASH,DT_0051_HASH,RESIDENTIAL,3BHK_FAMILY,13.0236,77.5168,0,0,0,0,0,0,0,0,0,0,0,4.8340881411506835,0,0,0,1.450226442345205,NO_ALERT,,,,,,,0.0,1
MTR_000139_HASH,SP_000139_HASH,KR Puram,East Circle,FDR_012_HASH,DT_0102_HASH,RESIDENTIAL,1BHK_SINGLE_OR_COUPLE,12.9907,77.6981,0,0,0,0,0,0,0,0,1,0,0,6.543187165829001,0,0,1,0.0,FALSE_POSITIVE_PREVENTED_GJ,,,,,,,0.0,1
MTR_000140_HASH,SP_000140_HASH,Whitefield,East Circle,FDR_005_HASH,DT_0050_HASH,RESIDENTIAL,2BHK_SMALL_FAMILY,12.9543,77.7512,0,0,0,0,0,0,0,0,1,0,0,0.2551117510014689,0,0,1,0.0,FALSE_POSITIVE_PREVENTED_GJ,,,,,,,0.0,1
MTR_000141_HASH,SP_000141_HASH,Jayanagar,South Circle,FDR_003_HASH,DT_0048_HASH,COMMERCIAL,SALON,12.9336,77.6075,0,0,0,0,0,0,1,0,0,0,0,47.410039870346665,0,1,0,22.223011961104,NO_ALERT,,,,Low Power Factor,,,0.0,1
MTR_000142_HASH,SP_000142_HASH,KR Puram,East Circle,FDR_012_HASH,DT_0072_HASH,RESIDENTIAL,2BHK_SMALL_FAMILY,12.9981,77.6889,0,0,0,0,0,0,0,0,1,0,0,4.563356241393235,0,0,1,0.0,FALSE_POSITIVE_PREVENTED_GJ,,,,,,,0.0,1
MTR_000143_HASH,SP_000143_HASH,Whitefield,East Circle,FDR_005_HASH,DT_0080_HASH,RESIDENTIAL,1BHK_SINGLE_OR_COUPLE,12.9575,77.7494,0,1,0,0,0,0,0,0,1,0,0,14.847506845948356,0,1,1,0.0,FALSE_POSITIVE_PREVENTED_GJ,,,,Reading Plateau,,,0.0,1
MTR_000144_HASH,SP_000144_HASH,KR Puram,East Circle,FDR_012_HASH,DT_0117_HASH,RESIDENTIAL,1BHK_SINGLE_OR_COUPLE,13.0119,77.7148,0,0,0,0,0,0,0,0,1,0,0,2.6852190712062796,0,0,1,0.0,FALSE_POSITIVE_PREVENTED_GJ,,,,,,,0.0,1
MTR_000145_HASH,SP_000145_HASH,Jayanagar,South Circle,FDR_015_HASH,DT_0120_HASH,RESIDENTIAL,2BHK_SMALL_FAMILY,12.9003,77.5908,0,0,0,0,0,0,0,0,0,0,0,5.7221603116114235,0,0,0,1.716648093483427,NO_ALERT,,,,,,,0.0,1
MTR_000146_HASH,SP_000146_HASH,Jayanagar,South Circle,FDR_015_HASH,DT_0120_HASH,COMMERCIAL,SALON,12.9369,77.5839,0,0,0,0,0,0,1,0,0,0,0,14.210996906679874,1,1,0,17.26329907200396,CLUSTER_WATCHLIST,P3,Metering,Schedule meter health check,Low Power Factor,SALON Jayanagar COMMERCIAL meter,17.3,0.0,1
MTR_000147_HASH,SP_000147_HASH,Domlur,East Circle,FDR_002_HASH,DT_0032_HASH,COMMERCIAL,CLINIC,12.9553,77.6432,0,0,0,0,0,0,1,0,0,0,0,51.30674198033513,0,1,0,23.39202259410054,NO_ALERT,,,,Low Power Factor,,,0.0,1
MTR_000148_HASH,SP_000148_HASH,Whitefield,East Circle,FDR_005_HASH,DT_0035_HASH,APARTMENT_COMMON_AREA,APARTMENT_COMMON_PUMP_LIFT,12.9746,77.7514,0,0,0,0,0,0,1,0,0,0,0,21.903185187587837,0,1,0,14.57095555627635,NO_ALERT,,,,Low Power Factor,,,0.0,1
MTR_000149_HASH,SP_000149_HASH,Peenya,North Circle,FDR_006_HASH,DT_0021_HASH,SMALL_INDUSTRY,COLD_STORAGE,13.0367,77.508,0,0,0,0,0,0,1,0,0,0,0,89.09462513567593,0,1,0,34.72838754070278,NO_ALERT,,,,Low Power Factor,,,0.0,1
MTR_000150_HASH,SP_000150_HASH,KR Puram,East Circle,FDR_012_HASH,DT_0042_HASH,RESIDENTIAL,3BHK_FAMILY,13.0021,77.6912,0,1,0,0,0,0,0,0,0,1,0,29.950211569273378,0,1,1,0.0,SOLAR_CONTEXT_SUPPRESSED,,,,Reading Plateau,,,0.0,1
MTR_000151_HASH,SP_000151_HASH,Indiranagar,East Circle,FDR_013_HASH,DT_0073_HASH,PUBLIC_LIGHTING,STREET_LIGHTING_FEED,12.9854,77.653,0,1,0,0,0,0,1,0,0,0,0,69.21841013204211,0,2,0,36.76552303961263,SINGLE_SIGNAL_REVIEW,P2,Metering,Schedule meter health check,Reading Plateau + Low Power Factor,"STREET_LIGHTING_FEED Indiranagar PUBLIC_LIGHTING meter, dropped 1% consumption",36.8,8.94,1
MTR_000152_HASH,SP_000152_HASH,Whitefield,East Circle,FDR_005_HASH,DT_0020_HASH,RESIDENTIAL,PG_OR_HOSTEL,12.9701,77.7635,0,0,0,0,0,0,0,0,0,0,0,13.693646197044007,0,0,0,4.108093859113202,NO_ALERT,,,,,,,0.0,1
MTR_000153_HASH,SP_000153_HASH,Whitefield,East Circle,FDR_005_HASH,DT_0020_HASH,COMMERCIAL,KIRANA_RETAIL_SHOP,12.9663,77.7474,0,0,0,0,0,0,1,0,0,0,0,32.68855697616417,0,1,0,17.80656709284925,NO_ALERT,,,,Low Power Factor,,,0.0,1
MTR_000154_HASH,SP_000154_HASH,Rajajinagar,West Circle,FDR_011_HASH,DT_0071_HASH,RESIDENTIAL,2BHK_SMALL_FAMILY,12.9848,77.5536,0,0,0,0,0,0,0,0,0,0,0,1.6462614677340004,0,0,0,0.4938784403202001,NO_ALERT,,,,,,,0.0,1
MTR_000155_HASH,SP_000155_HASH,Electronic City,South Circle,FDR_007_HASH,DT_0082_HASH,RESIDENTIAL,3BHK_FAMILY,12.8361,77.6734,0,0,0,0,0,0,0,0,1,0,0,12.930561640928051,0,0,1,0.0,FALSE_POSITIVE_PREVENTED_GJ,,,,,,,0.0,1
MTR_000156_HASH,SP_000156_HASH,Whitefield,East Circle,FDR_005_HASH,DT_0035_HASH,RESIDENTIAL,2BHK_SMALL_FAMILY,12.9753,77.7497,0,0,0,0,0,0,0,0,0,0,0,0.8076254853825682,0,0,0,0.24228764561477045,NO_ALERT,,,,,,,0.0,1
MTR_000157_HASH,SP_000157_HASH,Domlur,East Circle,FDR_002_HASH,DT_0047_HASH,RESIDENTIAL,4BHK_VILLA_HIGH_LOAD,12.9695,77.6126,0,0,0,0,0,0,0,0,0,1,0,13.833208276152664,0,0,1,0.0,SOLAR_CONTEXT_SUPPRESSED,,,,,,,0.0,1
MTR_000158_HASH,SP_000158_HASH,Electronic City,South Circle,FDR_007_HASH,DT_0022_HASH,RESIDENTIAL,1BHK_SINGLE_OR_COUPLE,12.8405,77.6622,0,1,0,0,0,0,0,0,0,0,0,7.1552867534460995,0,1,0,10.14658602603383,NO_ALERT,,,,Reading Plateau,,,0.0,1
MTR_000159_HASH,SP_000159_HASH,Banashankari,South Circle,FDR_010_HASH,DT_0055_HASH,RESIDENTIAL,2BHK_SMALL_FAMILY,12.9257,77.5463,0,0,0,0,0,0,0,0,1,0,0,1.3906701499817764,0,0,1,0.0,FALSE_POSITIVE_PREVENTED_GJ,,,,,,,0.0,1
MTR_000160_HASH,SP_000160_HASH,Indiranagar,East Circle,FDR_001_HASH,DT_0031_HASH,COMMERCIAL,CLINIC,12.9871,77.6278,0,0,0,0,0,0,0,0,0,0,0,15.792997484418025,0,0,0,4.737899245325408,NO_ALERT,,,,,,,0.0,1
MTR_000161_HASH,SP_000161_HASH,Electronic City,South Circle,FDR_007_HASH,DT_0037_HASH,COMMERCIAL,SMALL_OFFICE,12.837,77.6762,0,0,0,0,0,0,1,0,0,0,0,13.189601822171703,0,1,0,11.956880546651512,NO_ALERT,,,,Low Power Factor,,,0.0,1
MTR_000162_HASH,SP_000162_HASH,Koramangala,South Circle,FDR_004_HASH,DT_0019_HASH,RESIDENTIAL,1BHK_SINGLE_OR_COUPLE,12.93,77.6372,0,0,0,0,0,0,0,0,0,0,0,26.364555600026552,0,0,0,7.909366680007965,NO_ALERT,,,,,,,0.0,1
MTR_000163_HASH,SP_000163_HASH,Banashankari,South Circle,FDR_010_HASH,DT_0070_HASH,COMMERCIAL,SMALL_OFFICE,12.922,77.5358,0,0,0,0,0,0,1,0,0,0,0,14.13289772128512,0,1,0,12.239869316385537,NO_ALERT,,,,Low Power Factor,,,0.0,1
MTR_000164_HASH,SP_000164_HASH,Electronic City,South Circle,FDR_007_HASH,DT_0022_HASH,RESIDENTIAL,1BHK_SINGLE_OR_COUPLE,12.8308,77.6821,0,0,0,0,0,0,0,0,1,0,0,0.23968900785217295,0,0,1,0.0,FALSE_POSITIVE_PREVENTED_GJ,,,,,,,0.0,1
MTR_000165_HASH,SP_000165_HASH,Whitefield,East Circle,FDR_005_HASH,DT_0020_HASH,APARTMENT_COMMON_AREA,GATED_COMMUNITY_COMMON_AREA,12.9819,77.7469,0,0,0,0,0,0,1,0,0,0,0,14.469327080687322,0,1,0,12.340798124206195,NO_ALERT,,,,Low Power Factor,,,0.0,1
MTR_000166_HASH,SP_000166_HASH,Whitefield,East Circle,FDR_005_HASH,DT_0020_HASH,COMMERCIAL,SUPERMARKET_MINI_MART,12.9691,77.7403,0,0,0,0,0,0,1,0,0,0,0,28.66418314823196,0,1,0,16.599254944469585,NO_ALERT,,,,Low Power Factor,,,0.0,1
MTR_000167_HASH,SP_000167_HASH,Banashankari,South Circle,FDR_010_HASH,DT_0085_HASH,RESIDENTIAL,3BHK_FAMILY,12.9225,77.5606,0,0,0,0,0,0,0,0,0,0,0,37.757863619243295,0,0,0,11.327359085772988,NO_ALERT,,,,,,,0.0,1
MTR_000168_HASH,SP_000168_HASH,Hebbal,North Circle,FDR_008_HASH,DT_0113_HASH,RESIDENTIAL,1BHK_SINGLE_OR_COUPLE,13.042,77.592,0,0,0,0,0,0,0,0,1,0,0,61.17078526190992,0,0,1,0.0,FALSE_POSITIVE_PREVENTED_GJ,,,,,,,0.0,1
MTR_000169_HASH,SP_000169_HASH,KR Puram,East Circle,FDR_012_HASH,DT_0042_HASH,RESIDENTIAL,2BHK_SMALL_FAMILY,13.0103,77.6962,0,0,0,0,0,0,0,0,1,0,0,5.006652407665879,0,0,1,0.0,FALSE_POSITIVE_PREVENTED_GJ,,,,,,,0.0,1
MTR_000170_HASH,SP_000170_HASH,Hebbal,North Circle,FDR_008_HASH,DT_0098_HASH,RESIDENTIAL,3BHK_FAMILY,13.0206,77.601,0,1,0,0,0,0,0,0,0,1,0,84.81105575739103,0,1,1,13.443316727217308,SOLAR_CONTEXT_SUPPRESSED,,,,Reading Plateau,,,0.0,1
MTR_000171_HASH,SP_000171_HASH,Rajajinagar,West Circle,FDR_011_HASH,DT_0101_HASH,RESIDENTIAL,3BHK_FAMILY,12.9983,77.5592,0,0,0,0,0,0,0,0,0,0,0,5.697854152647485,0,0,0,1.7093562457942455,NO_ALERT,,,,,,,0.0,1
MTR_000172_HASH,SP_000172_HASH,Rajajinagar,West Circle,FDR_011_HASH,DT_0086_HASH,RESIDENTIAL,1BHK_SINGLE_OR_COUPLE,12.9824,77.5442,0,0,0,0,0,0,0,0,1,0,0,1.8526377744115585,0,0,1,0.0,FALSE_POSITIVE_PREVENTED_GJ,,,,,,,0.0,1
MTR_000173_HASH,SP_000173_HASH,Indiranagar,East Circle,FDR_013_HASH,DT_0103_HASH,RESIDENTIAL,3BHK_FAMILY,12.9503,77.6591,0,0,0,0,1,0,0,0,1,0,0,75.43242859651039,0,1,1,20.62972857895312,SINGLE_SIGNAL_PROBABLE,P2,Vigilance,Schedule vigilance inspection within 7 days,Billing Cycle Drop,"3BHK_FAMILY Indiranagar RESIDENTIAL meter, dropped 67% consumption, 28-pt peer rank drop",44.6,1027.74,1
MTR_000174_HASH,SP_000174_HASH,Peenya,North Circle,FDR_006_HASH,DT_0066_HASH,SMALL_INDUSTRY,COLD_STORAGE,13.0313,77.5152,0,0,0,0,0,0,1,0,0,0,0,79.06362515001253,0,1,0,31.719087545003756,NO_ALERT,,,,Low Power Factor,,,0.0,1
MTR_000175_HASH,SP_000175_HASH,KR Puram,East Circle,FDR_012_HASH,DT_0102_HASH,RESIDENTIAL,1BHK_SINGLE_OR_COUPLE,12.987,77.7088,0,0,0,0,0,0,0,0,1,0,0,13.065908374685108,0,0,1,0.0,FALSE_POSITIVE_PREVENTED_GJ,,,,,,,0.0,1
MTR_000176_HASH,SP_000176_HASH,Yelahanka,North Circle,FDR_009_HASH,DT_0069_HASH,SMALL_INDUSTRY,WELDING_WORKSHOP,13.1015,77.6142,0,0,0,0,0,0,1,0,0,0,0,95.65609801640056,0,1,0,36.696829404920166,NO_ALERT,,,,Low Power Factor,,,0.0,1
MTR_000177_HASH,SP_000177_HASH,Hebbal,North Circle,FDR_008_HASH,DT_0023_HASH,APARTMENT_COMMON_AREA,APARTMENT_COMMON_PUMP_LIFT,13.0184,77.6057,0,0,0,0,0,0,1,0,0,0,0,13.003881101625092,0,1,0,11.901164330487529,NO_ALERT,,,,Low Power Factor,,,0.0,1
MTR_000178_HASH,SP_000178_HASH,Peenya,North Circle,FDR_006_HASH,DT_0096_HASH,RESIDENTIAL,3BHK_FAMILY,13.0386,77.5139,0,0,0,0,0,0,0,0,0,0,0,8.520497397109173,0,0,0,2.556149219132752,NO_ALERT,,,,,,,0.0,1
MTR_000179_HASH,SP_000179_HASH,Yelahanka,North Circle,FDR_009_HASH,DT_0024_HASH,RESIDENTIAL,3BHK_FAMILY,13.0975,77.6011,0,0,0,0,0,0,0,0,0,0,1,5.5408038401946635,0,0,1,0.0,EV_CONTEXT_SUPPRESSED,,,,,,,0.0,1
MTR_000180_HASH,SP_000180_HASH,Electronic City,South Circle,FDR_007_HASH,DT_0112_HASH,SMALL_INDUSTRY,WELDING_WORKSHOP,12.8342,77.6795,0,0,0,0,0,0,1,0,0,0,0,35.6024527044409,0,1,0,18.68073581133227,NO_ALERT,,,,Low Power Factor,,,0.0,1
MTR_000181_HASH,SP_000181_HASH,Peenya,North Circle,FDR_006_HASH,DT_0081_HASH,RESIDENTIAL,2BHK_SMALL_FAMILY,13.0231,77.5306,0,0,0,0,0,0,0,0,1,0,0,0.8593662589629347,0,0,1,0.0,FALSE_POSITIVE_PREVENTED_GJ,,,,,,,0.0,1
MTR_000182_HASH,SP_000182_HASH,Yelahanka,North Circle,FDR_009_HASH,DT_0069_HASH,RESIDENTIAL,3BHK_FAMILY,13.0888,77.6007,0,1,0,0,0,0,0,0,0,1,0,8.376320134611515,0,1,1,0.0,SOLAR_CONTEXT_SUPPRESSED,,,,Reading Plateau,,,0.0,1
MTR_000183_HASH,SP_000183_HASH,Electronic City,South Circle,FDR_007_HASH,DT_0082_HASH,RESIDENTIAL,2BHK_SMALL_FAMILY,12.8352,77.6664,0,0,0,0,0,0,0,0,1,0,0,16.576766400085774,0,0,1,0.0,FALSE_POSITIVE_PREVENTED_GJ,,,,,,,0.0,1
MTR_000184_HASH,SP_000184_HASH,Domlur,East Circle,FDR_002_HASH,DT_0092_HASH,COMMERCIAL,SUPERMARKET_MINI_MART,12.9757,77.6416,0,0,0,0,0,0,1,0,0,0,0,26.39094108013529,0,1,0,15.917282324040587,NO_ALERT,,,,Low Power Factor,,,0.0,1
MTR_000185_HASH,SP_000185_HASH,Jayanagar,South Circle,FDR_003_HASH,DT_0108_HASH,RESIDENTIAL,2BHK_SMALL_FAMILY,12.9282,77.5886,0,0,0,0,0,0,0,0,1,0,0,6.518332118385672,0,0,1,0.0,FALSE_POSITIVE_PREVENTED_GJ,,,,,,,0.0,1
MTR_000186_HASH,SP_000186_HASH,Domlur,East Circle,FDR_014_HASH,DT_0044_HASH,COMMERCIAL,KIRANA_RETAIL_SHOP,12.9419,77.646,0,0,0,0,0,0,1,0,0,0,0,15.747196491363447,0,1,0,12.724158947409034,NO_ALERT,,,,Low Power Factor,,,0.0,1
MTR_000187_HASH,SP_000187_HASH,Rajajinagar,West Circle,FDR_011_HASH,DT_0041_HASH,RESIDENTIAL,2BHK_SMALL_FAMILY,12.9978,77.55,0,1,0,0,0,0,0,0,1,0,0,68.53952618102733,0,1,1,8.561857854308197,FALSE_POSITIVE_PREVENTED_GJ,,,,Reading Plateau,,,0.0,1
MTR_000188_HASH,SP_000188_HASH,Whitefield,East Circle,FDR_005_HASH,DT_0020_HASH,APARTMENT_COMMON_AREA,APARTMENT_COMMON_PUMP_LIFT,12.9861,77.7437,0,0,0,0,0,0,1,0,0,0,0,21.66289168513519,0,1,0,14.498867505540556,NO_ALERT,,,,Low Power Factor,,,0.0,1
MTR_000189_HASH,SP_000189_HASH,Yelahanka,North Circle,FDR_009_HASH,DT_0039_HASH,RESIDENTIAL,1BHK_SINGLE_OR_COUPLE,13.1031,77.6173,0,0,0,0,0,0,0,0,0,0,0,6.583709380965363,0,0,0,1.9751128142896088,NO_ALERT,,,,,,,0.0,1
MTR_000190_HASH,SP_000190_HASH,Koramangala,South Circle,FDR_004_HASH,DT_0019_HASH,COMMERCIAL,RESTAURANT_CAFE,12.9435,77.6191,0,0,0,0,0,1,1,0,0,0,0,18.382496945473626,0,2,0,31.514749083642087,MULTI_SIGNAL_CONFIRMED,P1,Vigilance,Schedule vigilance inspection within 7 days,After-Hours Commercial + Low Power Factor,RESTAURANT_CAFE Koramangala COMMERCIAL meter,35.5,0.0,1
MTR_000191_HASH,SP_000191_HASH,Rajajinagar,West Circle,FDR_011_HASH,DT_0101_HASH,RESIDENTIAL,4BHK_VILLA_HIGH_LOAD,12.9795,77.5514,0,0,0,0,0,0,0,0,0,0,0,22.852934672043713,0,0,0,6.855880401613113,NO_ALERT,,,,,,,0.0,1
MTR_000192_HASH,SP_000192_HASH,Hebbal,North Circle,FDR_008_HASH,DT_0008_HASH,RESIDENTIAL,2BHK_SMALL_FAMILY,13.0397,77.5925,0,0,0,0,0,0,0,0,1,0,0,6.300251313197047,0,0,1,0.0,FALSE_POSITIVE_PREVENTED_GJ,,,,,,,0.0,1
MTR_000193_HASH,SP_000193_HASH,Rajajinagar,West Circle,FDR_011_HASH,DT_0101_HASH,SMALL_INDUSTRY,GARMENT_UNIT,13.003,77.5566,0,0,0,0,0,0,1,0,0,0,0,33.26053130524915,1,1,0,22.978159391574746,CLUSTER_WATCHLIST,P3,Metering,Schedule meter health check,Low Power Factor,GARMENT_UNIT Rajajinagar SMALL_INDUSTRY meter,23.0,0.0,1
MTR_000194_HASH,SP_000194_HASH,Electronic City,South Circle,FDR_007_HASH,DT_0082_HASH,RESIDENTIAL,3BHK_FAMILY,12.8396,77.6799,1,0,0,0,0,0,0,0,0,0,0,7.700970154838838,0,1,0,10.31029104645165,NO_ALERT,,,,Communication Failure,,,0.0,1
MTR_000195_HASH,SP_000195_HASH,Yelahanka,North Circle,FDR_009_HASH,DT_0099_HASH,RESIDENTIAL,3BHK_FAMILY,13.1111,77.5825,0,0,0,0,0,0,0,0,0,0,0,2.8163121265930013,0,0,0,0.8448936379779004,NO_ALERT,,,,,,,0.0,1
MTR_000196_HASH,SP_000196_HASH,Electronic City,South Circle,FDR_007_HASH,DT_0112_HASH,COMMERCIAL,RESTAURANT_CAFE,12.8306,77.6747,0,0,0,0,0,1,1,0,0,0,0,20.40907099419813,0,2,0,32.122721298259435,MULTI_SIGNAL_CONFIRMED,P1,Vigilance,Schedule vigilance inspection within 7 days,After-Hours Commercial + Low Power Factor,RESTAURANT_CAFE Electronic City COMMERCIAL meter,36.1,0.0,1
MTR_000197_HASH,SP_000197_HASH,Banashankari,South Circle,FDR_010_HASH,DT_0025_HASH,RESIDENTIAL,2BHK_SMALL_FAMILY,12.9333,77.5532,0,0,0,0,0,0,0,0,1,0,0,0.0946720635910947,0,0,1,0.0,FALSE_POSITIVE_PREVENTED_GJ,,,,,,,0.0,1
MTR_000198_HASH,SP_000198_HASH,Hebbal,North Circle,FDR_008_HASH,DT_0068_HASH,RESIDENTIAL,2BHK_SMALL_FAMILY,13.031,77.593,0,0,0,0,0,0,0,0,1,0,0,13.001099911231329,0,0,1,0.0,FALSE_POSITIVE_PREVENTED_GJ,,,,,,,0.0,1
MTR_000199_HASH,SP_000199_HASH,KR Puram,East Circle,FDR_012_HASH,DT_0117_HASH,RESIDENTIAL,2BHK_SMALL_FAMILY,13.0165,77.6943,0,0,0,0,0,0,0,0,0,1,0,13.589845726236515,0,0,1,0.0,SOLAR_CONTEXT_SUPPRESSED,,,,,,,0.0,1
MTR_000200_HASH,SP_000200_HASH,Indiranagar,East Circle,FDR_001_HASH,DT_0091_HASH,COMMERCIAL,KIRANA_RETAIL_SHOP,12.987,77.6352,0,0,0,0,0,0,1,0,0,0,0,15.466024467763273,0,1,0,12.639807340328982,NO_ALERT,,,,Low Power Factor,,,0.0,1
MTR_000201_HASH,SP_000201_HASH,Jayanagar,South Circle,FDR_003_HASH,DT_0048_HASH,RESIDENTIAL,3BHK_FAMILY,12.9258,77.5899,0,0,0,0,0,0,0,0,0,0,0,4.2603392319139015,0,0,0,1.2781017695741703,NO_ALERT,,,,,,,0.0,1
MTR_000202_HASH,SP_000202_HASH,Hebbal,North Circle,FDR_008_HASH,DT_0053_HASH,COMMERCIAL,RESTAURANT_CAFE,13.0148,77.598,0,0,0,0,0,1,1,0,0,0,0,11.671656903907513,0,2,0,29.501497071172253,MULTI_SIGNAL_CONFIRMED,P1,Vigilance,Schedule vigilance inspection within 7 days,After-Hours Commercial + Low Power Factor,RESTAURANT_CAFE Hebbal COMMERCIAL meter,33.5,0.0,1
MTR_000203_HASH,SP_000203_HASH,Electronic City,South Circle,FDR_007_HASH,DT_0082_HASH,SMALL_INDUSTRY,SMALL_PACKAGING_UNIT,12.8463,77.6968,0,0,0,0,0,0,1,0,0,0,0,43.82536043418758,0,1,0,21.147608130256273,NO_ALERT,,,,Low Power Factor,,,0.0,1
MTR_000204_HASH,SP_000204_HASH,Electronic City,South Circle,FDR_007_HASH,DT_0097_HASH,SMALL_INDUSTRY,GARMENT_UNIT,12.8378,77.6712,0,0,0,0,0,0,1,0,0,0,0,75.05987253505492,0,1,0,30.517961760516474,NO_ALERT,,,,Low Power Factor,,,0.0,1
MTR_000205_HASH,SP_000205_HASH,Koramangala,South Circle,FDR_004_HASH,DT_0019_HASH,COMMERCIAL,SUPERMARKET_MINI_MART,12.9361,77.6004,0,0,0,0,0,0,1,0,0,0,0,31.399357219870428,0,1,0,17.419807165961128,NO_ALERT,,,,Low Power Factor,,,0.0,1
MTR_000206_HASH,SP_000206_HASH,Electronic City,South Circle,FDR_007_HASH,DT_0067_HASH,SMALL_INDUSTRY,COLD_STORAGE,12.8308,77.6703,0,0,0,0,0,0,1,0,0,0,0,58.60750500472758,0,1,0,25.582251501418273,NO_ALERT,,,,Low Power Factor,,,0.0,1
MTR_000207_HASH,SP_000207_HASH,Peenya,North Circle,FDR_006_HASH,DT_0081_HASH,SMALL_INDUSTRY,GARMENT_UNIT,13.015,77.5194,0,0,0,0,0,0,1,0,0,0,0,82.6297173172959,0,1,0,32.788915195188764,NO_ALERT,,,,Low Power Factor,,,0.0,1
MTR_000208_HASH,SP_000208_HASH,Indiranagar,East Circle,FDR_013_HASH,DT_0088_HASH,RESIDENTIAL,3BHK_FAMILY,12.9845,77.6374,0,0,0,0,0,0,0,0,1,0,0,10.207499633155969,0,0,1,0.0,FALSE_POSITIVE_PREVENTED_GJ,,,,,,,0.0,1
MTR_000209_HASH,SP_000209_HASH,Indiranagar,East Circle,FDR_013_HASH,DT_0118_HASH,COMMERCIAL,RESTAURANT_CAFE,12.9726,77.6415,0,0,0,0,0,0,1,0,0,0,0,25.54094067979524,0,1,0,15.662282203938572,NO_ALERT,,,,Low Power Factor,,,0.0,1
MTR_000210_HASH,SP_000210_HASH,Yelahanka,North Circle,FDR_009_HASH,DT_0054_HASH,RESIDENTIAL,2BHK_SMALL_FAMILY,13.1052,77.5935,0,1,0,0,0,0,0,0,1,1,0,13.127333513313966,0,1,2,0.0,FALSE_POSITIVE_PREVENTED_GJ,,,,Reading Plateau,,,0.0,1
MTR_000211_HASH,SP_000211_HASH,Indiranagar,East Circle,FDR_013_HASH,DT_0013_HASH,COMMERCIAL,RESTAURANT_CAFE,12.9816,77.6393,0,0,0,0,0,0,1,0,0,0,0,14.901671009225614,0,1,0,12.470501302767683,NO_ALERT,,,,Low Power Factor,,,0.0,1
MTR_000212_HASH,SP_000212_HASH,Banashankari,South Circle,FDR_010_HASH,DT_0010_HASH,COMMERCIAL,BAKERY,12.9346,77.5574,0,0,0,0,0,0,1,0,0,0,0,11.447862143814403,0,1,0,11.434358643144321,NO_ALERT,,,,Low Power Factor,,,0.0,1
MTR_000213_HASH,SP_000213_HASH,Indiranagar,East Circle,FDR_013_HASH,DT_0043_HASH,RESIDENTIAL,3BHK_FAMILY,12.9855,77.639,0,0,0,0,0,0,0,0,1,0,0,10.911563115655575,0,0,1,0.0,FALSE_POSITIVE_PREVENTED_GJ,,,,,,,0.0,1
MTR_000214_HASH,SP_000214_HASH,Domlur,East Circle,FDR_002_HASH,DT_0077_HASH,RESIDENTIAL,2BHK_SMALL_FAMILY,12.945,77.6512,0,0,0,0,0,0,0,0,1,0,0,3.4804202076489044,0,0,1,0.0,FALSE_POSITIVE_PREVENTED_GJ,,,,,,,0.0,1
MTR_000215_HASH,SP_000215_HASH,Rajajinagar,West Circle,FDR_011_HASH,DT_0056_HASH,COMMERCIAL,SALON,12.9946,77.5569,0,0,0,0,0,0,1,0,0,0,0,13.568112543681398,0,1,0,12.070433763104418,NO_ALERT,,,,Low Power Factor,,,0.0,1
MTR_000216_HASH,SP_000216_HASH,Hebbal,North Circle,FDR_008_HASH,DT_0008_HASH,RESIDENTIAL,1BHK_SINGLE_OR_COUPLE,13.0465,77.603,0,0,0,0,0,0,0,0,1,0,0,14.573804909760856,0,0,1,0.0,FALSE_POSITIVE_PREVENTED_GJ,,,,,,,0.0,1
MTR_000217_HASH,SP_000217_HASH,Whitefield,East Circle,FDR_005_HASH,DT_0080_HASH,RESIDENTIAL,2BHK_SMALL_FAMILY,12.9719,77.7269,0,0,0,0,0,0,0,0,1,0,0,8.059252376982728,0,0,1,0.0,FALSE_POSITIVE_PREVENTED_GJ,,,,,,,0.0,1
MTR_000218_HASH,SP_000218_HASH,Hebbal,North Circle,FDR_008_HASH,DT_0008_HASH,RESIDENTIAL,3BHK_FAMILY,13.0267,77.5926,0,0,0,0,0,0,0,0,0,0,0,8.890683492803985,0,0,0,2.6672050478411955,NO_ALERT,,,,,,,0.0,1
MTR_000219_HASH,SP_000219_HASH,Indiranagar,East Circle,FDR_013_HASH,DT_0073_HASH,RESIDENTIAL,3BHK_FAMILY,12.9792,77.6246,0,0,0,0,0,0,0,0,0,0,0,6.634890641432712,0,0,0,1.9904671924298134,NO_ALERT,,,,,,,0.0,1
MTR_000220_HASH,SP_000220_HASH,Domlur,East Circle,FDR_014_HASH,DT_0089_HASH,COMMERCIAL,BAKERY,12.963,77.6378,0,0,0,0,0,1,1,0,0,0,0,19.72071772527787,1,2,0,36.916215317583365,MULTI_SIGNAL_CONFIRMED,P1,Vigilance,Schedule vigilance inspection within 7 days,After-Hours Commercial + Low Power Factor,BAKERY Domlur COMMERCIAL meter,40.9,0.0,1
MTR_000221_HASH,SP_000221_HASH,Domlur,East Circle,FDR_002_HASH,DT_0032_HASH,RESIDENTIAL,3BHK_FAMILY,12.9409,77.6275,0,0,0,0,0,0,0,0,1,0,0,6.259712879479274,0,0,1,0.0,FALSE_POSITIVE_PREVENTED_GJ,,,,,,,0.0,1
MTR_000222_HASH,SP_000222_HASH,Jayanagar,South Circle,FDR_015_HASH,DT_0045_HASH,RESIDENTIAL,4BHK_VILLA_HIGH_LOAD,12.9155,77.5932,0,0,0,0,0,0,0,0,1,0,0,12.725087525711942,0,0,1,0.0,FALSE_POSITIVE_PREVENTED_GJ,,,,,,,0.0,1
MTR_000223_HASH,SP_000223_HASH,Indiranagar,East Circle,FDR_001_HASH,DT_0106_HASH,COMMERCIAL,SMALL_OFFICE,12.9724,77.6488,0,0,0,0,0,0,1,0,0,0,0,25.00151594648995,0,1,0,15.500454783946985,NO_ALERT,,,,Low Power Factor,,,0.0,1
MTR_000224_HASH,SP_000224_HASH,Rajajinagar,West Circle,FDR_011_HASH,DT_0041_HASH,RESIDENTIAL,2BHK_SMALL_FAMILY,12.9881,77.5537,0,0,0,0,0,0,0,0,1,0,0,8.14872905796572,0,0,1,0.0,FALSE_POSITIVE_PREVENTED_GJ,,,,,,,0.0,1
MTR_000225_HASH,SP_000225_HASH,Koramangala,South Circle,FDR_004_HASH,DT_0079_HASH,RESIDENTIAL,3BHK_FAMILY,12.9307,77.6349,0,0,0,0,0,0,0,0,0,0,1,20.069575741288503,0,0,1,0.0,EV_CONTEXT_SUPPRESSED,,,,,,,0.0,1
MTR_000226_HASH,SP_000226_HASH,Indiranagar,East Circle,FDR_013_HASH,DT_0088_HASH,RESIDENTIAL,2BHK_SMALL_FAMILY,12.9755,77.652,0,0,0,0,0,0,0,0,1,0,0,13.432003869907682,0,0,1,0.0,FALSE_POSITIVE_PREVENTED_GJ,,,,,,,0.0,1
MTR_000227_HASH,SP_000227_HASH,Rajajinagar,West Circle,FDR_011_HASH,DT_0041_HASH,RESIDENTIAL,2BHK_SMALL_FAMILY,12.9884,77.5371,0,0,0,0,0,0,0,0,1,0,0,6.533746660322248,0,0,1,0.0,FALSE_POSITIVE_PREVENTED_GJ,,,,,,,0.0,1
MTR_000228_HASH,SP_000228_HASH,Koramangala,South Circle,FDR_004_HASH,DT_0034_HASH,RESIDENTIAL,3BHK_FAMILY,12.9445,77.6216,0,0,0,0,0,0,0,0,0,0,0,2.5773687461412287,0,0,0,0.7732106238423686,NO_ALERT,,,,,,,0.0,1
MTR_000229_HASH,SP_000229_HASH,KR Puram,East Circle,FDR_012_HASH,DT_0057_HASH,RESIDENTIAL,3BHK_FAMILY,13.0232,77.699,1,0,0,0,0,0,0,0,0,0,1,8.458525612976652,0,1,1,0.0,EV_CONTEXT_SUPPRESSED,,,,Communication Failure,,,0.0,1
MTR_000230_HASH,SP_000230_HASH,Peenya,North Circle,FDR_006_HASH,DT_0081_HASH,SMALL_INDUSTRY,WELDING_WORKSHOP,13.0178,77.5076,0,0,0,0,0,0,1,0,0,0,0,34.279475045315245,0,1,0,18.28384251359457,NO_ALERT,,,,Low Power Factor,,,0.0,1
MTR_000231_HASH,SP_000231_HASH,Yelahanka,North Circle,FDR_009_HASH,DT_0084_HASH,RESIDENTIAL,1BHK_SINGLE_OR_COUPLE,13.0848,77.5971,0,0,0,0,0,0,0,0,1,0,0,0.7779271799767562,0,0,1,0.0,FALSE_POSITIVE_PREVENTED_GJ,,,,,,,0.0,1
MTR_000232_HASH,SP_000232_HASH,Peenya,North Circle,FDR_006_HASH,DT_0096_HASH,RESIDENTIAL,PG_OR_HOSTEL,13.0342,77.5267,0,0,0,0,0,0,0,0,1,1,0,16.3664555578115,0,0,2,0.0,FALSE_POSITIVE_PREVENTED_GJ,,,,,,,0.0,1
MTR_000233_HASH,SP_000233_HASH,Rajajinagar,West Circle,FDR_011_HASH,DT_0056_HASH,COMMERCIAL,CLINIC,12.9721,77.5548,0,0,0,0,0,0,0,0,0,0,0,26.03616284090392,0,0,0,7.810848852271175,NO_ALERT,,,,,,,0.0,1
MTR_000234_HASH,SP_000234_HASH,Yelahanka,North Circle,FDR_009_HASH,DT_0024_HASH,SMALL_INDUSTRY,MACHINE_SHOP,13.0819,77.6047,0,0,0,0,0,0,1,0,0,0,0,54.165348768236775,0,1,0,24.249604630471033,NO_ALERT,,,,Low Power Factor,,,0.0,1
MTR_000235_HASH,SP_000235_HASH,Electronic City,South Circle,FDR_007_HASH,DT_0022_HASH,SMALL_INDUSTRY,SMALL_PACKAGING_UNIT,12.8594,77.6638,0,0,0,0,0,0,1,0,0,0,0,35.7792308679319,0,1,0,18.733769260379567,NO_ALERT,,,,Low Power Factor,,,0.0,1
MTR_000236_HASH,SP_000236_HASH,Domlur,East Circle,FDR_014_HASH,DT_0044_HASH,COMMERCIAL,SMALL_OFFICE,12.9496,77.6464,0,0,0,0,0,0,1,0,0,0,0,29.617844738450174,0,1,0,16.88535342153505,NO_ALERT,,,,Low Power Factor,,,0.0,1
MTR_000237_HASH,SP_000237_HASH,Koramangala,South Circle,FDR_004_HASH,DT_0034_HASH,COMMERCIAL,RESTAURANT_CAFE,12.9412,77.63,1,1,0,0,0,1,1,0,0,0,0,29.221088423079898,0,4,0,50.76632652692397,MULTI_SIGNAL_CONFIRMED,P1,IT/AMI,Verify communication module and data pipeline,Communication Failure + Reading Plateau + After-Hours Commercial + Low Power Factor,RESTAURANT_CAFE Koramangala COMMERCIAL meter,54.8,0.0,1
MTR_000238_HASH,SP_000238_HASH,Rajajinagar,West Circle,FDR_011_HASH,DT_0026_HASH,RESIDENTIAL,3BHK_FAMILY,12.9957,77.5592,0,0,0,0,0,0,0,0,1,0,0,5.1005883125111335,0,0,1,0.0,FALSE_POSITIVE_PREVENTED_GJ,,,,,,,0.0,1
MTR_000239_HASH,SP_000239_HASH,Whitefield,East Circle,FDR_005_HASH,DT_0065_HASH,RESIDENTIAL,PG_OR_HOSTEL,12.9828,77.737,0,0,0,0,0,0,0,0,0,0,0,17.408603801007537,0,0,0,5.222581140302261,NO_ALERT,,,,,,,0.0,1
MTR_000240_HASH,SP_000240_HASH,Indiranagar,East Circle,FDR_013_HASH,DT_0103_HASH,COMMERCIAL,RESTAURANT_CAFE,12.9887,77.6342,0,0,0,0,0,0,0,0,0,0,0,19.159884977696507,0,0,0,5.747965493308952,NO_ALERT,,,,,,,0.0,1
MTR_000241_HASH,SP_000241_HASH,KR Puram,East Circle,FDR_012_HASH,DT_0027_HASH,COMMERCIAL,KIRANA_RETAIL_SHOP,12.994,77.6976,0,0,0,0,0,0,1,0,0,0,0,15.156491681896355,0,1,0,12.546947504568905,NO_ALERT,,,,Low Power Factor,,,0.0,1
MTR_000242_HASH,SP_000242_HASH,Yelahanka,North Circle,FDR_009_HASH,DT_0009_HASH,RESIDENTIAL,4BHK_VILLA_HIGH_LOAD,13.1004,77.6036,0,0,0,0,0,0,0,0,1,0,0,4.862332286492233,0,0,1,0.0,FALSE_POSITIVE_PREVENTED_GJ,,,,,,,0.0,1
MTR_000243_HASH,SP_000243_HASH,Yelahanka,North Circle,FDR_009_HASH,DT_0024_HASH,RESIDENTIAL,2BHK_SMALL_FAMILY,13.1089,77.576,0,0,0,0,0,0,0,0,1,0,0,3.1575520816972458,0,0,1,0.0,FALSE_POSITIVE_PREVENTED_GJ,,,,,,,0.0,1
MTR_000244_HASH,SP_000244_HASH,Electronic City,South Circle,FDR_007_HASH,DT_0052_HASH,RESIDENTIAL,3BHK_FAMILY,12.8324,77.6863,0,0,1,0,0,0,0,0,0,0,0,38.870262040870564,1,1,0,34.66107861226117,SINGLE_SIGNAL_REVIEW,P2,Vigilance,Schedule vigilance inspection within 7 days,Peer Drift,"3BHK_FAMILY Electronic City RESIDENTIAL meter, dropped 26% consumption, 33-pt peer rank drop",38.7,447.42,1
MTR_000245_HASH,SP_000245_HASH,Yelahanka,North Circle,FDR_009_HASH,DT_0069_HASH,RESIDENTIAL,4BHK_VILLA_HIGH_LOAD,13.0976,77.6074,0,0,0,0,0,0,0,0,0,0,1,20.172616850870618,0,0,1,0.0,EV_CONTEXT_SUPPRESSED,,,,,,,0.0,1
MTR_000246_HASH,SP_000246_HASH,Jayanagar,South Circle,FDR_003_HASH,DT_0033_HASH,RESIDENTIAL,1BHK_SINGLE_OR_COUPLE,12.9292,77.6004,0,0,0,0,0,0,0,0,0,0,0,1.6972430773091185,0,0,0,0.5091729231927355,NO_ALERT,,,,,,,0.0,1
MTR_000247_HASH,SP_000247_HASH,Yelahanka,North Circle,FDR_009_HASH,DT_0009_HASH,PUBLIC_LIGHTING,STREET_LIGHTING_FEED,13.0859,77.6044,0,0,0,0,0,0,1,0,0,0,0,51.588363481982604,0,1,0,23.47650904459478,NO_ALERT,,,,Low Power Factor,,,0.0,1
MTR_000248_HASH,SP_000248_HASH,Peenya,North Circle,FDR_006_HASH,DT_0006_HASH,SMALL_INDUSTRY,MACHINE_SHOP,13.0322,77.5177,0,0,0,0,0,0,1,0,0,0,0,38.63752063240795,0,1,0,19.591256189722387,NO_ALERT,,,,Low Power Factor,,,0.0,1
MTR_000249_HASH,SP_000249_HASH,Banashankari,South Circle,FDR_010_HASH,DT_0085_HASH,RESIDENTIAL,4BHK_VILLA_HIGH_LOAD,12.9212,77.5349,0,0,0,0,0,0,0,0,0,0,0,56.29297832029112,0,0,0,16.887893496087337,NO_ALERT,,,,,,,0.0,1
MTR_000250_HASH,SP_000250_HASH,Whitefield,East Circle,FDR_005_HASH,DT_0095_HASH,RESIDENTIAL,3BHK_FAMILY,12.9722,77.756,0,0,1,0,1,0,0,1,0,0,0,95.53154279475604,1,3,0,87.6594628384268,MULTI_SIGNAL_CONFIRMED,P1,Vigilance,Schedule vigilance inspection within 7 days,Peer Drift + Billing Cycle Drop + Tamper Event,"3BHK_FAMILY Whitefield RESIDENTIAL meter, dropped 60% consumption, 75-pt peer rank drop, 3 tamper events",99.0,1702.32,1
MTR_000251_HASH,SP_000251_HASH,Koramangala,South Circle,FDR_004_HASH,DT_0079_HASH,RESIDENTIAL,3BHK_FAMILY,12.9459,77.6382,0,0,0,0,0,0,0,0,1,0,0,3.3205273527755264,0,0,1,0.0,FALSE_POSITIVE_PREVENTED_GJ,,,,,,,0.0,1
MTR_000252_HASH,SP_000252_HASH,Jayanagar,South Circle,FDR_015_HASH,DT_0015_HASH,RESIDENTIAL,3BHK_FAMILY,12.9226,77.5976,0,1,0,0,0,0,0,0,0,0,0,40.27475860737609,0,1,0,20.08242758221283,NO_ALERT,,,,Reading Plateau,,,0.0,1
MTR_000253_HASH,SP_000253_HASH,Jayanagar,South Circle,FDR_003_HASH,DT_0108_HASH,RESIDENTIAL,3BHK_FAMILY,12.9284,77.6013,0,1,0,0,0,0,0,0,0,0,1,22.501717452090787,0,1,1,0.0,EV_CONTEXT_SUPPRESSED,,,,Reading Plateau,,,0.0,1
MTR_000254_HASH,SP_000254_HASH,Banashankari,South Circle,FDR_010_HASH,DT_0040_HASH,RESIDENTIAL,3BHK_FAMILY,12.9167,77.5454,0,0,0,0,0,0,0,0,1,0,0,8.232692154561793,0,0,1,0.0,FALSE_POSITIVE_PREVENTED_GJ,,,,,,,0.0,1
MTR_000255_HASH,SP_000255_HASH,Peenya,North Circle,FDR_006_HASH,DT_0096_HASH,SMALL_INDUSTRY,SMALL_PACKAGING_UNIT,13.031,77.5194,0,0,0,0,0,0,1,0,0,0,0,86.3268049266878,0,1,0,33.898041478006334,NO_ALERT,,,,Low Power Factor,,,0.0,1
MTR_000256_HASH,SP_000256_HASH,Whitefield,East Circle,FDR_005_HASH,DT_0095_HASH,SMALL_INDUSTRY,COLD_STORAGE,12.9683,77.744,0,0,0,0,0,0,1,0,0,0,0,89.07079673784972,1,1,0,39.72123902135492,CLUSTER_WATCHLIST,P3,Metering,Schedule meter health check,Low Power Factor,COLD_STORAGE Whitefield SMALL_INDUSTRY meter,39.7,0.0,1
MTR_000257_HASH,SP_000257_HASH,Koramangala,South Circle,FDR_004_HASH,DT_0109_HASH,RESIDENTIAL,2BHK_SMALL_FAMILY,12.9368,77.6404,0,0,0,0,0,0,0,0,1,0,0,3.0515694948784255,0,0,1,0.0,FALSE_POSITIVE_PREVENTED_GJ,,,,,,,0.0,1
MTR_000258_HASH,SP_000258_HASH,Hebbal,North Circle,FDR_008_HASH,DT_0023_HASH,RESIDENTIAL,PG_OR_HOSTEL,13.0299,77.6064,0,0,0,0,0,0,0,0,0,0,0,2.1239952073384027,0,0,0,0.6371985622015208,NO_ALERT,,,,,,,0.0,1
MTR_000259_HASH,SP_000259_HASH,Koramangala,South Circle,FDR_004_HASH,DT_0019_HASH,RESIDENTIAL,2BHK_SMALL_FAMILY,12.9143,77.6143,1,0,0,0,0,0,0,0,1,0,0,2.5144802718090387,0,1,1,0.0,FALSE_POSITIVE_PREVENTED_GJ,,,,Communication Failure,,,0.0,1
MTR_000260_HASH,SP_000260_HASH,Whitefield,East Circle,FDR_005_HASH,DT_0080_HASH,RESIDENTIAL,2BHK_SMALL_FAMILY,12.9774,77.7668,0,0,0,0,0,0,0,0,1,0,0,3.3094810653811813,0,0,1,0.0,FALSE_POSITIVE_PREVENTED_GJ,,,,,,,0.0,1
MTR_000261_HASH,SP_000261_HASH,Whitefield,East Circle,FDR_005_HASH,DT_0020_HASH,RESIDENTIAL,4BHK_VILLA_HIGH_LOAD,12.9752,77.7546,0,0,0,0,0,0,0,0,0,0,1,22.842500252453046,0,0,1,0.0,EV_CONTEXT_SUPPRESSED,,,,,,,0.0,1
MTR_000262_HASH,SP_000262_HASH,Domlur,East Circle,FDR_002_HASH,DT_0017_HASH,COMMERCIAL,KIRANA_RETAIL_SHOP,12.9669,77.6327,0,0,0,0,0,0,1,0,0,0,0,19.748873114773925,1,1,0,18.924661934432176,CLUSTER_WATCHLIST,P3,Metering,Schedule meter health check,Low Power Factor,KIRANA_RETAIL_SHOP Domlur COMMERCIAL meter,18.9,0.0,1
MTR_000263_HASH,SP_000263_HASH,Electronic City,South Circle,FDR_007_HASH,DT_0082_HASH,COMMERCIAL,SMALL_OFFICE,12.8375,77.677,0,0,0,0,0,0,1,0,0,0,0,12.881831078508888,0,1,0,11.864549323552666,NO_ALERT,,,,Low Power Factor,,,0.0,1
MTR_000264_HASH,SP_000264_HASH,Domlur,East Circle,FDR_002_HASH,DT_0002_HASH,COMMERCIAL,SMALL_OFFICE,12.955,77.6239,0,0,0,0,0,0,0,0,0,0,0,16.45641068893654,0,0,0,4.936923206680961,NO_ALERT,,,,,,,0.0,1
MTR_000265_HASH,SP_000265_HASH,Domlur,East Circle,FDR_014_HASH,DT_0104_HASH,SMALL_INDUSTRY,GARMENT_UNIT,12.9532,77.6374,0,0,0,0,0,0,1,0,0,0,0,33.46712786228326,0,1,0,18.040138358684978,NO_ALERT,,,,Low Power Factor,,,0.0,1
MTR_000266_HASH,SP_000266_HASH,Indiranagar,East Circle,FDR_013_HASH,DT_0103_HASH,RESIDENTIAL,1BHK_SINGLE_OR_COUPLE,12.9711,77.6441,0,1,0,0,0,0,0,0,1,0,0,68.06545197834846,0,1,1,8.419635593504537,FALSE_POSITIVE_PREVENTED_GJ,,,,Reading Plateau,,,0.0,1
MTR_000267_HASH,SP_000267_HASH,KR Puram,East Circle,FDR_012_HASH,DT_0087_HASH,COMMERCIAL,SUPERMARKET_MINI_MART,13.0248,77.7065,0,0,0,0,0,0,0,0,0,0,0,24.016541472035236,0,0,0,7.20496244161057,NO_ALERT,,,,,,,0.0,1
MTR_000268_HASH,SP_000268_HASH,Whitefield,East Circle,FDR_005_HASH,DT_0050_HASH,SMALL_INDUSTRY,GARMENT_UNIT,12.9464,77.7504,0,0,0,0,0,0,1,0,0,0,0,65.0680884293264,0,1,0,27.520426528797916,NO_ALERT,,,,Low Power Factor,,,0.0,1
MTR_000269_HASH,SP_000269_HASH,Hebbal,North Circle,FDR_008_HASH,DT_0053_HASH,RESIDENTIAL,2BHK_SMALL_FAMILY,13.0317,77.6118,0,0,0,0,0,0,0,0,1,0,0,3.4079705797253945,0,0,1,0.0,FALSE_POSITIVE_PREVENTED_GJ,,,,,,,0.0,1
MTR_000270_HASH,SP_000270_HASH,Electronic City,South Circle,FDR_007_HASH,DT_0082_HASH,RESIDENTIAL,1BHK_SINGLE_OR_COUPLE,12.8404,77.6811,1,1,0,0,0,0,0,0,0,0,0,5.287409877342453,0,2,0,17.586222963202736,NO_ALERT,,,,Communication Failure + Reading Plateau,,,0.0,1
MTR_000271_HASH,SP_000271_HASH,Banashankari,South Circle,FDR_010_HASH,DT_0070_HASH,RESIDENTIAL,3BHK_FAMILY,12.9159,77.5455,0,0,0,0,0,0,0,0,0,0,0,3.144326580426926,0,0,0,0.9432979741280778,NO_ALERT,,,,,,,0.0,1
MTR_000272_HASH,SP_000272_HASH,Peenya,North Circle,FDR_006_HASH,DT_0066_HASH,RESIDENTIAL,2BHK_SMALL_FAMILY,13.0249,77.5171,0,0,0,0,0,0,0,0,0,0,0,0.5370933298458835,0,0,0,0.16112799895376506,NO_ALERT,,,,,,,0.0,1
MTR_000273_HASH,SP_000273_HASH,Koramangala,South Circle,FDR_004_HASH,DT_0049_HASH,COMMERCIAL,CLINIC,12.9289,77.6231,0,0,0,1,1,0,1,0,0,0,0,83.2123022013754,1,3,0,73.96369066041262,MULTI_SIGNAL_CONFIRMED,P1,Vigilance,Schedule vigilance inspection within 7 days,Sudden Drop + Billing Cycle Drop + Low Power Factor,"CLINIC Koramangala COMMERCIAL meter, dropped 71% consumption, 25-pt peer rank drop",82.0,2644.0,1
MTR_000274_HASH,SP_000274_HASH,Jayanagar,South Circle,FDR_015_HASH,DT_0105_HASH,RESIDENTIAL,3BHK_FAMILY,12.928,77.5981,0,0,0,0,0,0,0,0,1,0,0,9.033577647572233,0,0,1,0.0,FALSE_POSITIVE_PREVENTED_GJ,,,,,,,0.0,1
MTR_000275_HASH,SP_000275_HASH,Domlur,East Circle,FDR_014_HASH,DT_0014_HASH,RESIDENTIAL,3BHK_FAMILY,12.9568,77.6399,0,0,0,0,0,0,0,0,0,0,0,19.76179905884825,0,0,0,5.928539717654475,NO_ALERT,,,,,,,0.0,1
MTR_000276_HASH,SP_000276_HASH,Hebbal,North Circle,FDR_008_HASH,DT_0008_HASH,RESIDENTIAL,1BHK_SINGLE_OR_COUPLE,13.0397,77.5918,0,1,0,0,0,0,0,0,1,1,0,5.080518191773164,1,1,2,0.0,FALSE_POSITIVE_PREVENTED_GJ,,,,Reading Plateau,,,0.0,1
MTR_000277_HASH,SP_000277_HASH,Whitefield,East Circle,FDR_005_HASH,DT_0095_HASH,RESIDENTIAL,4BHK_VILLA_HIGH_LOAD,12.9827,77.7537,0,0,0,0,0,0,0,0,1,0,0,13.99341111065182,0,0,1,0.0,FALSE_POSITIVE_PREVENTED_GJ,,,,,,,0.0,1
MTR_000278_HASH,SP_000278_HASH,KR Puram,East Circle,FDR_012_HASH,DT_0057_HASH,RESIDENTIAL,3BHK_FAMILY,12.9947,77.6805,0,0,0,0,0,0,0,0,0,0,0,12.603134714740827,0,0,0,3.780940414422248,NO_ALERT,,,,,,,0.0,1
MTR_000279_HASH,SP_000279_HASH,Peenya,North Circle,FDR_006_HASH,DT_0096_HASH,COMMERCIAL,SMALL_OFFICE,13.0246,77.5162,0,0,0,0,0,0,1,0,0,0,0,23.929760557546377,0,1,0,15.178928167263912,NO_ALERT,,,,Low Power Factor,,,0.0,1
MTR_000280_HASH,SP_000280_HASH,KR Puram,East Circle,FDR_012_HASH,DT_0087_HASH,RESIDENTIAL,2BHK_SMALL_FAMILY,13.0006,77.684,0,0,0,0,0,0,0,0,1,0,0,6.628321217468391,0,0,1,0.0,FALSE_POSITIVE_PREVENTED_GJ,,,,,,,0.0,1
MTR_000281_HASH,SP_000281_HASH,Rajajinagar,West Circle,FDR_011_HASH,DT_0011_HASH,RESIDENTIAL,1BHK_SINGLE_OR_COUPLE,12.9861,77.5474,0,0,0,0,0,0,0,0,0,0,0,29.21542449912198,0,0,0,8.764627349736594,NO_ALERT,,,,,,,0.0,1
MTR_000282_HASH,SP_000282_HASH,Yelahanka,North Circle,FDR_009_HASH,DT_0114_HASH,SMALL_INDUSTRY,WELDING_WORKSHOP,13.105,77.5961,0,0,0,0,0,0,1,0,0,0,0,43.58814437608389,0,1,0,21.076443312825166,NO_ALERT,,,,Low Power Factor,,,0.0,1
MTR_000283_HASH,SP_000283_HASH,Jayanagar,South Circle,FDR_003_HASH,DT_0078_HASH,RESIDENTIAL,1BHK_SINGLE_OR_COUPLE,12.9272,77.598,0,0,0,0,0,0,0,0,1,0,0,2.1088493658455776,0,0,1,0.0,FALSE_POSITIVE_PREVENTED_GJ,,,,,,,0.0,1
MTR_000284_HASH,SP_000284_HASH,Banashankari,South Circle,FDR_010_HASH,DT_0010_HASH,RESIDENTIAL,2BHK_SMALL_FAMILY,12.9302,77.5455,0,0,0,0,0,0,0,0,0,1,0,15.477344718475782,0,0,1,0.0,SOLAR_CONTEXT_SUPPRESSED,,,,,,,0.0,1
MTR_000285_HASH,SP_000285_HASH,Koramangala,South Circle,FDR_004_HASH,DT_0064_HASH,PUBLIC_LIGHTING,STREET_LIGHTING_FEED,12.9226,77.6369,0,1,0,0,0,0,1,0,0,0,0,60.46522715990002,0,2,0,34.13956814797,NO_ALERT,,,,Reading Plateau + Low Power Factor,,,0.0,1
MTR_000286_HASH,SP_000286_HASH,Koramangala,South Circle,FDR_004_HASH,DT_0109_HASH,COMMERCIAL,KIRANA_RETAIL_SHOP,12.9379,77.6293,0,0,0,0,0,0,1,0,0,0,0,11.698072423155349,0,1,0,11.509421726946604,NO_ALERT,,,,Low Power Factor,,,0.0,1
MTR_000287_HASH,SP_000287_HASH,Banashankari,South Circle,FDR_010_HASH,DT_0085_HASH,RESIDENTIAL,PG_OR_HOSTEL,12.8962,77.5685,0,0,0,0,0,0,0,0,0,0,0,5.618897455586591,0,0,0,1.6856692366759773,NO_ALERT,,,,,,,0.0,1
MTR_000288_HASH,SP_000288_HASH,KR Puram,East Circle,FDR_012_HASH,DT_0102_HASH,RESIDENTIAL,2BHK_SMALL_FAMILY,12.9994,77.698,0,0,0,0,0,0,0,0,1,0,0,9.149654124376427,0,0,1,0.0,FALSE_POSITIVE_PREVENTED_GJ,,,,,,,0.0,1
MTR_000289_HASH,SP_000289_HASH,Rajajinagar,West Circle,FDR_011_HASH,DT_0116_HASH,COMMERCIAL,KIRANA_RETAIL_SHOP,13.0119,77.5611,0,0,0,0,1,0,1,0,0,0,0,59.14204747259932,0,2,0,43.7426142417798,MULTI_SIGNAL_CONFIRMED,P1,Vigilance,Schedule vigilance inspection within 7 days,Billing Cycle Drop + Low Power Factor,"KIRANA_RETAIL_SHOP Rajajinagar COMMERCIAL meter, dropped 59% consumption",47.7,1300.8,1
MTR_000290_HASH,SP_000290_HASH,Yelahanka,North Circle,FDR_009_HASH,DT_0099_HASH,RESIDENTIAL,4BHK_VILLA_HIGH_LOAD,13.1157,77.6004,0,0,0,0,0,0,0,0,0,0,0,21.484818908482307,0,0,0,6.445445672544692,NO_ALERT,,,,,,,0.0,1
MTR_000291_HASH,SP_000291_HASH,Hebbal,North Circle,FDR_008_HASH,DT_0113_HASH,RESIDENTIAL,1BHK_SINGLE_OR_COUPLE,13.0386,77.6054,0,1,0,0,0,0,0,0,1,0,0,11.584891143708642,0,1,1,0.0,FALSE_POSITIVE_PREVENTED_GJ,,,,Reading Plateau,,,0.0,1
MTR_000292_HASH,SP_000292_HASH,Hebbal,North Circle,FDR_008_HASH,DT_0038_HASH,RESIDENTIAL,3BHK_FAMILY,13.0329,77.6043,0,0,0,0,0,0,0,0,0,0,0,6.495849087370265,0,0,0,1.9487547262110794,NO_ALERT,,,,,,,0.0,1
MTR_000293_HASH,SP_000293_HASH,KR Puram,East Circle,FDR_012_HASH,DT_0057_HASH,RESIDENTIAL,2BHK_SMALL_FAMILY,12.9996,77.6649,0,0,0,0,0,0,0,0,1,0,0,30.16115258614259,0,0,1,0.0,FALSE_POSITIVE_PREVENTED_GJ,,,,,,,0.0,1
MTR_000294_HASH,SP_000294_HASH,Koramangala,South Circle,FDR_004_HASH,DT_0109_HASH,RESIDENTIAL,3BHK_FAMILY,12.9331,77.6314,0,0,0,0,0,0,0,0,0,0,0,8.021198009815967,0,0,0,2.40635940294479,NO_ALERT,,,,,,,0.0,1
MTR_000295_HASH,SP_000295_HASH,Indiranagar,East Circle,FDR_013_HASH,DT_0043_HASH,RESIDENTIAL,1BHK_SINGLE_OR_COUPLE,12.9797,77.6635,0,0,0,0,0,0,0,0,0,0,0,2.6907535497127766,0,0,0,0.807226064913833,NO_ALERT,,,,,,,0.0,1
MTR_000296_HASH,SP_000296_HASH,Whitefield,East Circle,FDR_005_HASH,DT_0080_HASH,RESIDENTIAL,4BHK_VILLA_HIGH_LOAD,12.9849,77.7543,0,0,0,0,0,0,0,0,0,0,0,10.927374823535207,0,0,0,3.278212447060562,NO_ALERT,,,,,,,0.0,1
MTR_000297_HASH,SP_000297_HASH,Whitefield,East Circle,FDR_005_HASH,DT_0035_HASH,COMMERCIAL,SUPERMARKET_MINI_MART,12.9728,77.7559,0,0,0,0,0,0,1,0,0,0,0,19.99410369482517,0,1,0,13.998231108447552,NO_ALERT,,,,Low Power Factor,,,0.0,1
MTR_000298_HASH,SP_000298_HASH,KR Puram,East Circle,FDR_012_HASH,DT_0027_HASH,RESIDENTIAL,PG_OR_HOSTEL,13.0268,77.6926,0,0,0,0,0,0,0,0,0,0,0,4.868066822052263,0,0,0,1.460420046615679,NO_ALERT,,,,,,,0.0,1
MTR_000299_HASH,SP_000299_HASH,Domlur,East Circle,FDR_014_HASH,DT_0029_HASH,SMALL_INDUSTRY,COLD_STORAGE,12.9552,77.6523,0,0,0,0,0,0,1,0,0,0,0,100.0,0,1,0,38.0,NO_ALERT,,,,Low Power Factor,,,0.0,1
MTR_000300_HASH,SP_000300_HASH,KR Puram,East Circle,FDR_012_HASH,DT_0027_HASH,RESIDENTIAL,3BHK_FAMILY,13.0105,77.7022,0,0,0,0,0,0,0,0,0,0,1,28.288199326194174,0,0,1,0.0,EV_CONTEXT_SUPPRESSED,,,,,,,0.0,1
MTR_000301_HASH,SP_000301_HASH,Peenya,North Circle,FDR_006_HASH,DT_0066_HASH,SMALL_INDUSTRY,SMALL_PACKAGING_UNIT,13.0272,77.5137,0,0,0,0,0,0,1,0,0,0,0,63.77602762527557,0,1,0,27.13280828758267,NO_ALERT,,,,Low Power Factor,,,0.0,1
MTR_000302_HASH,SP_000302_HASH,Domlur,East Circle,FDR_014_HASH,DT_0059_HASH,COMMERCIAL,KIRANA_RETAIL_SHOP,12.9606,77.655,0,0,0,0,0,0,1,0,0,0,0,18.20891189368502,0,1,0,13.462673568105505,NO_ALERT,,,,Low Power Factor,,,0.0,1
MTR_000303_HASH,SP_000303_HASH,KR Puram,East Circle,FDR_012_HASH,DT_0057_HASH,RESIDENTIAL,PG_OR_HOSTEL,13.0098,77.697,0,0,0,0,0,0,0,0,0,1,0,10.008923748245014,0,0,1,0.0,SOLAR_CONTEXT_SUPPRESSED,,,,,,,0.0,1
MTR_000304_HASH,SP_000304_HASH,Indiranagar,East Circle,FDR_001_HASH,DT_0016_HASH,APARTMENT_COMMON_AREA,GATED_COMMUNITY_COMMON_AREA,12.9767,77.6354,0,0,0,0,0,0,0,0,0,0,0,28.18836111157332,0,0,0,8.456508333471996,NO_ALERT,,,,,,,0.0,1
MTR_000305_HASH,SP_000305_HASH,Electronic City,South Circle,FDR_007_HASH,DT_0097_HASH,RESIDENTIAL,2BHK_SMALL_FAMILY,12.8444,77.6648,0,0,0,0,0,0,0,0,0,0,0,29.80296685859797,0,0,0,8.94089005757939,NO_ALERT,,,,,,,0.0,1
MTR_000306_HASH,SP_000306_HASH,Jayanagar,South Circle,FDR_015_HASH,DT_0075_HASH,COMMERCIAL,SMALL_OFFICE,12.9381,77.5793,1,0,0,0,0,0,1,0,0,0,0,16.141684231324295,0,2,0,20.84250526939729,NO_ALERT,,,,Communication Failure + Low Power Factor,,,0.0,1
MTR_000307_HASH,SP_000307_HASH,Jayanagar,South Circle,FDR_003_HASH,DT_0093_HASH,COMMERCIAL,SMALL_OFFICE,12.9272,77.5844,0,0,0,0,0,0,0,0,0,0,0,26.713220748559575,0,0,0,8.013966224567872,NO_ALERT,,,,,,,0.0,1
MTR_000308_HASH,SP_000308_HASH,Indiranagar,East Circle,FDR_013_HASH,DT_0013_HASH,RESIDENTIAL,2BHK_SMALL_FAMILY,12.9882,77.6472,0,0,0,0,0,0,0,0,0,0,0,7.296322182750825,0,0,0,2.1888966548252475,NO_ALERT,,,,,,,0.0,1
MTR_000309_HASH,SP_000309_HASH,Hebbal,North Circle,FDR_008_HASH,DT_0083_HASH,APARTMENT_COMMON_AREA,APARTMENT_COMMON_PUMP_LIFT,13.0435,77.603,0,0,0,0,0,0,0,0,0,0,1,23.26819005663907,0,0,1,0.0,EV_CONTEXT_SUPPRESSED,,,,,,,0.0,1
MTR_000310_HASH,SP_000310_HASH,Yelahanka,North Circle,FDR_009_HASH,DT_0054_HASH,RESIDENTIAL,2BHK_SMALL_FAMILY,13.1101,77.5753,0,0,0,0,0,0,0,0,1,0,0,0.4685929426170743,0,0,1,0.0,FALSE_POSITIVE_PREVENTED_GJ,,,,,,,0.0,1
MTR_000311_HASH,SP_000311_HASH,Rajajinagar,West Circle,FDR_011_HASH,DT_0056_HASH,RESIDENTIAL,2BHK_SMALL_FAMILY,12.9841,77.5587,0,0,0,0,0,0,0,0,0,0,0,8.342013569022566,0,0,0,2.5026040707067696,NO_ALERT,,,,,,,0.0,1
MTR_000312_HASH,SP_000312_HASH,Koramangala,South Circle,FDR_004_HASH,DT_0034_HASH,RESIDENTIAL,2BHK_SMALL_FAMILY,12.929,77.6516,0,0,0,0,0,0,0,0,1,0,0,22.45879887941893,0,0,1,0.0,FALSE_POSITIVE_PREVENTED_GJ,,,,,,,0.0,1
MTR_000313_HASH,SP_000313_HASH,Indiranagar,East Circle,FDR_013_HASH,DT_0088_HASH,COMMERCIAL,SALON,12.978,77.6442,0,0,0,0,0,0,1,0,0,0,0,12.37206170521693,0,1,0,11.711618511565078,NO_ALERT,,,,Low Power Factor,,,0.0,1
MTR_000314_HASH,SP_000314_HASH,Yelahanka,North Circle,FDR_009_HASH,DT_0069_HASH,RESIDENTIAL,2BHK_SMALL_FAMILY,13.1018,77.5921,1,0,0,0,0,0,0,0,0,0,0,9.496029386384464,0,1,0,10.848808815915339,NO_ALERT,,,,Communication Failure,,,0.0,1
MTR_000315_HASH,SP_000315_HASH,KR Puram,East Circle,FDR_012_HASH,DT_0012_HASH,COMMERCIAL,SUPERMARKET_MINI_MART,13.0048,77.7014,0,0,0,0,0,0,1,0,0,0,0,19.81922442712538,1,1,0,18.945767328137613,CLUSTER_WATCHLIST,P3,Metering,Schedule meter health check,Low Power Factor,SUPERMARKET_MINI_MART KR Puram COMMERCIAL meter,18.9,0.0,1
MTR_000316_HASH,SP_000316_HASH,Banashankari,South Circle,FDR_010_HASH,DT_0085_HASH,RESIDENTIAL,2BHK_SMALL_FAMILY,12.9293,77.541,0,0,0,0,0,0,0,0,1,0,0,1.8063796076442484,0,0,1,0.0,FALSE_POSITIVE_PREVENTED_GJ,,,,,,,0.0,1
MTR_000317_HASH,SP_000317_HASH,Rajajinagar,West Circle,FDR_011_HASH,DT_0071_HASH,COMMERCIAL,CLINIC,12.976,77.5545,0,0,0,0,0,0,1,0,0,0,0,26.41268445833892,0,1,0,15.923805337501676,NO_ALERT,,,,Low Power Factor,,,0.0,1
MTR_000318_HASH,SP_000318_HASH,Domlur,East Circle,FDR_002_HASH,DT_0092_HASH,RESIDENTIAL,3BHK_FAMILY,12.9557,77.628,0,0,0,0,0,0,0,0,1,0,0,6.509670286887781,0,0,1,0.0,FALSE_POSITIVE_PREVENTED_GJ,,,,,,,0.0,1
MTR_000319_HASH,SP_000319_HASH,Peenya,North Circle,FDR_006_HASH,DT_0066_HASH,RESIDENTIAL,2BHK_SMALL_FAMILY,13.032,77.5182,0,0,0,0,0,0,0,0,1,0,0,8.243436562863128,0,0,1,0.0,FALSE_POSITIVE_PREVENTED_GJ,,,,,,,0.0,1
MTR_000320_HASH,SP_000320_HASH,Hebbal,North Circle,FDR_008_HASH,DT_0083_HASH,RESIDENTIAL,2BHK_SMALL_FAMILY,13.036,77.5873,0,0,0,0,0,0,0,0,1,0,0,15.416494752246578,0,0,1,0.0,FALSE_POSITIVE_PREVENTED_GJ,,,,,,,0.0,1
MTR_000321_HASH,SP_000321_HASH,Koramangala,South Circle,FDR_004_HASH,DT_0019_HASH,RESIDENTIAL,4BHK_VILLA_HIGH_LOAD,12.9283,77.6117,0,0,0,0,0,0,0,0,1,0,0,5.495612488348877,0,0,1,0.0,FALSE_POSITIVE_PREVENTED_GJ,,,,,,,0.0,1
MTR_000322_HASH,SP_000322_HASH,Koramangala,South Circle,FDR_004_HASH,DT_0004_HASH,RESIDENTIAL,2BHK_SMALL_FAMILY,12.9435,77.6125,0,0,0,0,0,0,0,0,1,0,0,5.763117806925788,0,0,1,0.0,FALSE_POSITIVE_PREVENTED_GJ,,,,,,,0.0,1
MTR_000323_HASH,SP_000323_HASH,Domlur,East Circle,FDR_002_HASH,DT_0107_HASH,SMALL_INDUSTRY,WELDING_WORKSHOP,12.9477,77.6406,0,0,0,0,0,0,1,0,0,0,0,38.11566034441808,0,1,0,19.434698103325424,NO_ALERT,,,,Low Power Factor,,,0.0,1
MTR_000324_HASH,SP_000324_HASH,Indiranagar,East Circle,FDR_013_HASH,DT_0028_HASH,RESIDENTIAL,4BHK_VILLA_HIGH_LOAD,12.9829,77.6214,0,0,0,0,0,0,0,0,0,0,0,10.081444488898272,0,0,0,3.0244333466694817,NO_ALERT,,,,,,,0.0,1
MTR_000325_HASH,SP_000325_HASH,Yelahanka,North Circle,FDR_009_HASH,DT_0039_HASH,RESIDENTIAL,3BHK_FAMILY,13.0929,77.5819,0,0,0,0,0,0,0,0,1,0,0,14.564209572617592,0,0,1,0.0,FALSE_POSITIVE_PREVENTED_GJ,,,,,,,0.0,1
MTR_000326_HASH,SP_000326_HASH,Jayanagar,South Circle,FDR_003_HASH,DT_0078_HASH,APARTMENT_COMMON_AREA,GATED_COMMUNITY_COMMON_AREA,12.909,77.6011,0,0,0,0,0,0,1,0,0,0,0,16.827250453581545,0,1,0,13.048175136074462,NO_ALERT,,,,Low Power Factor,,,0.0,1
MTR_000327_HASH,SP_000327_HASH,Yelahanka,North Circle,FDR_009_HASH,DT_0009_HASH,RESIDENTIAL,PG_OR_HOSTEL,13.0917,77.5942,0,0,0,0,0,0,0,0,0,0,0,2.5057115132999686,0,0,0,0.7517134539899906,NO_ALERT,,,,,,,0.0,1
MTR_000328_HASH,SP_000328_HASH,Yelahanka,North Circle,FDR_009_HASH,DT_0069_HASH,RESIDENTIAL,2BHK_SMALL_FAMILY,13.0856,77.5984,0,0,0,0,0,0,0,0,0,0,0,27.844621335619546,0,0,0,8.353386400685864,NO_ALERT,,,,,,,0.0,1
MTR_000329_HASH,SP_000329_HASH,Jayanagar,South Circle,FDR_003_HASH,DT_0093_HASH,RESIDENTIAL,1BHK_SINGLE_OR_COUPLE,12.9138,77.5737,0,0,0,0,0,0,0,0,0,0,0,0.6050711421420996,0,0,0,0.18152134264262987,NO_ALERT,,,,,,,0.0,1
MTR_000330_HASH,SP_000330_HASH,Rajajinagar,West Circle,FDR_011_HASH,DT_0116_HASH,RESIDENTIAL,1BHK_SINGLE_OR_COUPLE,12.991,77.5545,0,1,0,0,0,0,0,0,1,1,0,15.269994186340885,0,1,2,0.0,FALSE_POSITIVE_PREVENTED_GJ,,,,Reading Plateau,,,0.0,1
MTR_000331_HASH,SP_000331_HASH,Koramangala,South Circle,FDR_004_HASH,DT_0079_HASH,COMMERCIAL,RESTAURANT_CAFE,12.937,77.6178,0,0,0,0,0,0,1,0,0,0,0,12.842081153608353,1,1,0,16.852624346082507,CLUSTER_WATCHLIST,P3,Metering,Schedule meter health check,Low Power Factor,RESTAURANT_CAFE Koramangala COMMERCIAL meter,16.9,0.0,1
MTR_000332_HASH,SP_000332_HASH,Domlur,East Circle,FDR_014_HASH,DT_0059_HASH,COMMERCIAL,SMALL_OFFICE,12.9696,77.6358,0,0,0,0,0,0,1,0,0,0,0,20.58326209398883,0,1,0,14.174978628196648,NO_ALERT,,,,Low Power Factor,,,0.0,1
MTR_000333_HASH,SP_000333_HASH,Hebbal,North Circle,FDR_008_HASH,DT_0008_HASH,SMALL_INDUSTRY,COLD_STORAGE,13.0506,77.5865,0,0,0,0,0,0,1,0,0,0,0,53.30836122599558,1,1,0,28.992508367798674,CLUSTER_WATCHLIST,P3,Metering,Schedule meter health check,Low Power Factor,COLD_STORAGE Hebbal SMALL_INDUSTRY meter,29.0,0.0,1
MTR_000334_HASH,SP_000334_HASH,Whitefield,East Circle,FDR_005_HASH,DT_0050_HASH,RESIDENTIAL,1BHK_SINGLE_OR_COUPLE,12.9784,77.7528,0,0,0,0,0,0,0,0,0,0,0,6.5602310728976825,0,0,0,1.9680693218693046,NO_ALERT,,,,,,,0.0,1
MTR_000335_HASH,SP_000335_HASH,Whitefield,East Circle,FDR_005_HASH,DT_0050_HASH,RESIDENTIAL,2BHK_SMALL_FAMILY,12.9716,77.7391,0,0,0,0,0,0,0,0,1,0,0,0.29754005287124796,0,0,1,0.0,FALSE_POSITIVE_PREVENTED_GJ,,,,,,,0.0,1
MTR_000336_HASH,SP_000336_HASH,Hebbal,North Circle,FDR_008_HASH,DT_0083_HASH,RESIDENTIAL,3BHK_FAMILY,13.0425,77.5766,0,0,0,0,0,0,0,0,0,0,0,7.96031015116484,0,0,0,2.388093045349452,NO_ALERT,,,,,,,0.0,1
MTR_000337_HASH,SP_000337_HASH,Electronic City,South Circle,FDR_007_HASH,DT_0022_HASH,RESIDENTIAL,2BHK_SMALL_FAMILY,12.8668,77.6782,0,0,0,0,0,0,0,0,0,0,0,26.751037838106683,0,0,0,8.025311351432004,NO_ALERT,,,,,,,0.0,1
MTR_000338_HASH,SP_000338_HASH,Jayanagar,South Circle,FDR_015_HASH,DT_0090_HASH,APARTMENT_COMMON_AREA,GATED_COMMUNITY_COMMON_AREA,12.9085,77.6145,0,0,0,0,0,0,0,0,0,0,0,23.612121147526032,0,0,0,7.083636344257809,NO_ALERT,,,,,,,0.0,1
MTR_000339_HASH,SP_000339_HASH,Whitefield,East Circle,FDR_005_HASH,DT_0110_HASH,COMMERCIAL,KIRANA_RETAIL_SHOP,12.9746,77.77,0,1,1,0,1,0,1,1,0,0,0,82.54046159530236,1,5,0,99.76213847859071,MULTI_SIGNAL_CONFIRMED,P1,Vigilance,Schedule vigilance inspection within 7 days,Reading Plateau + Peer Drift + Billing Cycle Drop + Low Power Factor + Tamper Event,"KIRANA_RETAIL_SHOP Whitefield COMMERCIAL meter, dropped 62% consumption, 33-pt peer rank drop, 2 tamper events",99.0,742.24,1
MTR_000340_HASH,SP_000340_HASH,Jayanagar,South Circle,FDR_003_HASH,DT_0048_HASH,COMMERCIAL,BAKERY,12.9303,77.5927,0,0,0,0,0,0,1,0,0,0,0,25.16450776266289,0,1,0,15.549352328798866,NO_ALERT,,,,Low Power Factor,,,0.0,1
MTR_000341_HASH,SP_000341_HASH,Whitefield,East Circle,FDR_005_HASH,DT_0050_HASH,RESIDENTIAL,2BHK_SMALL_FAMILY,12.9715,77.7541,0,0,0,0,0,0,0,0,1,0,0,5.31201189270657,0,0,1,0.0,FALSE_POSITIVE_PREVENTED_GJ,,,,,,,0.0,1
MTR_000342_HASH,SP_000342_HASH,Domlur,East Circle,FDR_014_HASH,DT_0014_HASH,COMMERCIAL,KIRANA_RETAIL_SHOP,12.964,77.6464,0,0,0,0,0,0,1,0,0,0,0,17.042966667561423,1,1,0,18.112890000268425,CLUSTER_WATCHLIST,P3,Metering,Schedule meter health check,Low Power Factor,KIRANA_RETAIL_SHOP Domlur COMMERCIAL meter,18.1,0.0,1
MTR_000343_HASH,SP_000343_HASH,Yelahanka,North Circle,FDR_009_HASH,DT_0069_HASH,RESIDENTIAL,4BHK_VILLA_HIGH_LOAD,13.1052,77.5984,0,0,0,0,0,0,0,0,0,0,0,12.027916458093724,0,0,0,3.608374937428117,NO_ALERT,,,,,,,0.0,1
MTR_000344_HASH,SP_000344_HASH,Koramangala,South Circle,FDR_004_HASH,DT_0079_HASH,COMMERCIAL,KIRANA_RETAIL_SHOP,12.9301,77.636,0,0,0,0,0,0,1,0,0,0,0,9.446170827832978,1,1,0,15.833851248349893,CLUSTER_WATCHLIST,P3,Metering,Schedule meter health check,Low Power Factor,KIRANA_RETAIL_SHOP Koramangala COMMERCIAL meter,15.8,0.0,1
MTR_000345_HASH,SP_000345_HASH,KR Puram,East Circle,FDR_012_HASH,DT_0102_HASH,COMMERCIAL,KIRANA_RETAIL_SHOP,13.0171,77.6974,0,0,0,0,0,0,1,0,0,0,0,14.55708827841683,0,1,0,12.367126483525048,NO_ALERT,,,,Low Power Factor,,,0.0,1
MTR_000346_HASH,SP_000346_HASH,Domlur,East Circle,FDR_014_HASH,DT_0029_HASH,RESIDENTIAL,2BHK_SMALL_FAMILY,12.9714,77.637,0,0,0,0,0,0,0,0,1,0,0,9.122391606174185,0,0,1,0.0,FALSE_POSITIVE_PREVENTED_GJ,,,,,,,0.0,1
MTR_000347_HASH,SP_000347_HASH,Yelahanka,North Circle,FDR_009_HASH,DT_0054_HASH,RESIDENTIAL,4BHK_VILLA_HIGH_LOAD,13.1083,77.6085,0,0,0,0,0,0,0,0,1,0,0,7.133299805477044,0,0,1,0.0,FALSE_POSITIVE_PREVENTED_GJ,,,,,,,0.0,1
MTR_000348_HASH,SP_000348_HASH,Yelahanka,North Circle,FDR_009_HASH,DT_0009_HASH,RESIDENTIAL,2BHK_SMALL_FAMILY,13.1123,77.6006,0,0,0,0,0,0,0,0,0,0,0,1.0155221816586124,0,0,0,0.3046566544975837,NO_ALERT,,,,,,,0.0,1
MTR_000349_HASH,SP_000349_HASH,Rajajinagar,West Circle,FDR_011_HASH,DT_0056_HASH,RESIDENTIAL,1BHK_SINGLE_OR_COUPLE,13.0023,77.5495,0,1,0,0,0,0,0,0,1,0,0,27.651738175983088,0,1,1,0.0,FALSE_POSITIVE_PREVENTED_GJ,,,,Reading Plateau,,,0.0,1
MTR_000350_HASH,SP_000350_HASH,KR Puram,East Circle,FDR_012_HASH,DT_0102_HASH,RESIDENTIAL,2BHK_SMALL_FAMILY,13.0032,77.6973,0,1,0,0,0,0,0,0,1,0,0,4.51779639511396,0,1,1,0.0,FALSE_POSITIVE_PREVENTED_GJ,,,,Reading Plateau,,,0.0,1
MTR_000351_HASH,SP_000351_HASH,Peenya,North Circle,FDR_006_HASH,DT_0081_HASH,COMMERCIAL,RESTAURANT_CAFE,13.0129,77.5303,0,0,0,0,0,0,1,0,0,0,0,18.633951175015152,0,1,0,13.590185352504545,NO_ALERT,,,,Low Power Factor,,,0.0,1
MTR_000352_HASH,SP_000352_HASH,Domlur,East Circle,FDR_002_HASH,DT_0077_HASH,COMMERCIAL,SUPERMARKET_MINI_MART,12.963,77.6312,0,0,0,0,0,0,1,0,0,0,0,18.78759573347142,0,1,0,13.636278720041425,NO_ALERT,,,,Low Power Factor,,,0.0,1
MTR_000353_HASH,SP_000353_HASH,Electronic City,South Circle,FDR_007_HASH,DT_0007_HASH,COMMERCIAL,SMALL_OFFICE,12.8414,77.6769,0,0,0,0,0,0,1,0,0,0,0,19.27472742418158,0,1,0,13.782418227254475,NO_ALERT,,,,Low Power Factor,,,0.0,1
MTR_000354_HASH,SP_000354_HASH,Hebbal,North Circle,FDR_008_HASH,DT_0113_HASH,RESIDENTIAL,1BHK_SINGLE_OR_COUPLE,13.025,77.5915,0,0,0,0,0,0,0,0,0,0,0,0.5919056798740274,0,0,0,0.17757170396220823,NO_ALERT,,,,,,,0.0,1
MTR_000355_HASH,SP_000355_HASH,Electronic City,South Circle,FDR_007_HASH,DT_0007_HASH,RESIDENTIAL,2BHK_SMALL_FAMILY,12.8651,77.6722,0,0,0,0,0,0,0,0,0,0,0,13.454523223553727,0,0,0,4.0363569670661175,NO_ALERT,,,,,,,0.0,1
MTR_000356_HASH,SP_000356_HASH,Electronic City,South Circle,FDR_007_HASH,DT_0097_HASH,RESIDENTIAL,2BHK_SMALL_FAMILY,12.8196,77.665,0,1,0,0,0,0,0,0,1,0,0,16.10240380760257,0,1,1,0.0,FALSE_POSITIVE_PREVENTED_GJ,,,,Reading Plateau,,,0.0,1
MTR_000357_HASH,SP_000357_HASH,Koramangala,South Circle,FDR_004_HASH,DT_0004_HASH,COMMERCIAL,CLINIC,12.9377,77.6245,0,0,0,0,0,0,1,0,0,0,0,14.740235343734899,0,1,0,12.42207060312047,NO_ALERT,,,,Low Power Factor,,,0.0,1
MTR_000358_HASH,SP_000358_HASH,Hebbal,North Circle,FDR_008_HASH,DT_0068_HASH,RESIDENTIAL,PG_OR_HOSTEL,13.0175,77.5892,0,0,0,0,0,0,0,0,0,0,0,2.5074065804660095,0,0,0,0.7522219741398029,NO_ALERT,,,,,,,0.0,1
MTR_000359_HASH,SP_000359_HASH,Whitefield,East Circle,FDR_005_HASH,DT_0095_HASH,RESIDENTIAL,2BHK_SMALL_FAMILY,12.9574,77.7645,1,0,0,0,0,0,0,0,1,0,0,4.706997616276487,1,1,1,0.0,FALSE_POSITIVE_PREVENTED_GJ,,,,Communication Failure,,,0.0,1
MTR_000360_HASH,SP_000360_HASH,Koramangala,South Circle,FDR_004_HASH,DT_0034_HASH,COMMERCIAL,KIRANA_RETAIL_SHOP,12.922,77.6258,0,0,0,0,0,0,1,0,0,0,0,11.894866731348596,0,1,0,11.56846001940458,NO_ALERT,,,,Low Power Factor,,,0.0,1
