matrix_row,meter_id_hash,service_point_id_hash,feeder_id_hash,dt_id_hash,locality,consumer_category,premise_subtype
0,MTR_000001_HASH,SP_000001_HASH,FDR_012_HASH,DT_0012_HASH,KR Puram,RESIDENTIAL,3BHK_FAMILY
1,MTR_000002_HASH,SP_000002_HASH,FDR_008_HASH,DT_0023_HASH,Hebbal,RESIDENTIAL,2BHK_SMALL_FAMILY
2,MTR_000003_HASH,SP_000003_HASH,FDR_007_HASH,DT_0037_HASH,Electronic City,RESIDENTIAL,2BHK_SMALL_FAMILY
3,MTR_000004_HASH,SP_000004_HASH,FDR_014_HASH,DT_0119_HASH,Domlur,RESIDENTIAL,3BHK_FAMILY
4,MTR_000005_HASH,SP_000005_HASH,FDR_013_HASH,DT_0073_HASH,Indiranagar,RESIDENTIAL,2BHK_SMALL_FAMILY
5,MTR_000006_HASH,SP_000006_HASH,FDR_010_HASH,DT_0070_HASH,Banashankari,COMMERCIAL,SMALL_OFFICE
6,MTR_000007_HASH,SP_000007_HASH,FDR_012_HASH,DT_0042_HASH,KR Puram,RESIDENTIAL,1BHK_SINGLE_OR_COUPLE
7,MTR_000008_HASH,SP_000008_HASH,FDR_009_HASH,DT_0069_HASH,Yelahanka,SMALL_INDUSTRY,WELDING_WORKSHOP
8,MTR_000009_HASH,SP_000009_HASH,FDR_007_HASH,DT_0067_HASH,Electronic City,COMMERCIAL,CLINIC
9,MTR_000010_HASH,SP_000010_HASH,FDR_012_HASH,DT_0027_HASH,KR Puram,APARTMENT_COMMON_AREA,APARTMENT_COMMON_PUMP_LIFT
10,MTR_000011_HASH,SP_000011_HASH,FDR_006_HASH,DT_0036_HASH,Peenya,COMMERCIAL,CLINIC
11,MTR_000012_HASH,SP_000012_HASH,FDR_007_HASH,DT_0067_HASH,Electronic City,RESIDENTIAL,2BHK_SMALL_FAMILY
12,MTR_000013_HASH,SP_000013_HASH,FDR_011_HASH,DT_0101_HASH,Rajajinagar,SMALL_INDUSTRY,MACHINE_SHOP
13,MTR_000014_HASH,SP_000014_HASH,FDR_004_HASH,DT_0079_HASH,Koramangala,RESIDENTIAL,1BHK_SINGLE_OR_COUPLE
14,MTR_000015_HASH,SP_000015_HASH,FDR_008_HASH,DT_0008_HASH,Hebbal,RESIDENTIAL,4BHK_VILLA_HIGH_LOAD
15,MTR_000016_HASH,SP_000016_HASH,FDR_006_HASH,DT_0021_HASH,Peenya,SMALL_INDUSTRY,GARMENT_UNIT
16,MTR_000017_HASH,SP_000017_HASH,FDR_012_HASH,DT_0072_HASH,KR Puram,RESIDENTIAL,4BHK_VILLA_HIGH_LOAD
17,MTR_000018_HASH,SP_000018_HASH,FDR_004_HASH,DT_0079_HASH,Koramangala,COMMERCIAL,SALON
18,MTR_000019_HASH,SP_000019_HASH,FDR_002_HASH,DT_0032_HASH,Domlur,PUBLIC_LIGHTING,STREET_LIGHTING_FEED
19,MTR_000020_HASH,SP_000020_HASH,FDR_002_HASH,DT_0047_HASH,Domlur,RESIDENTIAL,1BHK_SINGLE_OR_COUPLE
20,MTR_000021_HASH,SP_000021_HASH,FDR_005_HASH,DT_0050_HASH,Whitefield,RESIDENTIAL,PG_OR_HOSTEL
21,MTR_000022_HASH,SP_000022_HASH,FDR_015_HASH,DT_0105_HASH,Jayanagar,COMMERCIAL,RESTAURANT_CAFE
22,MTR_000023_HASH,SP_000023_HASH,FDR_002_HASH,DT_0002_HASH,Domlur,RESIDENTIAL,PG_OR_HOSTEL
23,MTR_000024_HASH,SP_000024_HASH,FDR_015_HASH,DT_0075_HASH,Jayanagar,RESIDENTIAL,2BHK_SMALL_FAMILY
24,MTR_000025_HASH,SP_000025_HASH,FDR_003_HASH,DT_0048_HASH,Jayanagar,RESIDENTIAL,3BHK_FAMILY
25,MTR_000026_HASH,SP_000026_HASH,FDR_010_HASH,DT_0100_HASH,Banashankari,RESIDENTIAL,3BHK_FAMILY
26,MTR_000027_HASH,SP_000027_HASH,FDR_002_HASH,DT_0017_HASH,Domlur,COMMERCIAL,BAKERY
27,MTR_000028_HASH,SP_000028_HASH,FDR_008_HASH,DT_0068_HASH,Hebbal,RESIDENTIAL,2BHK_SMALL_FAMILY
28,MTR_000029_HASH,SP_000029_HASH,FDR_004_HASH,DT_0109_HASH,Koramangala,COMMERCIAL,SUPERMARKET_MINI_MART
29,MTR_000030_HASH,SP_000030_HASH,FDR_014_HASH,DT_0014_HASH,Domlur,COMMERCIAL,SMALL_OFFICE
30,MTR_000031_HASH,SP_000031_HASH,FDR_011_HASH,DT_0116_HASH,Rajajinagar,RESIDENTIAL,1BHK_SINGLE_OR_COUPLE
31,MTR_000032_HASH,SP_000032_HASH,FDR_011_HASH,DT_0116_HASH,Rajajinagar,SMALL_INDUSTRY,GARMENT_UNIT
32,MTR_000033_HASH,SP_000033_HASH,FDR_009_HASH,DT_0054_HASH,Yelahanka,RESIDENTIAL,2BHK_SMALL_FAMILY
33,MTR_000034_HASH,SP_000034_HASH,FDR_013_HASH,DT_0088_HASH,Indiranagar,RESIDENTIAL,3BHK_FAMILY
34,MTR_000035_HASH,SP_000035_HASH,FDR_011_HASH,DT_0116_HASH,Rajajinagar,RESIDENTIAL,4BHK_VILLA_HIGH_LOAD
35,MTR_000036_HASH,SP_000036_HASH,FDR_003_HASH,DT_0063_HASH,Jayanagar,PUBLIC_LIGHTING,STREET_LIGHTING_FEED
36,MTR_000037_HASH,SP_000037_HASH,FDR_014_HASH,DT_0014_HASH,Domlur,COMMERCIAL,SALON
37,MTR_000038_HASH,SP_000038_HASH,FDR_012_HASH,DT_0057_HASH,KR Puram,RESIDENTIAL,3BHK_FAMILY
38,MTR_000039_HASH,SP_000039_HASH,FDR_012_HASH,DT_0027_HASH,KR Puram,COMMERCIAL,SMALL_OFFICE
39,MTR_000040_HASH,SP_000040_HASH,FDR_011_HASH,DT_0041_HASH,Rajajinagar,COMMERCIAL,RESTAURANT_CAFE
40,MTR_000041_HASH,SP_000041_HASH,FDR_009_HASH,DT_0114_HASH,Yelahanka,APARTMENT_COMMON_AREA,APARTMENT_COMMON_PUMP_LIFT
41,MTR_000042_HASH,SP_000042_HASH,FDR_013_HASH,DT_0028_HASH,Indiranagar,RESIDENTIAL,2BHK_SMALL_FAMILY
42,MTR_000043_HASH,SP_000043_HASH,FDR_005_HASH,DT_0065_HASH,Whitefield,RESIDENTIAL,1BHK_SINGLE_OR_COUPLE
43,MTR_000044_HASH,SP_000044_HASH,FDR_005_HASH,DT_0020_HASH,Whitefield,APARTMENT_COMMON_AREA,APARTMENT_COMMON_PUMP_LIFT
44,MTR_000045_HASH,SP_000045_HASH,FDR_008_HASH,DT_0038_HASH,Hebbal,RESIDENTIAL,1BHK_SINGLE_OR_COUPLE
45,MTR_000046_HASH,SP_000046_HASH,FDR_012_HASH,DT_0042_HASH,KR Puram,RESIDENTIAL,2BHK_SMALL_FAMILY
46,MTR_000047_HASH,SP_000047_HASH,FDR_009_HASH,DT_0069_HASH,Yelahanka,APARTMENT_COMMON_AREA,APARTMENT_COMMON_PUMP_LIFT
47,MTR_000048_HASH,SP_000048_HASH,FDR_015_HASH,DT_0120_HASH,Jayanagar,RESIDENTIAL,3BHK_FAMILY
48,MTR_000049_HASH,SP_000049_HASH,FDR_005_HASH,DT_0095_HASH,Whitefield,RESIDENTIAL,2BHK_SMALL_FAMILY
49,MTR_000050_HASH,SP_000050_HASH,FDR_010_HASH,DT_0010_HASH,Banashankari,RESIDENTIAL,1BHK_SINGLE_OR_COUPLE
50,MTR_000051_HASH,SP_000051_HASH,FDR_014_HASH,DT_0059_HASH,Domlur,RESIDENTIAL,1BHK_SINGLE_OR_COUPLE
51,MTR_000052_HASH,SP_000052_HASH,FDR_004_HASH,DT_0079_HASH,Koramangala,RESIDENTIAL,2BHK_SMALL_FAMILY
52,MTR_000053_HASH,SP_000053_HASH,FDR_013_HASH,DT_0013_HASH,Indiranagar,COMMERCIAL,SUPERMARKET_MINI_MART
53,MTR_000054_HASH,SP_000054_HASH,FDR_005_HASH,DT_0095_HASH,Whitefield,COMMERCIAL,SMALL_OFFICE
54,MTR_000055_HASH,SP_000055_HASH,FDR_010_HASH,DT_0115_HASH,Banashankari,RESIDENTIAL,1BHK_SINGLE_OR_COUPLE
55,MTR_000056_HASH,SP_000056_HASH,FDR_012_HASH,DT_0102_HASH,KR Puram,RESIDENTIAL,1BHK_SINGLE_OR_COUPLE
56,MTR_000057_HASH,SP_000057_HASH,FDR_010_HASH,DT_0040_HASH,Banashankari,RESIDENTIAL,2BHK_SMALL_FAMILY
57,MTR_000058_HASH,SP_000058_HASH,FDR_005_HASH,DT_0080_HASH,Whitefield,RESIDENTIAL,3BHK_FAMILY
58,MTR_000059_HASH,SP_000059_HASH,FDR_001_HASH,DT_0046_HASH,Indiranagar,RESIDENTIAL,3BHK_FAMILY
59,MTR_000060_HASH,SP_000060_HASH,FDR_011_HASH,DT_0116_HASH,Rajajinagar,COMMERCIAL,KIRANA_RETAIL_SHOP
60,MTR_000061_HASH,SP_000061_HASH,FDR_014_HASH,DT_0029_HASH,Domlur,COMMERCIAL,SMALL_OFFICE
61,MTR_000062_HASH,SP_000062_HASH,FDR_008_HASH,DT_0038_HASH,Hebbal,COMMERCIAL,BAKERY
62,MTR_000063_HASH,SP_000063_HASH,FDR_012_HASH,DT_0012_HASH,KR Puram,COMMERCIAL,RESTAURANT_CAFE
63,MTR_000064_HASH,SP_000064_HASH,FDR_008_HASH,DT_0068_HASH,Hebbal,RESIDENTIAL,3BHK_FAMILY
64,MTR_000065_HASH,SP_000065_HASH,FDR_006_HASH,DT_0096_HASH,Peenya,RESIDENTIAL,3BHK_FAMILY
65,MTR_000066_HASH,SP_000066_HASH,FDR_010_HASH,DT_0040_HASH,Banashankari,RESIDENTIAL,1BHK_SINGLE_OR_COUPLE
66,MTR_000067_HASH,SP_000067_HASH,FDR_012_HASH,DT_0027_HASH,KR Puram,APARTMENT_COMMON_AREA,APARTMENT_COMMON_PUMP_LIFT
67,MTR_000068_HASH,SP_000068_HASH,FDR_005_HASH,DT_0110_HASH,Whitefield,RESIDENTIAL,2BHK_SMALL_FAMILY
68,MTR_000069_HASH,SP_000069_HASH,FDR_001_HASH,DT_0016_HASH,Indiranagar,COMMERCIAL,CLINIC
69,MTR_000070_HASH,SP_000070_HASH,FDR_011_HASH,DT_0056_HASH,Rajajinagar,RESIDENTIAL,2BHK_SMALL_FAMILY
70,MTR_000071_HASH,SP_000071_HASH,FDR_012_HASH,DT_0072_HASH,KR Puram,APARTMENT_COMMON_AREA,GATED_COMMUNITY_COMMON_AREA
71,MTR_000072_HASH,SP_000072_HASH,FDR_009_HASH,DT_0114_HASH,Yelahanka,RESIDENTIAL,PG_OR_HOSTEL
72,MTR_000073_HASH,SP_000073_HASH,FDR_002_HASH,DT_0032_HASH,Domlur,COMMERCIAL,CLINIC
73,MTR_000074_HASH,SP_000074_HASH,FDR_005_HASH,DT_0065_HASH,Whitefield,APARTMENT_COMMON_AREA,APARTMENT_COMMON_PUMP_LIFT
74,MTR_000075_HASH,SP_000075_HASH,FDR_011_HASH,DT_0071_HASH,Rajajinagar,RESIDENTIAL,3BHK_FAMILY
75,MTR_000076_HASH,SP_000076_HASH,FDR_002_HASH,DT_0092_HASH,Domlur,COMMERCIAL,KIRANA_RETAIL_SHOP
76,MTR_000077_HASH,SP_000077_HASH,FDR_012_HASH,DT_0042_HASH,KR Puram,RESIDENTIAL,2BHK_SMALL_FAMILY
77,MTR_000078_HASH,SP_000078_HASH,FDR_001_HASH,DT_0016_HASH,Indiranagar,PUBLIC_LIGHTING,STREET_LIGHTING_FEED
78,MTR_000079_HASH,SP_000079_HASH,FDR_001_HASH,DT_0091_HASH,Indiranagar,COMMERCIAL,SALON
79,MTR_000080_HASH,SP_000080_HASH,FDR_015_HASH,DT_0120_HASH,Jayanagar,COMMERCIAL,SMALL_OFFICE
80,MTR_000081_HASH,SP_000081_HASH,FDR_012_HASH,DT_0117_HASH,KR Puram,COMMERCIAL,RESTAURANT_CAFE
81,MTR_000082_HASH,SP_000082_HASH,FDR_008_HASH,DT_0098_HASH,Hebbal,COMMERCIAL,SMALL_OFFICE
82,MTR_000083_HASH,SP_000083_HASH,FDR_005_HASH,DT_0050_HASH,Whitefield,RESIDENTIAL,3BHK_FAMILY
83,MTR_000084_HASH,SP_000084_HASH,FDR_006_HASH,DT_0036_HASH,Peenya,SMALL_INDUSTRY,WELDING_WORKSHOP
84,MTR_000085_HASH,SP_000085_HASH,FDR_008_HASH,DT_0053_HASH,Hebbal,RESIDENTIAL,3BHK_FAMILY
85,MTR_000086_HASH,SP_000086_HASH,FDR_007_HASH,DT_0052_HASH,Electronic City,SMALL_INDUSTRY,WELDING_WORKSHOP
86,MTR_000087_HASH,SP_000087_HASH,FDR_002_HASH,DT_0002_HASH,Domlur,COMMERCIAL,KIRANA_RETAIL_SHOP
87,MTR_000088_HASH,SP_000088_HASH,FDR_005_HASH,DT_0095_HASH,Whitefield,RESIDENTIAL,3BHK_FAMILY
88,MTR_000089_HASH,SP_000089_HASH,FDR_007_HASH,DT_0037_HASH,Electronic City,COMMERCIAL,KIRANA_RETAIL_SHOP
89,MTR_000090_HASH,SP_000090_HASH,FDR_001_HASH,DT_0046_HASH,Indiranagar,RESIDENTIAL,2BHK_SMALL_FAMILY
90,MTR_000091_HASH,SP_000091_HASH,FDR_008_HASH,DT_0038_HASH,Hebbal,SMALL_INDUSTRY,GARMENT_UNIT
91,MTR_000092_HASH,SP_000092_HASH,FDR_005_HASH,DT_0050_HASH,Whitefield,RESIDENTIAL,4BHK_VILLA_HIGH_LOAD
92,MTR_000093_HASH,SP_000093_HASH,FDR_005_HASH,DT_0110_HASH,Whitefield,RESIDENTIAL,1BHK_SINGLE_OR_COUPLE
93,MTR_000094_HASH,SP_000094_HASH,FDR_007_HASH,DT_0082_HASH,Electronic City,RESIDENTIAL,PG_OR_HOSTEL
94,MTR_000095_HASH,SP_000095_HASH,FDR_005_HASH,DT_0095_HASH,Whitefield,COMMERCIAL,KIRANA_RETAIL_SHOP
95,MTR_000096_HASH,SP_000096_HASH,FDR_014_HASH,DT_0059_HASH,Domlur,RESIDENTIAL,4BHK_VILLA_HIGH_LOAD
96,MTR_000097_HASH,SP_000097_HASH,FDR_012_HASH,DT_0102_HASH,KR Puram,SMALL_INDUSTRY,GARMENT_UNIT
97,MTR_000098_HASH,SP_000098_HASH,FDR_013_HASH,DT_0013_HASH,Indiranagar,RESIDENTIAL,2BHK_SMALL_FAMILY
98,MTR_000099_HASH,SP_000099_HASH,FDR_004_HASH,DT_0079_HASH,Koramangala,SMALL_INDUSTRY,MACHINE_SHOP
99,MTR_000100_HASH,SP_000100_HASH,FDR_001_HASH,DT_0061_HASH,Indiranagar,RESIDENTIAL,PG_OR_HOSTEL
100,MTR_000101_HASH,SP_000101_HASH,FDR_004_HASH,DT_0064_HASH,Koramangala,COMMERCIAL,RESTAURANT_CAFE
101,MTR_000102_HASH,SP_000102_HASH,FDR_011_HASH,DT_0101_HASH,Rajajinagar,COMMERCIAL,CLINIC
102,MTR_000103_HASH,SP_000103_HASH,FDR_010_HASH,DT_0040_HASH,Banashankari,RESIDENTIAL,1BHK_SINGLE_OR_COUPLE
103,MTR_000104_HASH,SP_000104_HASH,FDR_012_HASH,DT_0117_HASH,KR Puram,RESIDENTIAL,1BHK_SINGLE_OR_COUPLE
104,MTR_000105_HASH,SP_000105_HASH,FDR_011_HASH,DT_0011_HASH,Rajajinagar,RESIDENTIAL,1BHK_SINGLE_OR_COUPLE
105,MTR_000106_HASH,SP_000106_HASH,FDR_008_HASH,DT_0113_HASH,Hebbal,APARTMENT_COMMON_AREA,GATED_COMMUNITY_COMMON_AREA
106,MTR_000107_HASH,SP_000107_HASH,FDR_012_HASH,DT_0027_HASH,KR Puram,SMALL_INDUSTRY,SMALL_PACKAGING_UNIT
107,MTR_000108_HASH,SP_000108_HASH,FDR_008_HASH,DT_0098_HASH,Hebbal,RESIDENTIAL,4BHK_VILLA_HIGH_LOAD
108,MTR_000109_HASH,SP_000109_HASH,FDR_005_HASH,DT_0020_HASH,Whitefield,COMMERCIAL,RESTAURANT_CAFE
109,MTR_000110_HASH,SP_000110_HASH,FDR_011_HASH,DT_0026_HASH,Rajajinagar,COMMERCIAL,SALON
110,MTR_000111_HASH,SP_000111_HASH,FDR_011_HASH,DT_0116_HASH,Rajajinagar,RESIDENTIAL,2BHK_SMALL_FAMILY
111,MTR_000112_HASH,SP_000112_HASH,FDR_010_HASH,DT_0055_HASH,Banashankari,RESIDENTIAL,2BHK_SMALL_FAMILY
112,MTR_000113_HASH,SP_000113_HASH,FDR_005_HASH,DT_0095_HASH,Whitefield,RESIDENTIAL,2BHK_SMALL_FAMILY
113,MTR_000114_HASH,SP_000114_HASH,FDR_008_HASH,DT_0008_HASH,Hebbal,RESIDENTIAL,1BHK_SINGLE_OR_COUPLE
114,MTR_000115_HASH,SP_000115_HASH,FDR_006_HASH,DT_0096_HASH,Peenya,RESIDENTIAL,1BHK_SINGLE_OR_COUPLE
115,MTR_000116_HASH,SP_000116_HASH,FDR_004_HASH,DT_0079_HASH,Koramangala,SMALL_INDUSTRY,MACHINE_SHOP
116,MTR_000117_HASH,SP_000117_HASH,FDR_005_HASH,DT_0020_HASH,Whitefield,APARTMENT_COMMON_AREA,APARTMENT_COMMON_PUMP_LIFT
117,MTR_000118_HASH,SP_000118_HASH,FDR_002_HASH,DT_0107_HASH,Domlur,SMALL_INDUSTRY,COLD_STORAGE
118,MTR_000119_HASH,SP_000119_HASH,FDR_008_HASH,DT_0053_HASH,Hebbal,COMMERCIAL,RESTAURANT_CAFE
119,MTR_000120_HASH,SP_000120_HASH,FDR_006_HASH,DT_0111_HASH,Peenya,SMALL_INDUSTRY,WELDING_WORKSHOP
120,MTR_000121_HASH,SP_000121_HASH,FDR_010_HASH,DT_0115_HASH,Banashankari,RESIDENTIAL,2BHK_SMALL_FAMILY
121,MTR_000122_HASH,SP_000122_HASH,FDR_014_HASH,DT_0089_HASH,Domlur,COMMERCIAL,SMALL_OFFICE
122,MTR_000123_HASH,SP_000123_HASH,FDR_014_HASH,DT_0089_HASH,Domlur,COMMERCIAL,KIRANA_RETAIL_SHOP
123,MTR_000124_HASH,SP_000124_HASH,FDR_013_HASH,DT_0028_HASH,Indiranagar,COMMERCIAL,SMALL_OFFICE
124,MTR_000125_HASH,SP_000125_HASH,FDR_012_HASH,DT_0042_HASH,KR Puram,RESIDENTIAL,2BHK_SMALL_FAMILY
125,MTR_000126_HASH,SP_000126_HASH,FDR_010_HASH,DT_0085_HASH,Banashankari,RESIDENTIAL,2BHK_SMALL_FAMILY
126,MTR_000127_HASH,SP_000127_HASH,FDR_007_HASH,DT_0007_HASH,Electronic City,RESIDENTIAL,1BHK_SINGLE_OR_COUPLE
127,MTR_000128_HASH,SP_000128_HASH,FDR_008_HASH,DT_0068_HASH,Hebbal,PUBLIC_LIGHTING,STREET_LIGHTING_FEED
128,MTR_000129_HASH,SP_000129_HASH,FDR_015_HASH,DT_0090_HASH,Jayanagar,APARTMENT_COMMON_AREA,APARTMENT_COMMON_PUMP_LIFT
129,MTR_000130_HASH,SP_000130_HASH,FDR_010_HASH,DT_0040_HASH,Banashankari,COMMERCIAL,SUPERMARKET_MINI_MART
130,MTR_000131_HASH,SP_000131_HASH,FDR_006_HASH,DT_0006_HASH,Peenya,RESIDENTIAL,2BHK_SMALL_FAMILY
131,MTR_000132_HASH,SP_000132_HASH,FDR_008_HASH,DT_0008_HASH,Hebbal,RESIDENTIAL,2BHK_SMALL_FAMILY
132,MTR_000133_HASH,SP_000133_HASH,FDR_001_HASH,DT_0061_HASH,Indiranagar,RESIDENTIAL,3BHK_FAMILY
133,MTR_000134_HASH,SP_000134_HASH,FDR_005_HASH,DT_0035_HASH,Whitefield,RESIDENTIAL,4BHK_VILLA_HIGH_LOAD
134,MTR_000135_HASH,SP_000135_HASH,FDR_013_HASH,DT_0043_HASH,Indiranagar,COMMERCIAL,SMALL_OFFICE
135,MTR_000136_HASH,SP_000136_HASH,FDR_012_HASH,DT_0012_HASH,KR Puram,RESIDENTIAL,3BHK_FAMILY
136,MTR_000137_HASH,SP_000137_HASH,FDR_009_HASH,DT_0054_HASH,Yelahanka,RESIDENTIAL,2BHK_SMALL_FAMILY
137,MTR_000138_HASH,SP_000138_HASH,FDR_006_HASH,DT_0051_HASH,Peenya,RESIDENTIAL,3BHK_FAMILY
138,MTR_000139_HASH,SP_000139_HASH,FDR_012_HASH,DT_0102_HASH,KR Puram,RESIDENTIAL,1BHK_SINGLE_OR_COUPLE
139,MTR_000140_HASH,SP_000140_HASH,FDR_005_HASH,DT_0050_HASH,Whitefield,RESIDENTIAL,2BHK_SMALL_FAMILY
140,MTR_000141_HASH,SP_000141_HASH,FDR_003_HASH,DT_0048_HASH,Jayanagar,COMMERCIAL,SALON
141,MTR_000142_HASH,SP_000142_HASH,FDR_012_HASH,DT_0072_HASH,KR Puram,RESIDENTIAL,2BHK_SMALL_FAMILY
142,MTR_000143_HASH,SP_000143_HASH,FDR_005_HASH,DT_0080_HASH,Whitefield,RESIDENTIAL,1BHK_SINGLE_OR_COUPLE
143,MTR_000144_HASH,SP_000144_HASH,FDR_012_HASH,DT_0117_HASH,KR Puram,RESIDENTIAL,1BHK_SINGLE_OR_COUPLE
144,MTR_000145_HASH,SP_000145_HASH,FDR_015_HASH,DT_0120_HASH,Jayanagar,RESIDENTIAL,2BHK_SMALL_FAMILY
145,MTR_000146_HASH,SP_000146_HASH,FDR_015_HASH,DT_0120_HASH,Jayanagar,COMMERCIAL,SALON
146,MTR_000147_HASH,SP_000147_HASH,FDR_002_HASH,DT_0032_HASH,Domlur,COMMERCIAL,CLINIC
147,MTR_000148_HASH,SP_000148_HASH,FDR_005_HASH,DT_0035_HASH,Whitefield,APARTMENT_COMMON_AREA,APARTMENT_COMMON_PUMP_LIFT
148,MTR_000149_HASH,SP_000149_HASH,FDR_006_HASH,DT_0021_HASH,Peenya,SMALL_INDUSTRY,COLD_STORAGE
149,MTR_000150_HASH,SP_000150_HASH,FDR_012_HASH,DT_0042_HASH,KR Puram,RESIDENTIAL,3BHK_FAMILY
150,MTR_000151_HASH,SP_000151_HASH,FDR_013_HASH,DT_0073_HASH,Indiranagar,PUBLIC_LIGHTING,STREET_LIGHTING_FEED
151,MTR_000152_HASH,SP_000152_HASH,FDR_005_HASH,DT_0020_HASH,Whitefield,RESIDENTIAL,PG_OR_HOSTEL
152,MTR_000153_HASH,SP_000153_HASH,FDR_005_HASH,DT_0020_HASH,Whitefield,COMMERCIAL,KIRANA_RETAIL_SHOP
153,MTR_000154_HASH,SP_000154_HASH,FDR_011_HASH,DT_0071_HASH,Rajajinagar,RESIDENTIAL,2BHK_SMALL_FAMILY
154,MTR_000155_HASH,SP_000155_HASH,FDR_007_HASH,DT_0082_HASH,Electronic City,RESIDENTIAL,3BHK_FAMILY
155,MTR_000156_HASH,SP_000156_HASH,FDR_005_HASH,DT_0035_HASH,Whitefield,RESIDENTIAL,2BHK_SMALL_FAMILY
156,MTR_000157_HASH,SP_000157_HASH,FDR_002_HASH,DT_0047_HASH,Domlur,RESIDENTIAL,4BHK_VILLA_HIGH_LOAD
157,MTR_000158_HASH,SP_000158_HASH,FDR_007_HASH,DT_0022_HASH,Electronic City,RESIDENTIAL,1BHK_SINGLE_OR_COUPLE
158,MTR_000159_HASH,SP_000159_HASH,FDR_010_HASH,DT_0055_HASH,Banashankari,RESIDENTIAL,2BHK_SMALL_FAMILY
159,MTR_000160_HASH,SP_000160_HASH,FDR_001_HASH,DT_0031_HASH,Indiranagar,COMMERCIAL,CLINIC
160,MTR_000161_HASH,SP_000161_HASH,FDR_007_HASH,DT_0037_HASH,Electronic City,COMMERCIAL,SMALL_OFFICE
161,MTR_000162_HASH,SP_000162_HASH,FDR_004_HASH,DT_0019_HASH,Koramangala,RESIDENTIAL,1BHK_SINGLE_OR_COUPLE
162,MTR_000163_HASH,SP_000163_HASH,FDR_010_HASH,DT_0070_HASH,Banashankari,COMMERCIAL,SMALL_OFFICE
163,MTR_000164_HASH,SP_000164_HASH,FDR_007_HASH,DT_0022_HASH,Electronic City,RESIDENTIAL,1BHK_SINGLE_OR_COUPLE
164,MTR_000165_HASH,SP_000165_HASH,FDR_005_HASH,DT_0020_HASH,Whitefield,APARTMENT_COMMON_AREA,GATED_COMMUNITY_COMMON_AREA
165,MTR_000166_HASH,SP_000166_HASH,FDR_005_HASH,DT_0020_HASH,Whitefield,COMMERCIAL,SUPERMARKET_MINI_MART
166,MTR_000167_HASH,SP_000167_HASH,FDR_010_HASH,DT_0085_HASH,Banashankari,RESIDENTIAL,3BHK_FAMILY
167,MTR_000168_HASH,SP_000168_HASH,FDR_008_HASH,DT_0113_HASH,Hebbal,RESIDENTIAL,1BHK_SINGLE_OR_COUPLE
168,MTR_000169_HASH,SP_000169_HASH,FDR_012_HASH,DT_0042_HASH,KR Puram,RESIDENTIAL,2BHK_SMALL_FAMILY
169,MTR_000170_HASH,SP_000170_HASH,FDR_008_HASH,DT_0098_HASH,Hebbal,RESIDENTIAL,3BHK_FAMILY
170,MTR_000171_HASH,SP_000171_HASH,FDR_011_HASH,DT_0101_HASH,Rajajinagar,RESIDENTIAL,3BHK_FAMILY
171,MTR_000172_HASH,SP_000172_HASH,FDR_011_HASH,DT_0086_HASH,Rajajinagar,RESIDENTIAL,1BHK_SINGLE_OR_COUPLE
172,MTR_000173_HASH,SP_000173_HASH,FDR_013_HASH,DT_0103_HASH,Indiranagar,RESIDENTIAL,3BHK_FAMILY
173,MTR_000174_HASH,SP_000174_HASH,FDR_006_HASH,DT_0066_HASH,Peenya,SMALL_INDUSTRY,COLD_STORAGE
174,MTR_000175_HASH,SP_000175_HASH,FDR_012_HASH,DT_0102_HASH,KR Puram,RESIDENTIAL,1BHK_SINGLE_OR_COUPLE
175,MTR_000176_HASH,SP_000176_HASH,FDR_009_HASH,DT_0069_HASH,Yelahanka,SMALL_INDUSTRY,WELDING_WORKSHOP
176,MTR_000177_HASH,SP_000177_HASH,FDR_008_HASH,DT_0023_HASH,Hebbal,APARTMENT_COMMON_AREA,APARTMENT_COMMON_PUMP_LIFT
177,MTR_000178_HASH,SP_000178_HASH,FDR_006_HASH,DT_0096_HASH,Peenya,RESIDENTIAL,3BHK_FAMILY
178,MTR_000179_HASH,SP_000179_HASH,FDR_009_HASH,DT_0024_HASH,Yelahanka,RESIDENTIAL,3BHK_FAMILY
179,MTR_000180_HASH,SP_000180_HASH,FDR_007_HASH,DT_0112_HASH,Electronic City,SMALL_INDUSTRY,WELDING_WORKSHOP
180,MTR_000181_HASH,SP_000181_HASH,FDR_006_HASH,DT_0081_HASH,Peenya,RESIDENTIAL,2BHK_SMALL_FAMILY
181,MTR_000182_HASH,SP_000182_HASH,FDR_009_HASH,DT_0069_HASH,Yelahanka,RESIDENTIAL,3BHK_FAMILY
182,MTR_000183_HASH,SP_000183_HASH,FDR_007_HASH,DT_0082_HASH,Electronic City,RESIDENTIAL,2BHK_SMALL_FAMILY
183,MTR_000184_HASH,SP_000184_HASH,FDR_002_HASH,DT_0092_HASH,Domlur,COMMERCIAL,SUPERMARKET_MINI_MART
184,MTR_000185_HASH,SP_000185_HASH,FDR_003_HASH,DT_0108_HASH,Jayanagar,RESIDENTIAL,2BHK_SMALL_FAMILY
185,MTR_000186_HASH,SP_000186_HASH,FDR_014_HASH,DT_0044_HASH,Domlur,COMMERCIAL,KIRANA_RETAIL_SHOP
186,MTR_000187_HASH,SP_000187_HASH,FDR_011_HASH,DT_0041_HASH,Rajajinagar,RESIDENTIAL,2BHK_SMALL_FAMILY
187,MTR_000188_HASH,SP_000188_HASH,FDR_005_HASH,DT_0020_HASH,Whitefield,APARTMENT_COMMON_AREA,APARTMENT_COMMON_PUMP_LIFT
188,MTR_000189_HASH,SP_000189_HASH,FDR_009_HASH,DT_0039_HASH,Yelahanka,RESIDENTIAL,1BHK_SINGLE_OR_COUPLE
189,MTR_000190_HASH,SP_000190_HASH,FDR_004_HASH,DT_0019_HASH,Koramangala,COMMERCIAL,RESTAURANT_CAFE
190,MTR_000191_HASH,SP_000191_HASH,FDR_011_HASH,DT_0101_HASH,Rajajinagar,RESIDENTIAL,4BHK_VILLA_HIGH_LOAD
191,MTR_000192_HASH,SP_000192_HASH,FDR_008_HASH,DT_0008_HASH,Hebbal,RESIDENTIAL,2BHK_SMALL_FAMILY
192,MTR_000193_HASH,SP_000193_HASH,FDR_011_HASH,DT_0101_HASH,Rajajinagar,SMALL_INDUSTRY,GARMENT_UNIT
193,MTR_000194_HASH,SP_000194_HASH,FDR_007_HASH,DT_0082_HASH,Electronic City,RESIDENTIAL,3BHK_FAMILY
194,MTR_000195_HASH,SP_000195_HASH,FDR_009_HASH,DT_0099_HASH,Yelahanka,RESIDENTIAL,3BHK_FAMILY
195,MTR_000196_HASH,SP_000196_HASH,FDR_007_HASH,DT_0112_HASH,Electronic City,COMMERCIAL,RESTAURANT_CAFE
196,MTR_000197_HASH,SP_000197_HASH,FDR_010_HASH,DT_0025_HASH,Banashankari,RESIDENTIAL,2BHK_SMALL_FAMILY
197,MTR_000198_HASH,SP_000198_HASH,FDR_008_HASH,DT_0068_HASH,Hebbal,RESIDENTIAL,2BHK_SMALL_FAMILY
198,MTR_000199_HASH,SP_000199_HASH,FDR_012_HASH,DT_0117_HASH,KR Puram,RESIDENTIAL,2BHK_SMALL_FAMILY
199,MTR_000200_HASH,SP_000200_HASH,FDR_001_HASH,DT_0091_HASH,Indiranagar,COMMERCIAL,KIRANA_RETAIL_SHOP
200,MTR_000201_HASH,SP_000201_HASH,FDR_003_HASH,DT_0048_HASH,Jayanagar,RESIDENTIAL,3BHK_FAMILY
201,MTR_000202_HASH,SP_000202_HASH,FDR_008_HASH,DT_0053_HASH,Hebbal,COMMERCIAL,RESTAURANT_CAFE
202,MTR_000203_HASH,SP_000203_HASH,FDR_007_HASH,DT_0082_HASH,Electronic City,SMALL_INDUSTRY,SMALL_PACKAGING_UNIT
203,MTR_000204_HASH,SP_000204_HASH,FDR_007_HASH,DT_0097_HASH,Electronic City,SMALL_INDUSTRY,GARMENT_UNIT
204,MTR_000205_HASH,SP_000205_HASH,FDR_004_HASH,DT_0019_HASH,Koramangala,COMMERCIAL,SUPERMARKET_MINI_MART
205,MTR_000206_HASH,SP_000206_HASH,FDR_007_HASH,DT_0067_HASH,Electronic City,SMALL_INDUSTRY,COLD_STORAGE
206,MTR_000207_HASH,SP_000207_HASH,FDR_006_HASH,DT_0081_HASH,Peenya,SMALL_INDUSTRY,GARMENT_UNIT
207,MTR_000208_HASH,SP_000208_HASH,FDR_013_HASH,DT_0088_HASH,Indiranagar,RESIDENTIAL,3BHK_FAMILY
208,MTR_000209_HASH,SP_000209_HASH,FDR_013_HASH,DT_0118_HASH,Indiranagar,COMMERCIAL,RESTAURANT_CAFE
209,MTR_000210_HASH,SP_000210_HASH,FDR_009_HASH,DT_0054_HASH,Yelahanka,RESIDENTIAL,2BHK_SMALL_FAMILY
210,MTR_000211_HASH,SP_000211_HASH,FDR_013_HASH,DT_0013_HASH,Indiranagar,COMMERCIAL,RESTAURANT_CAFE
211,MTR_000212_HASH,SP_000212_HASH,FDR_010_HASH,DT_0010_HASH,Banashankari,COMMERCIAL,BAKERY
212,MTR_000213_HASH,SP_000213_HASH,FDR_013_HASH,DT_0043_HASH,Indiranagar,RESIDENTIAL,3BHK_FAMILY
213,MTR_000214_HASH,SP_000214_HASH,FDR_002_HASH,DT_0077_HASH,Domlur,RESIDENTIAL,2BHK_SMALL_FAMILY
214,MTR_000215_HASH,SP_000215_HASH,FDR_011_HASH,DT_0056_HASH,Rajajinagar,COMMERCIAL,SALON
215,MTR_000216_HASH,SP_000216_HASH,FDR_008_HASH,DT_0008_HASH,Hebbal,RESIDENTIAL,1BHK_SINGLE_OR_COUPLE
216,MTR_000217_HASH,SP_000217_HASH,FDR_005_HASH,DT_0080_HASH,Whitefield,RESIDENTIAL,2BHK_SMALL_FAMILY
217,MTR_000218_HASH,SP_000218_HASH,FDR_008_HASH,DT_0008_HASH,Hebbal,RESIDENTIAL,3BHK_FAMILY
218,MTR_000219_HASH,SP_000219_HASH,FDR_013_HASH,DT_0073_HASH,Indiranagar,RESIDENTIAL,3BHK_FAMILY
219,MTR_000220_HASH,SP_000220_HASH,FDR_014_HASH,DT_0089_HASH,Domlur,COMMERCIAL,BAKERY
220,MTR_000221_HASH,SP_000221_HASH,FDR_002_HASH,DT_0032_HASH,Domlur,RESIDENTIAL,3BHK_FAMILY
221,MTR_000222_HASH,SP_000222_HASH,FDR_015_HASH,DT_0045_HASH,Jayanagar,RESIDENTIAL,4BHK_VILLA_HIGH_LOAD
222,MTR_000223_HASH,SP_000223_HASH,FDR_001_HASH,DT_0106_HASH,Indiranagar,COMMERCIAL,SMALL_OFFICE
223,MTR_000224_HASH,SP_000224_HASH,FDR_011_HASH,DT_0041_HASH,Rajajinagar,RESIDENTIAL,2BHK_SMALL_FAMILY
224,MTR_000225_HASH,SP_000225_HASH,FDR_004_HASH,DT_0079_HASH,Koramangala,RESIDENTIAL,3BHK_FAMILY
225,MTR_000226_HASH,SP_000226_HASH,FDR_013_HASH,DT_0088_HASH,Indiranagar,RESIDENTIAL,2BHK_SMALL_FAMILY
226,MTR_000227_HASH,SP_000227_HASH,FDR_011_HASH,DT_0041_HASH,Rajajinagar,RESIDENTIAL,2BHK_SMALL_FAMILY
227,MTR_000228_HASH,SP_000228_HASH,FDR_004_HASH,DT_0034_HASH,Koramangala,RESIDENTIAL,3BHK_FAMILY
228,MTR_000229_HASH,SP_000229_HASH,FDR_012_HASH,DT_0057_HASH,KR Puram,RESIDENTIAL,3BHK_FAMILY
229,MTR_000230_HASH,SP_000230_HASH,FDR_006_HASH,DT_0081_HASH,Peenya,SMALL_INDUSTRY,WELDING_WORKSHOP
230,MTR_000231_HASH,SP_000231_HASH,FDR_009_HASH,DT_0084_HASH,Yelahanka,RESIDENTIAL,1BHK_SINGLE_OR_COUPLE
231,MTR_000232_HASH,SP_000232_HASH,FDR_006_HASH,DT_0096_HASH,Peenya,RESIDENTIAL,PG_OR_HOSTEL
232,MTR_000233_HASH,SP_000233_HASH,FDR_011_HASH,DT_0056_HASH,Rajajinagar,COMMERCIAL,CLINIC
233,MTR_000234_HASH,SP_000234_HASH,FDR_009_HASH,DT_0024_HASH,Yelahanka,SMALL_INDUSTRY,MACHINE_SHOP
234,MTR_000235_HASH,SP_000235_HASH,FDR_007_HASH,DT_0022_HASH,Electronic City,SMALL_INDUSTRY,SMALL_PACKAGING_UNIT
235,MTR_000236_HASH,SP_000236_HASH,FDR_014_HASH,DT_0044_HASH,Domlur,COMMERCIAL,SMALL_OFFICE
236,MTR_000237_HASH,SP_000237_HASH,FDR_004_HASH,DT_0034_HASH,Koramangala,COMMERCIAL,RESTAURANT_CAFE
237,MTR_000238_HASH,SP_000238_HASH,FDR_011_HASH,DT_0026_HASH,Rajajinagar,RESIDENTIAL,3BHK_FAMILY
238,MTR_000239_HASH,SP_000239_HASH,FDR_005_HASH,DT_0065_HASH,Whitefield,RESIDENTIAL,PG_OR_HOSTEL
239,MTR_000240_HASH,SP_000240_HASH,FDR_013_HASH,DT_0103_HASH,Indiranagar,COMMERCIAL,RESTAURANT_CAFE
240,MTR_000241_HASH,SP_000241_HASH,FDR_012_HASH,DT_0027_HASH,KR Puram,COMMERCIAL,KIRANA_RETAIL_SHOP
241,MTR_000242_HASH,SP_000242_HASH,FDR_009_HASH,DT_0009_HASH,Yelahanka,RESIDENTIAL,4BHK_VILLA_HIGH_LOAD
242,MTR_000243_HASH,SP_000243_HASH,FDR_009_HASH,DT_0024_HASH,Yelahanka,RESIDENTIAL,2BHK_SMALL_FAMILY
243,MTR_000244_HASH,SP_000244_HASH,FDR_007_HASH,DT_0052_HASH,Electronic City,RESIDENTIAL,3BHK_FAMILY
244,MTR_000245_HASH,SP_000245_HASH,FDR_009_HASH,DT_0069_HASH,Yelahanka,RESIDENTIAL,4BHK_VILLA_HIGH_LOAD
245,MTR_000246_HASH,SP_000246_HASH,FDR_003_HASH,DT_0033_HASH,Jayanagar,RESIDENTIAL,1BHK_SINGLE_OR_COUPLE
246,MTR_000247_HASH,SP_000247_HASH,FDR_009_HASH,DT_0009_HASH,Yelahanka,PUBLIC_LIGHTING,STREET_LIGHTING_FEED
247,MTR_000248_HASH,SP_000248_HASH,FDR_006_HASH,DT_0006_HASH,Peenya,SMALL_INDUSTRY,MACHINE_SHOP
248,MTR_000249_HASH,SP_000249_HASH,FDR_010_HASH,DT_0085_HASH,Banashankari,RESIDENTIAL,4BHK_VILLA_HIGH_LOAD
249,MTR_000250_HASH,SP_000250_HASH,FDR_005_HASH,DT_0095_HASH,Whitefield,RESIDENTIAL,3BHK_FAMILY
250,MTR_000251_HASH,SP_000251_HASH,FDR_004_HASH,DT_0079_HASH,Koramangala,RESIDENTIAL,3BHK_FAMILY
251,MTR_000252_HASH,SP_000252_HASH,FDR_015_HASH,DT_0015_HASH,Jayanagar,RESIDENTIAL,3BHK_FAMILY
252,MTR_000253_HASH,SP_000253_HASH,FDR_003_HASH,DT_0108_HASH,Jayanagar,RESIDENTIAL,3BHK_FAMILY
253,MTR_000254_HASH,SP_000254_HASH,FDR_010_HASH,DT_0040_HASH,Banashankari,RESIDENTIAL,3BHK_FAMILY
254,MTR_000255_HASH,SP_000255_HASH,FDR_006_HASH,DT_0096_HASH,Peenya,SMALL_INDUSTRY,SMALL_PACKAGING_UNIT
255,MTR_000256_HASH,SP_000256_HASH,FDR_005_HASH,DT_0095_HASH,Whitefield,SMALL_INDUSTRY,COLD_STORAGE
256,MTR_000257_HASH,SP_000257_HASH,FDR_004_HASH,DT_0109_HASH,Koramangala,RESIDENTIAL,2BHK_SMALL_FAMILY
257,MTR_000258_HASH,SP_000258_HASH,FDR_008_HASH,DT_0023_HASH,Hebbal,RESIDENTIAL,PG_OR_HOSTEL
258,MTR_000259_HASH,SP_000259_HASH,FDR_004_HASH,DT_0019_HASH,Koramangala,RESIDENTIAL,2BHK_SMALL_FAMILY
259,MTR_000260_HASH,SP_000260_HASH,FDR_005_HASH,DT_0080_HASH,Whitefield,RESIDENTIAL,2BHK_SMALL_FAMILY
260,MTR_000261_HASH,SP_000261_HASH,FDR_005_HASH,DT_0020_HASH,Whitefield,RESIDENTIAL,4BHK_VILLA_HIGH_LOAD
261,MTR_000262_HASH,SP_000262_HASH,FDR_002_HASH,DT_0017_HASH,Domlur,COMMERCIAL,KIRANA_RETAIL_SHOP
262,MTR_000263_HASH,SP_000263_HASH,FDR_007_HASH,DT_0082_HASH,Electronic City,COMMERCIAL,SMALL_OFFICE
263,MTR_000264_HASH,SP_000264_HASH,FDR_002_HASH,DT_0002_HASH,Domlur,COMMERCIAL,SMALL_OFFICE
264,MTR_000265_HASH,SP_000265_HASH,FDR_014_HASH,DT_0104_HASH,Domlur,SMALL_INDUSTRY,GARMENT_UNIT
265,MTR_000266_HASH,SP_000266_HASH,FDR_013_HASH,DT_0103_HASH,Indiranagar,RESIDENTIAL,1BHK_SINGLE_OR_COUPLE
266,MTR_000267_HASH,SP_000267_HASH,FDR_012_HASH,DT_0087_HASH,KR Puram,COMMERCIAL,SUPERMARKET_MINI_MART
267,MTR_000268_HASH,SP_000268_HASH,FDR_005_HASH,DT_0050_HASH,Whitefield,SMALL_INDUSTRY,GARMENT_UNIT
268,MTR_000269_HASH,SP_000269_HASH,FDR_008_HASH,DT_0053_HASH,Hebbal,RESIDENTIAL,2BHK_SMALL_FAMILY
269,MTR_000270_HASH,SP_000270_HASH,FDR_007_HASH,DT_0082_HASH,Electronic City,RESIDENTIAL,1BHK_SINGLE_OR_COUPLE
270,MTR_000271_HASH,SP_000271_HASH,FDR_010_HASH,DT_0070_HASH,Banashankari,RESIDENTIAL,3BHK_FAMILY
271,MTR_000272_HASH,SP_000272_HASH,FDR_006_HASH,DT_0066_HASH,Peenya,RESIDENTIAL,2BHK_SMALL_FAMILY
272,MTR_000273_HASH,SP_000273_HASH,FDR_004_HASH,DT_0049_HASH,Koramangala,COMMERCIAL,CLINIC
273,MTR_000274_HASH,SP_000274_HASH,FDR_015_HASH,DT_0105_HASH,Jayanagar,RESIDENTIAL,3BHK_FAMILY
274,MTR_000275_HASH,SP_000275_HASH,FDR_014_HASH,DT_0014_HASH,Domlur,RESIDENTIAL,3BHK_FAMILY
275,MTR_000276_HASH,SP_000276_HASH,FDR_008_HASH,DT_0008_HASH,Hebbal,RESIDENTIAL,1BHK_SINGLE_OR_COUPLE
276,MTR_000277_HASH,SP_000277_HASH,FDR_005_HASH,DT_0095_HASH,Whitefield,RESIDENTIAL,4BHK_VILLA_HIGH_LOAD
277,MTR_000278_HASH,SP_000278_HASH,FDR_012_HASH,DT_0057_HASH,KR Puram,RESIDENTIAL,3BHK_FAMILY
278,MTR_000279_HASH,SP_000279_HASH,FDR_006_HASH,DT_0096_HASH,Peenya,COMMERCIAL,SMALL_OFFICE
279,MTR_000280_HASH,SP_000280_HASH,FDR_012_HASH,DT_0087_HASH,KR Puram,RESIDENTIAL,2BHK_SMALL_FAMILY
280,MTR_000281_HASH,SP_000281_HASH,FDR_011_HASH,DT_0011_HASH,Rajajinagar,RESIDENTIAL,1BHK_SINGLE_OR_COUPLE
281,MTR_000282_HASH,SP_000282_HASH,FDR_009_HASH,DT_0114_HASH,Yelahanka,SMALL_INDUSTRY,WELDING_WORKSHOP
282,MTR_000283_HASH,SP_000283_HASH,FDR_003_HASH,DT_0078_HASH,Jayanagar,RESIDENTIAL,1BHK_SINGLE_OR_COUPLE
283,MTR_000284_HASH,SP_000284_HASH,FDR_010_HASH,DT_0010_HASH,Banashankari,RESIDENTIAL,2BHK_SMALL_FAMILY
284,MTR_000285_HASH,SP_000285_HASH,FDR_004_HASH,DT_0064_HASH,Koramangala,PUBLIC_LIGHTING,STREET_LIGHTING_FEED
285,MTR_000286_HASH,SP_000286_HASH,FDR_004_HASH,DT_0109_HASH,Koramangala,COMMERCIAL,KIRANA_RETAIL_SHOP
286,MTR_000287_HASH,SP_000287_HASH,FDR_010_HASH,DT_0085_HASH,Banashankari,RESIDENTIAL,PG_OR_HOSTEL
287,MTR_000288_HASH,SP_000288_HASH,FDR_012_HASH,DT_0102_HASH,KR Puram,RESIDENTIAL,2BHK_SMALL_FAMILY
288,MTR_000289_HASH,SP_000289_HASH,FDR_011_HASH,DT_0116_HASH,Rajajinagar,COMMERCIAL,KIRANA_RETAIL_SHOP
289,MTR_000290_HASH,SP_000290_HASH,FDR_009_HASH,DT_0099_HASH,Yelahanka,RESIDENTIAL,4BHK_VILLA_HIGH_LOAD
290,MTR_000291_HASH,SP_000291_HASH,FDR_008_HASH,DT_0113_HASH,Hebbal,RESIDENTIAL,1BHK_SINGLE_OR_COUPLE
291,MTR_000292_HASH,SP_000292_HASH,FDR_008_HASH,DT_0038_HASH,Hebbal,RESIDENTIAL,3BHK_FAMILY
292,MTR_000293_HASH,SP_000293_HASH,FDR_012_HASH,DT_0057_HASH,KR Puram,RESIDENTIAL,2BHK_SMALL_FAMILY
293,MTR_000294_HASH,SP_000294_HASH,FDR_004_HASH,DT_0109_HASH,Koramangala,RESIDENTIAL,3BHK_FAMILY
294,MTR_000295_HASH,SP_000295_HASH,FDR_013_HASH,DT_0043_HASH,Indiranagar,RESIDENTIAL,1BHK_SINGLE_OR_COUPLE
295,MTR_000296_HASH,SP_000296_HASH,FDR_005_HASH,DT_0080_HASH,Whitefield,RESIDENTIAL,4BHK_VILLA_HIGH_LOAD
296,MTR_000297_HASH,SP_000297_HASH,FDR_005_HASH,DT_0035_HASH,Whitefield,COMMERCIAL,SUPERMARKET_MINI_MART
297,MTR_000298_HASH,SP_000298_HASH,FDR_012_HASH,DT_0027_HASH,KR Puram,RESIDENTIAL,PG_OR_HOSTEL
298,MTR_000299_HASH,SP_000299_HASH,FDR_014_HASH,DT_0029_HASH,Domlur,SMALL_INDUSTRY,COLD_STORAGE
299,MTR_000300_HASH,SP_000300_HASH,FDR_012_HASH,DT_0027_HASH,KR Puram,RESIDENTIAL,3BHK_FAMILY
300,MTR_000301_HASH,SP_000301_HASH,FDR_006_HASH,DT_0066_HASH,Peenya,SMALL_INDUSTRY,SMALL_PACKAGING_UNIT
301,MTR_000302_HASH,SP_000302_HASH,FDR_014_HASH,DT_0059_HASH,Domlur,COMMERCIAL,KIRANA_RETAIL_SHOP
302,MTR_000303_HASH,SP_000303_HASH,FDR_012_HASH,DT_0057_HASH,KR Puram,RESIDENTIAL,PG_OR_HOSTEL
303,MTR_000304_HASH,SP_000304_HASH,FDR_001_HASH,DT_0016_HASH,Indiranagar,APARTMENT_COMMON_AREA,GATED_COMMUNITY_COMMON_AREA
304,MTR_000305_HASH,SP_000305_HASH,FDR_007_HASH,DT_0097_HASH,Electronic City,RESIDENTIAL,2BHK_SMALL_FAMILY
305,MTR_000306_HASH,SP_000306_HASH,FDR_015_HASH,DT_0075_HASH,Jayanagar,COMMERCIAL,SMALL_OFFICE
306,MTR_000307_HASH,SP_000307_HASH,FDR_003_HASH,DT_0093_HASH,Jayanagar,COMMERCIAL,SMALL_OFFICE
307,MTR_000308_HASH,SP_000308_HASH,FDR_013_HASH,DT_0013_HASH,Indiranagar,RESIDENTIAL,2BHK_SMALL_FAMILY
308,MTR_000309_HASH,SP_000309_HASH,FDR_008_HASH,DT_0083_HASH,Hebbal,APARTMENT_COMMON_AREA,APARTMENT_COMMON_PUMP_LIFT
309,MTR_000310_HASH,SP_000310_HASH,FDR_009_HASH,DT_0054_HASH,Yelahanka,RESIDENTIAL,2BHK_SMALL_FAMILY
310,MTR_000311_HASH,SP_000311_HASH,FDR_011_HASH,DT_0056_HASH,Rajajinagar,RESIDENTIAL,2BHK_SMALL_FAMILY
311,MTR_000312_HASH,SP_000312_HASH,FDR_004_HASH,DT_0034_HASH,Koramangala,RESIDENTIAL,2BHK_SMALL_FAMILY
312,MTR_000313_HASH,SP_000313_HASH,FDR_013_HASH,DT_0088_HASH,Indiranagar,COMMERCIAL,SALON
313,MTR_000314_HASH,SP_000314_HASH,FDR_009_HASH,DT_0069_HASH,Yelahanka,RESIDENTIAL,2BHK_SMALL_FAMILY
314,MTR_000315_HASH,SP_000315_HASH,FDR_012_HASH,DT_0012_HASH,KR Puram,COMMERCIAL,SUPERMARKET_MINI_MART
315,MTR_000316_HASH,SP_000316_HASH,FDR_010_HASH,DT_0085_HASH,Banashankari,RESIDENTIAL,2BHK_SMALL_FAMILY
316,MTR_000317_HASH,SP_000317_HASH,FDR_011_HASH,DT_0071_HASH,Rajajinagar,COMMERCIAL,CLINIC
317,MTR_000318_HASH,SP_000318_HASH,FDR_002_HASH,DT_0092_HASH,Domlur,RESIDENTIAL,3BHK_FAMILY
318,MTR_000319_HASH,SP_000319_HASH,FDR_006_HASH,DT_0066_HASH,Peenya,RESIDENTIAL,2BHK_SMALL_FAMILY
319,MTR_000320_HASH,SP_000320_HASH,FDR_008_HASH,DT_0083_HASH,Hebbal,RESIDENTIAL,2BHK_SMALL_FAMILY
320,MTR_000321_HASH,SP_000321_HASH,FDR_004_HASH,DT_0019_HASH,Koramangala,RESIDENTIAL,4BHK_VILLA_HIGH_LOAD
321,MTR_000322_HASH,SP_000322_HASH,FDR_004_HASH,DT_0004_HASH,Koramangala,RESIDENTIAL,2BHK_SMALL_FAMILY
322,MTR_000323_HASH,SP_000323_HASH,FDR_002_HASH,DT_0107_HASH,Domlur,SMALL_INDUSTRY,WELDING_WORKSHOP
323,MTR_000324_HASH,SP_000324_HASH,FDR_013_HASH,DT_0028_HASH,Indiranagar,RESIDENTIAL,4BHK_VILLA_HIGH_LOAD
324,MTR_000325_HASH,SP_000325_HASH,FDR_009_HASH,DT_0039_HASH,Yelahanka,RESIDENTIAL,3BHK_FAMILY
325,MTR_000326_HASH,SP_000326_HASH,FDR_003_HASH,DT_0078_HASH,Jayanagar,APARTMENT_COMMON_AREA,GATED_COMMUNITY_COMMON_AREA
326,MTR_000327_HASH,SP_000327_HASH,FDR_009_HASH,DT_0009_HASH,Yelahanka,RESIDENTIAL,PG_OR_HOSTEL
327,MTR_000328_HASH,SP_000328_HASH,FDR_009_HASH,DT_0069_HASH,Yelahanka,RESIDENTIAL,2BHK_SMALL_FAMILY
328,MTR_000329_HASH,SP_000329_HASH,FDR_003_HASH,DT_0093_HASH,Jayanagar,RESIDENTIAL,1BHK_SINGLE_OR_COUPLE
329,MTR_000330_HASH,SP_000330_HASH,FDR_011_HASH,DT_0116_HASH,Rajajinagar,RESIDENTIAL,1BHK_SINGLE_OR_COUPLE
330,MTR_000331_HASH,SP_000331_HASH,FDR_004_HASH,DT_0079_HASH,Koramangala,COMMERCIAL,RESTAURANT_CAFE
331,MTR_000332_HASH,SP_000332_HASH,FDR_014_HASH,DT_0059_HASH,Domlur,COMMERCIAL,SMALL_OFFICE
332,MTR_000333_HASH,SP_000333_HASH,FDR_008_HASH,DT_0008_HASH,Hebbal,SMALL_INDUSTRY,COLD_STORAGE
333,MTR_000334_HASH,SP_000334_HASH,FDR_005_HASH,DT_0050_HASH,Whitefield,RESIDENTIAL,1BHK_SINGLE_OR_COUPLE
334,MTR_000335_HASH,SP_000335_HASH,FDR_005_HASH,DT_0050_HASH,Whitefield,RESIDENTIAL,2BHK_SMALL_FAMILY
335,MTR_000336_HASH,SP_000336_HASH,FDR_008_HASH,DT_0083_HASH,Hebbal,RESIDENTIAL,3BHK_FAMILY
336,MTR_000337_HASH,SP_000337_HASH,FDR_007_HASH,DT_0022_HASH,Electronic City,RESIDENTIAL,2BHK_SMALL_FAMILY
337,MTR_000338_HASH,SP_000338_HASH,FDR_015_HASH,DT_0090_HASH,Jayanagar,APARTMENT_COMMON_AREA,GATED_COMMUNITY_COMMON_AREA
338,MTR_000339_HASH,SP_000339_HASH,FDR_005_HASH,DT_0110_HASH,Whitefield,COMMERCIAL,KIRANA_RETAIL_SHOP
339,MTR_000340_HASH,SP_000340_HASH,FDR_003_HASH,DT_0048_HASH,Jayanagar,COMMERCIAL,BAKERY
340,MTR_000341_HASH,SP_000341_HASH,FDR_005_HASH,DT_0050_HASH,Whitefield,RESIDENTIAL,2BHK_SMALL_FAMILY
341,MTR_000342_HASH,SP_000342_HASH,FDR_014_HASH,DT_0014_HASH,Domlur,COMMERCIAL,KIRANA_RETAIL_SHOP
342,MTR_000343_HASH,SP_000343_HASH,FDR_009_HASH,DT_0069_HASH,Yelahanka,RESIDENTIAL,4BHK_VILLA_HIGH_LOAD
343,MTR_000344_HASH,SP_000344_HASH,FDR_004_HASH,DT_0079_HASH,Koramangala,COMMERCIAL,KIRANA_RETAIL_SHOP
344,MTR_000345_HASH,SP_000345_HASH,FDR_012_HASH,DT_0102_HASH,KR Puram,COMMERCIAL,KIRANA_RETAIL_SHOP
345,MTR_000346_HASH,SP_000346_HASH,FDR_014_HASH,DT_0029_HASH,Domlur,RESIDENTIAL,2BHK_SMALL_FAMILY
346,MTR_000347_HASH,SP_000347_HASH,FDR_009_HASH,DT_0054_HASH,Yelahanka,RESIDENTIAL,4BHK_VILLA_HIGH_LOAD
347,MTR_000348_HASH,SP_000348_HASH,FDR_009_HASH,DT_0009_HASH,Yelahanka,RESIDENTIAL,2BHK_SMALL_FAMILY
348,MTR_000349_HASH,SP_000349_HASH,FDR_011_HASH,DT_0056_HASH,Rajajinagar,RESIDENTIAL,1BHK_SINGLE_OR_COUPLE
349,MTR_000350_HASH,SP_000350_HASH,FDR_012_HASH,DT_0102_HASH,KR Puram,RESIDENTIAL,2BHK_SMALL_FAMILY
350,MTR_000351_HASH,SP_000351_HASH,FDR_006_HASH,DT_0081_HASH,Peenya,COMMERCIAL,RESTAURANT_CAFE
351,MTR_000352_HASH,SP_000352_HASH,FDR_002_HASH,DT_0077_HASH,Domlur,COMMERCIAL,SUPERMARKET_MINI_MART
352,MTR_000353_HASH,SP_000353_HASH,FDR_007_HASH,DT_0007_HASH,Electronic City,COMMERCIAL,SMALL_OFFICE
353,MTR_000354_HASH,SP_000354_HASH,FDR_008_HASH,DT_0113_HASH,Hebbal,RESIDENTIAL,1BHK_SINGLE_OR_COUPLE
354,MTR_000355_HASH,SP_000355_HASH,FDR_007_HASH,DT_0007_HASH,Electronic City,RESIDENTIAL,2BHK_SMALL_FAMILY
355,MTR_000356_HASH,SP_000356_HASH,FDR_007_HASH,DT_0097_HASH,Electronic City,RESIDENTIAL,2BHK_SMALL_FAMILY
356,MTR_000357_HASH,SP_000357_HASH,FDR_004_HASH,DT_0004_HASH,Koramangala,COMMERCIAL,CLINIC
357,MTR_000358_HASH,SP_000358_HASH,FDR_008_HASH,DT_0068_HASH,Hebbal,RESIDENTIAL,PG_OR_HOSTEL
358,MTR_000359_HASH,SP_000359_HASH,FDR_005_HASH,DT_0095_HASH,Whitefield,RESIDENTIAL,2BHK_SMALL_FAMILY
359,MTR_000360_HASH,SP_000360_HASH,FDR_004_HASH,DT_0034_HASH,Koramangala,COMMERCIAL,KIRANA_RETAIL_SHOP
