meter_id_hash,meter_serial_hash,meter_type,phase_type,ct_pt_flag,relay_flag,installation_date,firmware_version_masked,hes_vendor_masked,meter_status,status_start_date,status_reason
MTR_000001_HASH,SN_000001_HASH,SMART_CONSUMER,1P,0,1,2022-01-17,FW_B_MASKED,HES_VENDOR_C_MASKED,SUSPENDED_NON_PAYMENT,2025-02-15,Suspended Non Payment
MTR_000002_HASH,SN_000002_HASH,SMART_CONSUMER,1P,0,1,2022-03-31,FW_C_MASKED,HES_VENDOR_B_MASKED,SUSPENDED_NON_PAYMENT,2025-02-15,Suspended Non Payment
MTR_000003_HASH,SN_000003_HASH,SMART_CONSUMER,1P,0,1,2019-11-03,FW_A_MASKED,HES_VENDOR_B_MASKED,SUSPENDED_NON_PAYMENT,2025-02-15,Suspended Non Payment
MTR_000004_HASH,SN_000004_HASH,SMART_CONSUMER,1P,0,1,2021-06-13,FW_A_MASKED,HES_VENDOR_A_MASKED,ACTIVE,,
MTR_000005_HASH,SN_000005_HASH,SMART_CONSUMER,1P,0,1,2022-05-01,FW_C_MASKED,HES_VENDOR_B_MASKED,SUSPENDED_NON_PAYMENT,2025-02-15,Suspended Non Payment
MTR_000006_HASH,SN_000006_HASH,SMART_CONSUMER,3P,0,1,2021-01-17,FW_C_MASKED,HES_VENDOR_A_MASKED,SUSPENDED_NON_PAYMENT,2025-02-15,Suspended Non Payment
MTR_000007_HASH,SN_000007_HASH,SMART_CONSUMER,1P,0,1,2022-08-21,FW_B_MASKED,HES_VENDOR_B_MASKED,SUSPENDED_NON_PAYMENT,2025-02-15,Suspended Non Payment
MTR_000008_HASH,SN_000008_HASH,SMART_CONSUMER,3P,0,1,2024-01-04,FW_A_MASKED,HES_VENDOR_A_MASKED,SUSPENDED_NON_PAYMENT,2025-02-15,Suspended Non Payment
MTR_000009_HASH,SN_000009_HASH,SMART_CONSUMER,3P,0,1,2019-11-21,FW_C_MASKED,HES_VENDOR_C_MASKED,ACTIVE,,
MTR_000010_HASH,SN_000010_HASH,SMART_CONSUMER,3P,0,1,2022-05-19,FW_B_MASKED,HES_VENDOR_C_MASKED,SUSPENDED_NON_PAYMENT,2025-02-15,Suspended Non Payment
MTR_000011_HASH,SN_000011_HASH,SMART_CONSUMER,3P,0,1,2023-02-19,FW_A_MASKED,HES_VENDOR_A_MASKED,DISCONNECTED_OWNER_REQUEST,2025-02-01,Disconnected Owner Request
MTR_000012_HASH,SN_000012_HASH,SMART_CONSUMER,1P,0,1,2022-09-28,FW_A_MASKED,HES_VENDOR_A_MASKED,DISCONNECTED_OWNER_REQUEST,2025-02-01,Disconnected Owner Request
MTR_000013_HASH,SN_000013_HASH,SMART_CONSUMER,3P,0,1,2023-11-08,FW_A_MASKED,HES_VENDOR_C_MASKED,DISCONNECTED_OWNER_REQUEST,2025-02-01,Disconnected Owner Request
MTR_000014_HASH,SN_000014_HASH,SMART_CONSUMER,1P,0,1,2020-12-04,FW_B_MASKED,HES_VENDOR_A_MASKED,ACTIVE,,
MTR_000015_HASH,SN_000015_HASH,SMART_CONSUMER,1P,0,1,2021-07-05,FW_B_MASKED,HES_VENDOR_B_MASKED,DISCONNECTED_OWNER_REQUEST,2025-02-01,Disconnected Owner Request
MTR_000016_HASH,SN_000016_HASH,SMART_CONSUMER,3P,0,1,2024-01-13,FW_B_MASKED,HES_VENDOR_C_MASKED,DISCONNECTED_OWNER_REQUEST,2025-02-01,Disconnected Owner Request
MTR_000017_HASH,SN_000017_HASH,SMART_CONSUMER,3P,0,1,2019-10-31,FW_C_MASKED,HES_VENDOR_A_MASKED,TEMPORARILY_DISCONNECTED_THEFT_SUSPECTED,2025-03-10,Temporarily Disconnected Theft Suspected
MTR_000018_HASH,SN_000018_HASH,SMART_CONSUMER,3P,0,1,2021-09-21,FW_B_MASKED,HES_VENDOR_C_MASKED,ACTIVE,,
MTR_000019_HASH,SN_000019_HASH,SMART_CONSUMER,3P,0,1,2024-04-04,FW_C_MASKED,HES_VENDOR_B_MASKED,TEMPORARILY_DISCONNECTED_THEFT_SUSPECTED,2025-03-10,Temporarily Disconnected Theft Suspected
MTR_000020_HASH,SN_000020_HASH,SMART_CONSUMER,1P,0,1,2022-09-07,FW_A_MASKED,HES_VENDOR_A_MASKED,TEMPORARILY_DISCONNECTED_THEFT_SUSPECTED,2025-03-10,Temporarily Disconnected Theft Suspected
MTR_000021_HASH,SN_000021_HASH,SMART_CONSUMER,1P,0,1,2023-06-25,FW_B_MASKED,HES_VENDOR_C_MASKED,TEMPORARILY_DISCONNECTED_THEFT_SUSPECTED,2025-03-10,Temporarily Disconnected Theft Suspected
MTR_000022_HASH,SN_000022_HASH,SMART_CONSUMER,3P,0,1,2023-11-02,FW_C_MASKED,HES_VENDOR_B_MASKED,DISPUTED_BILLING,2025-03-01,Disputed Billing
MTR_000023_HASH,SN_000023_HASH,SMART_CONSUMER,1P,0,1,2022-04-01,FW_B_MASKED,HES_VENDOR_A_MASKED,DISPUTED_BILLING,2025-03-01,Disputed Billing
MTR_000024_HASH,SN_000024_HASH,SMART_CONSUMER,1P,0,1,2023-11-11,FW_C_MASKED,HES_VENDOR_A_MASKED,ACTIVE,,
MTR_000025_HASH,SN_000025_HASH,SMART_CONSUMER,1P,0,1,2022-08-06,FW_C_MASKED,HES_VENDOR_A_MASKED,DISPUTED_BILLING,2025-03-01,Disputed Billing
MTR_000026_HASH,SN_000026_HASH,SMART_CONSUMER,1P,0,1,2023-12-03,FW_A_MASKED,HES_VENDOR_C_MASKED,ACTIVE,,
MTR_000027_HASH,SN_000027_HASH,SMART_CONSUMER,3P,0,1,2023-09-11,FW_A_MASKED,HES_VENDOR_B_MASKED,ACTIVE,,
MTR_000028_HASH,SN_000028_HASH,SMART_CONSUMER,1P,0,1,2022-07-06,FW_C_MASKED,HES_VENDOR_C_MASKED,ACTIVE,,
MTR_000029_HASH,SN_000029_HASH,SMART_CONSUMER,3P,0,1,2022-07-08,FW_B_MASKED,HES_VENDOR_B_MASKED,ACTIVE,,
MTR_000030_HASH,SN_000030_HASH,SMART_CONSUMER,3P,1,1,2023-10-07,FW_C_MASKED,HES_VENDOR_A_MASKED,ACTIVE,,
MTR_000031_HASH,SN_000031_HASH,SMART_CONSUMER,1P,0,1,2022-11-08,FW_A_MASKED,HES_VENDOR_B_MASKED,ACTIVE,,
MTR_000032_HASH,SN_000032_HASH,SMART_CONSUMER,3P,0,1,2020-09-10,FW_C_MASKED,HES_VENDOR_C_MASKED,ACTIVE,,
MTR_000033_HASH,SN_000033_HASH,SMART_CONSUMER,1P,0,1,2020-01-07,FW_A_MASKED,HES_VENDOR_B_MASKED,ACTIVE,,
MTR_000034_HASH,SN_000034_HASH,SMART_CONSUMER,1P,0,1,2022-11-30,FW_B_MASKED,HES_VENDOR_C_MASKED,ACTIVE,,
MTR_000035_HASH,SN_000035_HASH,SMART_CONSUMER,3P,0,1,2021-06-06,FW_A_MASKED,HES_VENDOR_A_MASKED,ACTIVE,,
MTR_000036_HASH,SN_000036_HASH,SMART_CONSUMER,3P,0,1,2023-08-17,FW_C_MASKED,HES_VENDOR_C_MASKED,ACTIVE,,
MTR_000037_HASH,SN_000037_HASH,SMART_CONSUMER,3P,0,1,2024-03-19,FW_B_MASKED,HES_VENDOR_C_MASKED,ACTIVE,,
MTR_000038_HASH,SN_000038_HASH,SMART_CONSUMER,1P,0,1,2020-05-03,FW_A_MASKED,HES_VENDOR_C_MASKED,ACTIVE,,
MTR_000039_HASH,SN_000039_HASH,SMART_CONSUMER,3P,0,1,2022-11-16,FW_C_MASKED,HES_VENDOR_C_MASKED,ACTIVE,,
MTR_000040_HASH,SN_000040_HASH,SMART_CONSUMER,3P,0,1,2021-02-15,FW_A_MASKED,HES_VENDOR_B_MASKED,ACTIVE,,
MTR_000041_HASH,SN_000041_HASH,SMART_CONSUMER,3P,0,1,2020-04-11,FW_A_MASKED,HES_VENDOR_A_MASKED,ACTIVE,,
MTR_000042_HASH,SN_000042_HASH,SMART_CONSUMER,1P,0,1,2024-01-15,FW_A_MASKED,HES_VENDOR_B_MASKED,ACTIVE,,
MTR_000043_HASH,SN_000043_HASH,SMART_CONSUMER,1P,0,1,2020-08-27,FW_A_MASKED,HES_VENDOR_B_MASKED,ACTIVE,,
MTR_000044_HASH,SN_000044_HASH,SMART_CONSUMER,3P,0,1,2022-06-29,FW_B_MASKED,HES_VENDOR_C_MASKED,ACTIVE,,
MTR_000045_HASH,SN_000045_HASH,SMART_CONSUMER,1P,0,1,2023-05-11,FW_B_MASKED,HES_VENDOR_A_MASKED,ACTIVE,,
MTR_000046_HASH,SN_000046_HASH,SMART_CONSUMER,1P,0,1,2022-07-17,FW_C_MASKED,HES_VENDOR_C_MASKED,ACTIVE,,
MTR_000047_HASH,SN_000047_HASH,SMART_CONSUMER,3P,0,1,2021-04-06,FW_C_MASKED,HES_VENDOR_B_MASKED,ACTIVE,,
MTR_000048_HASH,SN_000048_HASH,SMART_CONSUMER,1P,0,1,2023-06-03,FW_B_MASKED,HES_VENDOR_B_MASKED,ACTIVE,,
MTR_000049_HASH,SN_000049_HASH,SMART_CONSUMER,1P,0,1,2020-08-14,FW_A_MASKED,HES_VENDOR_C_MASKED,ACTIVE,,
MTR_000050_HASH,SN_000050_HASH,SMART_CONSUMER,1P,0,1,2020-11-28,FW_A_MASKED,HES_VENDOR_B_MASKED,ACTIVE,,
MTR_000051_HASH,SN_000051_HASH,SMART_CONSUMER,1P,0,1,2022-10-19,FW_B_MASKED,HES_VENDOR_A_MASKED,ACTIVE,,
MTR_000052_HASH,SN_000052_HASH,SMART_CONSUMER,1P,0,1,2022-12-29,FW_C_MASKED,HES_VENDOR_B_MASKED,ACTIVE,,
MTR_000053_HASH,SN_000053_HASH,SMART_CONSUMER,3P,1,1,2020-05-06,FW_B_MASKED,HES_VENDOR_B_MASKED,ACTIVE,,
MTR_000054_HASH,SN_000054_HASH,SMART_CONSUMER,3P,0,1,2024-06-17,FW_C_MASKED,HES_VENDOR_C_MASKED,ACTIVE,,
MTR_000055_HASH,SN_000055_HASH,SMART_CONSUMER,1P,0,1,2022-12-23,FW_B_MASKED,HES_VENDOR_A_MASKED,ACTIVE,,
MTR_000056_HASH,SN_000056_HASH,SMART_CONSUMER,1P,0,1,2022-03-02,FW_B_MASKED,HES_VENDOR_A_MASKED,ACTIVE,,
MTR_000057_HASH,SN_000057_HASH,SMART_CONSUMER,1P,0,1,2022-05-19,FW_B_MASKED,HES_VENDOR_C_MASKED,ACTIVE,,
MTR_000058_HASH,SN_000058_HASH,SMART_CONSUMER,1P,0,1,2020-01-04,FW_A_MASKED,HES_VENDOR_C_MASKED,ACTIVE,,
MTR_000059_HASH,SN_000059_HASH,SMART_CONSUMER,1P,0,1,2021-03-06,FW_B_MASKED,HES_VENDOR_B_MASKED,ACTIVE,,
MTR_000060_HASH,SN_000060_HASH,SMART_CONSUMER,3P,1,1,2021-09-01,FW_A_MASKED,HES_VENDOR_C_MASKED,ACTIVE,,
MTR_000061_HASH,SN_000061_HASH,SMART_CONSUMER,3P,0,1,2023-05-10,FW_B_MASKED,HES_VENDOR_B_MASKED,ACTIVE,,
MTR_000062_HASH,SN_000062_HASH,SMART_CONSUMER,3P,0,1,2023-06-16,FW_C_MASKED,HES_VENDOR_A_MASKED,ACTIVE,,
MTR_000063_HASH,SN_000063_HASH,SMART_CONSUMER,3P,0,1,2022-05-11,FW_C_MASKED,HES_VENDOR_A_MASKED,ACTIVE,,
MTR_000064_HASH,SN_000064_HASH,SMART_CONSUMER,1P,0,1,2024-03-11,FW_C_MASKED,HES_VENDOR_A_MASKED,ACTIVE,,
MTR_000065_HASH,SN_000065_HASH,SMART_CONSUMER,1P,0,1,2019-11-06,FW_C_MASKED,HES_VENDOR_A_MASKED,ACTIVE,,
MTR_000066_HASH,SN_000066_HASH,SMART_CONSUMER,1P,0,1,2022-09-18,FW_B_MASKED,HES_VENDOR_B_MASKED,ACTIVE,,
MTR_000067_HASH,SN_000067_HASH,SMART_CONSUMER,3P,0,1,2019-12-01,FW_C_MASKED,HES_VENDOR_A_MASKED,ACTIVE,,
MTR_000068_HASH,SN_000068_HASH,SMART_CONSUMER,1P,0,1,2021-03-25,FW_B_MASKED,HES_VENDOR_B_MASKED,ACTIVE,,
MTR_000069_HASH,SN_000069_HASH,SMART_CONSUMER,3P,0,1,2024-05-14,FW_C_MASKED,HES_VENDOR_B_MASKED,ACTIVE,,
MTR_000070_HASH,SN_000070_HASH,SMART_CONSUMER,1P,0,1,2022-03-18,FW_C_MASKED,HES_VENDOR_C_MASKED,ACTIVE,,
MTR_000071_HASH,SN_000071_HASH,SMART_CONSUMER,3P,0,1,2023-08-13,FW_B_MASKED,HES_VENDOR_C_MASKED,ACTIVE,,
MTR_000072_HASH,SN_000072_HASH,SMART_CONSUMER,1P,0,1,2020-01-23,FW_A_MASKED,HES_VENDOR_A_MASKED,ACTIVE,,
MTR_000073_HASH,SN_000073_HASH,SMART_CONSUMER,3P,1,1,2021-02-07,FW_A_MASKED,HES_VENDOR_B_MASKED,ACTIVE,,
MTR_000074_HASH,SN_000074_HASH,SMART_CONSUMER,3P,0,1,2023-06-06,FW_A_MASKED,HES_VENDOR_B_MASKED,ACTIVE,,
MTR_000075_HASH,SN_000075_HASH,SMART_CONSUMER,1P,0,1,2022-10-21,FW_A_MASKED,HES_VENDOR_A_MASKED,ACTIVE,,
MTR_000076_HASH,SN_000076_HASH,SMART_CONSUMER,3P,0,1,2023-10-11,FW_B_MASKED,HES_VENDOR_B_MASKED,ACTIVE,,
MTR_000077_HASH,SN_000077_HASH,SMART_CONSUMER,1P,0,1,2024-04-06,FW_C_MASKED,HES_VENDOR_C_MASKED,ACTIVE,,
MTR_000078_HASH,SN_000078_HASH,SMART_CONSUMER,3P,1,1,2022-03-04,FW_C_MASKED,HES_VENDOR_A_MASKED,ACTIVE,,
MTR_000079_HASH,SN_000079_HASH,SMART_CONSUMER,3P,0,1,2021-04-19,FW_A_MASKED,HES_VENDOR_C_MASKED,ACTIVE,,
MTR_000080_HASH,SN_000080_HASH,SMART_CONSUMER,3P,0,1,2021-12-19,FW_B_MASKED,HES_VENDOR_C_MASKED,ACTIVE,,
MTR_000081_HASH,SN_000081_HASH,SMART_CONSUMER,3P,0,1,2021-05-17,FW_B_MASKED,HES_VENDOR_C_MASKED,ACTIVE,,
MTR_000082_HASH,SN_000082_HASH,SMART_CONSUMER,3P,0,1,2024-05-06,FW_C_MASKED,HES_VENDOR_A_MASKED,ACTIVE,,
MTR_000083_HASH,SN_000083_HASH,SMART_CONSUMER,1P,0,1,2023-08-05,FW_A_MASKED,HES_VENDOR_C_MASKED,ACTIVE,,
MTR_000084_HASH,SN_000084_HASH,SMART_CONSUMER,3P,1,1,2022-07-18,FW_B_MASKED,HES_VENDOR_A_MASKED,ACTIVE,,
MTR_000085_HASH,SN_000085_HASH,SMART_CONSUMER,1P,0,1,2021-03-27,FW_B_MASKED,HES_VENDOR_C_MASKED,ACTIVE,,
MTR_000086_HASH,SN_000086_HASH,SMART_CONSUMER,3P,0,1,2022-07-30,FW_A_MASKED,HES_VENDOR_C_MASKED,ACTIVE,,
MTR_000087_HASH,SN_000087_HASH,SMART_CONSUMER,3P,0,1,2024-05-25,FW_A_MASKED,HES_VENDOR_A_MASKED,ACTIVE,,
MTR_000088_HASH,SN_000088_HASH,SMART_CONSUMER,1P,0,1,2023-03-13,FW_B_MASKED,HES_VENDOR_C_MASKED,ACTIVE,,
MTR_000089_HASH,SN_000089_HASH,SMART_CONSUMER,3P,0,1,2021-11-17,FW_C_MASKED,HES_VENDOR_A_MASKED,ACTIVE,,
MTR_000090_HASH,SN_000090_HASH,SMART_CONSUMER,1P,0,1,2022-11-07,FW_C_MASKED,HES_VENDOR_C_MASKED,ACTIVE,,
MTR_000091_HASH,SN_000091_HASH,SMART_CONSUMER,3P,0,1,2021-02-06,FW_B_MASKED,HES_VENDOR_A_MASKED,ACTIVE,,
MTR_000092_HASH,SN_000092_HASH,SMART_CONSUMER,1P,0,1,2022-12-11,FW_C_MASKED,HES_VENDOR_A_MASKED,ACTIVE,,
MTR_000093_HASH,SN_000093_HASH,SMART_CONSUMER,1P,0,1,2020-04-24,FW_B_MASKED,HES_VENDOR_B_MASKED,ACTIVE,,
MTR_000094_HASH,SN_000094_HASH,SMART_CONSUMER,3P,1,1,2023-02-28,FW_A_MASKED,HES_VENDOR_B_MASKED,ACTIVE,,
MTR_000095_HASH,SN_000095_HASH,SMART_CONSUMER,3P,0,1,2022-03-21,FW_C_MASKED,HES_VENDOR_A_MASKED,ACTIVE,,
MTR_000096_HASH,SN_000096_HASH,SMART_CONSUMER,3P,0,1,2023-10-14,FW_A_MASKED,HES_VENDOR_C_MASKED,ACTIVE,,
MTR_000097_HASH,SN_000097_HASH,SMART_CONSUMER,3P,0,1,2019-11-21,FW_A_MASKED,HES_VENDOR_A_MASKED,ACTIVE,,
MTR_000098_HASH,SN_000098_HASH,SMART_CONSUMER,1P,0,1,2020-11-11,FW_A_MASKED,HES_VENDOR_B_MASKED,ACTIVE,,
MTR_000099_HASH,SN_000099_HASH,SMART_CONSUMER,3P,0,1,2022-01-09,FW_C_MASKED,HES_VENDOR_C_MASKED,ACTIVE,,
MTR_000100_HASH,SN_000100_HASH,SMART_CONSUMER,1P,0,1,2022-09-07,FW_A_MASKED,HES_VENDOR_C_MASKED,ACTIVE,,
MTR_000101_HASH,SN_000101_HASH,SMART_CONSUMER,3P,0,1,2023-07-21,FW_A_MASKED,HES_VENDOR_A_MASKED,ACTIVE,,
MTR_000102_HASH,SN_000102_HASH,SMART_CONSUMER,3P,0,1,2023-02-11,FW_C_MASKED,HES_VENDOR_A_MASKED,ACTIVE,,
MTR_000103_HASH,SN_000103_HASH,SMART_CONSUMER,1P,0,1,2022-03-02,FW_C_MASKED,HES_VENDOR_C_MASKED,ACTIVE,,
MTR_000104_HASH,SN_000104_HASH,SMART_CONSUMER,1P,0,1,2020-09-21,FW_C_MASKED,HES_VENDOR_C_MASKED,ACTIVE,,
MTR_000105_HASH,SN_000105_HASH,SMART_CONSUMER,1P,0,1,2022-02-05,FW_A_MASKED,HES_VENDOR_B_MASKED,ACTIVE,,
MTR_000106_HASH,SN_000106_HASH,SMART_CONSUMER,3P,1,1,2022-05-22,FW_B_MASKED,HES_VENDOR_C_MASKED,ACTIVE,,
MTR_000107_HASH,SN_000107_HASH,SMART_CONSUMER,3P,1,1,2019-10-23,FW_A_MASKED,HES_VENDOR_A_MASKED,ACTIVE,,
MTR_000108_HASH,SN_000108_HASH,SMART_CONSUMER,1P,0,1,2022-05-30,FW_C_MASKED,HES_VENDOR_B_MASKED,ACTIVE,,
MTR_000109_HASH,SN_000109_HASH,SMART_CONSUMER,3P,1,1,2023-08-30,FW_B_MASKED,HES_VENDOR_A_MASKED,ACTIVE,,
MTR_000110_HASH,SN_000110_HASH,SMART_CONSUMER,3P,1,1,2020-12-20,FW_A_MASKED,HES_VENDOR_A_MASKED,ACTIVE,,
MTR_000111_HASH,SN_000111_HASH,SMART_CONSUMER,1P,0,1,2023-05-19,FW_B_MASKED,HES_VENDOR_A_MASKED,ACTIVE,,
MTR_000112_HASH,SN_000112_HASH,SMART_CONSUMER,1P,0,1,2022-01-19,FW_C_MASKED,HES_VENDOR_B_MASKED,ACTIVE,,
MTR_000113_HASH,SN_000113_HASH,SMART_CONSUMER,1P,0,1,2023-12-16,FW_B_MASKED,HES_VENDOR_C_MASKED,ACTIVE,,
MTR_000114_HASH,SN_000114_HASH,SMART_CONSUMER,1P,0,1,2020-05-10,FW_B_MASKED,HES_VENDOR_A_MASKED,ACTIVE,,
MTR_000115_HASH,SN_000115_HASH,SMART_CONSUMER,1P,0,1,2023-06-15,FW_C_MASKED,HES_VENDOR_B_MASKED,ACTIVE,,
MTR_000116_HASH,SN_000116_HASH,SMART_CONSUMER,3P,0,1,2023-01-18,FW_C_MASKED,HES_VENDOR_B_MASKED,ACTIVE,,
MTR_000117_HASH,SN_000117_HASH,SMART_CONSUMER,3P,0,1,2022-02-22,FW_C_MASKED,HES_VENDOR_B_MASKED,ACTIVE,,
MTR_000118_HASH,SN_000118_HASH,SMART_CONSUMER,3P,0,1,2021-02-20,FW_A_MASKED,HES_VENDOR_A_MASKED,ACTIVE,,
MTR_000119_HASH,SN_000119_HASH,SMART_CONSUMER,3P,0,1,2023-01-16,FW_B_MASKED,HES_VENDOR_B_MASKED,ACTIVE,,
MTR_000120_HASH,SN_000120_HASH,SMART_CONSUMER,3P,0,1,2021-12-18,FW_C_MASKED,HES_VENDOR_B_MASKED,ACTIVE,,
MTR_000121_HASH,SN_000121_HASH,SMART_CONSUMER,1P,0,1,2023-01-22,FW_B_MASKED,HES_VENDOR_A_MASKED,ACTIVE,,
MTR_000122_HASH,SN_000122_HASH,SMART_CONSUMER,3P,0,1,2021-04-25,FW_A_MASKED,HES_VENDOR_B_MASKED,ACTIVE,,
MTR_000123_HASH,SN_000123_HASH,SMART_CONSUMER,3P,0,1,2020-10-05,FW_B_MASKED,HES_VENDOR_A_MASKED,ACTIVE,,
MTR_000124_HASH,SN_000124_HASH,SMART_CONSUMER,3P,1,1,2022-10-09,FW_C_MASKED,HES_VENDOR_A_MASKED,ACTIVE,,
MTR_000125_HASH,SN_000125_HASH,SMART_CONSUMER,1P,0,1,2022-09-25,FW_A_MASKED,HES_VENDOR_B_MASKED,ACTIVE,,
MTR_000126_HASH,SN_000126_HASH,SMART_CONSUMER,1P,0,1,2024-06-03,FW_C_MASKED,HES_VENDOR_B_MASKED,ACTIVE,,
MTR_000127_HASH,SN_000127_HASH,SMART_CONSUMER,1P,0,1,2023-03-31,FW_B_MASKED,HES_VENDOR_B_MASKED,ACTIVE,,
MTR_000128_HASH,SN_000128_HASH,SMART_CONSUMER,3P,0,1,2023-03-12,FW_A_MASKED,HES_VENDOR_A_MASKED,ACTIVE,,
MTR_000129_HASH,SN_000129_HASH,SMART_CONSUMER,3P,1,1,2024-01-23,FW_B_MASKED,HES_VENDOR_A_MASKED,ACTIVE,,
MTR_000130_HASH,SN_000130_HASH,SMART_CONSUMER,3P,1,1,2023-12-10,FW_A_MASKED,HES_VENDOR_A_MASKED,ACTIVE,,
MTR_000131_HASH,SN_000131_HASH,SMART_CONSUMER,1P,0,1,2024-04-20,FW_C_MASKED,HES_VENDOR_B_MASKED,ACTIVE,,
MTR_000132_HASH,SN_000132_HASH,SMART_CONSUMER,1P,0,1,2021-04-14,FW_C_MASKED,HES_VENDOR_B_MASKED,ACTIVE,,
MTR_000133_HASH,SN_000133_HASH,SMART_CONSUMER,1P,0,1,2020-08-06,FW_B_MASKED,HES_VENDOR_C_MASKED,ACTIVE,,
MTR_000134_HASH,SN_000134_HASH,SMART_CONSUMER,3P,0,1,2020-09-20,FW_C_MASKED,HES_VENDOR_B_MASKED,ACTIVE,,
MTR_000135_HASH,SN_000135_HASH,SMART_CONSUMER,3P,0,1,2024-01-24,FW_C_MASKED,HES_VENDOR_A_MASKED,ACTIVE,,
MTR_000136_HASH,SN_000136_HASH,SMART_CONSUMER,1P,0,1,2024-02-04,FW_A_MASKED,HES_VENDOR_C_MASKED,ACTIVE,,
MTR_000137_HASH,SN_000137_HASH,SMART_CONSUMER,1P,0,1,2021-04-24,FW_A_MASKED,HES_VENDOR_B_MASKED,ACTIVE,,
MTR_000138_HASH,SN_000138_HASH,SMART_CONSUMER,1P,0,1,2023-06-24,FW_C_MASKED,HES_VENDOR_B_MASKED,ACTIVE,,
MTR_000139_HASH,SN_000139_HASH,SMART_CONSUMER,1P,0,1,2023-04-05,FW_C_MASKED,HES_VENDOR_A_MASKED,ACTIVE,,
MTR_000140_HASH,SN_000140_HASH,SMART_CONSUMER,1P,0,1,2023-07-30,FW_B_MASKED,HES_VENDOR_A_MASKED,ACTIVE,,
MTR_000141_HASH,SN_000141_HASH,SMART_CONSUMER,3P,1,1,2023-03-04,FW_A_MASKED,HES_VENDOR_B_MASKED,ACTIVE,,
MTR_000142_HASH,SN_000142_HASH,SMART_CONSUMER,1P,0,1,2021-09-20,FW_B_MASKED,HES_VENDOR_A_MASKED,ACTIVE,,
MTR_000143_HASH,SN_000143_HASH,SMART_CONSUMER,1P,0,1,2022-02-08,FW_A_MASKED,HES_VENDOR_B_MASKED,ACTIVE,,
MTR_000144_HASH,SN_000144_HASH,SMART_CONSUMER,1P,0,1,2021-02-08,FW_B_MASKED,HES_VENDOR_A_MASKED,ACTIVE,,
MTR_000145_HASH,SN_000145_HASH,SMART_CONSUMER,1P,0,1,2023-10-24,FW_A_MASKED,HES_VENDOR_C_MASKED,ACTIVE,,
MTR_000146_HASH,SN_000146_HASH,SMART_CONSUMER,3P,0,1,2022-05-23,FW_C_MASKED,HES_VENDOR_B_MASKED,ACTIVE,,
MTR_000147_HASH,SN_000147_HASH,SMART_CONSUMER,3P,0,1,2022-01-03,FW_B_MASKED,HES_VENDOR_C_MASKED,ACTIVE,,
MTR_000148_HASH,SN_000148_HASH,SMART_CONSUMER,3P,0,1,2020-08-20,FW_C_MASKED,HES_VENDOR_C_MASKED,ACTIVE,,
MTR_000149_HASH,SN_000149_HASH,SMART_CONSUMER,3P,1,1,2023-12-27,FW_A_MASKED,HES_VENDOR_B_MASKED,ACTIVE,,
MTR_000150_HASH,SN_000150_HASH,SMART_CONSUMER,1P,0,1,2020-12-21,FW_C_MASKED,HES_VENDOR_A_MASKED,ACTIVE,,
MTR_000151_HASH,SN_000151_HASH,SMART_CONSUMER,3P,1,1,2022-10-18,FW_B_MASKED,HES_VENDOR_B_MASKED,ACTIVE,,
MTR_000152_HASH,SN_000152_HASH,SMART_CONSUMER,1P,0,1,2020-03-14,FW_A_MASKED,HES_VENDOR_C_MASKED,ACTIVE,,
MTR_000153_HASH,SN_000153_HASH,SMART_CONSUMER,3P,0,1,2021-12-04,FW_A_MASKED,HES_VENDOR_A_MASKED,ACTIVE,,
MTR_000154_HASH,SN_000154_HASH,SMART_CONSUMER,1P,0,1,2024-02-27,FW_B_MASKED,HES_VENDOR_C_MASKED,ACTIVE,,
MTR_000155_HASH,SN_000155_HASH,SMART_CONSUMER,1P,0,1,2023-01-19,FW_C_MASKED,HES_VENDOR_C_MASKED,ACTIVE,,
MTR_000156_HASH,SN_000156_HASH,SMART_CONSUMER,1P,0,1,2023-09-02,FW_C_MASKED,HES_VENDOR_C_MASKED,ACTIVE,,
MTR_000157_HASH,SN_000157_HASH,SMART_CONSUMER,3P,0,1,2021-07-16,FW_C_MASKED,HES_VENDOR_B_MASKED,ACTIVE,,
MTR_000158_HASH,SN_000158_HASH,SMART_CONSUMER,1P,0,1,2020-10-06,FW_C_MASKED,HES_VENDOR_A_MASKED,ACTIVE,,
MTR_000159_HASH,SN_000159_HASH,SMART_CONSUMER,1P,0,1,2021-07-26,FW_B_MASKED,HES_VENDOR_C_MASKED,ACTIVE,,
MTR_000160_HASH,SN_000160_HASH,SMART_CONSUMER,3P,1,1,2021-07-07,FW_A_MASKED,HES_VENDOR_B_MASKED,ACTIVE,,
MTR_000161_HASH,SN_000161_HASH,SMART_CONSUMER,3P,1,1,2022-02-09,FW_B_MASKED,HES_VENDOR_B_MASKED,ACTIVE,,
MTR_000162_HASH,SN_000162_HASH,SMART_CONSUMER,1P,0,1,2020-12-07,FW_B_MASKED,HES_VENDOR_B_MASKED,ACTIVE,,
MTR_000163_HASH,SN_000163_HASH,SMART_CONSUMER,3P,1,1,2024-03-01,FW_A_MASKED,HES_VENDOR_A_MASKED,ACTIVE,,
MTR_000164_HASH,SN_000164_HASH,SMART_CONSUMER,1P,0,1,2019-11-21,FW_B_MASKED,HES_VENDOR_A_MASKED,ACTIVE,,
MTR_000165_HASH,SN_000165_HASH,SMART_CONSUMER,3P,1,1,2019-12-31,FW_B_MASKED,HES_VENDOR_A_MASKED,ACTIVE,,
MTR_000166_HASH,SN_000166_HASH,SMART_CONSUMER,3P,0,1,2021-10-04,FW_B_MASKED,HES_VENDOR_A_MASKED,ACTIVE,,
MTR_000167_HASH,SN_000167_HASH,SMART_CONSUMER,3P,0,1,2022-03-12,FW_C_MASKED,HES_VENDOR_A_MASKED,ACTIVE,,
MTR_000168_HASH,SN_000168_HASH,SMART_CONSUMER,1P,0,1,2021-06-27,FW_B_MASKED,HES_VENDOR_B_MASKED,ACTIVE,,
MTR_000169_HASH,SN_000169_HASH,SMART_CONSUMER,1P,0,1,2020-04-07,FW_C_MASKED,HES_VENDOR_A_MASKED,ACTIVE,,
MTR_000170_HASH,SN_000170_HASH,SMART_CONSUMER,1P,0,1,2021-07-25,FW_A_MASKED,HES_VENDOR_B_MASKED,ACTIVE,,
MTR_000171_HASH,SN_000171_HASH,SMART_CONSUMER,1P,0,1,2023-12-04,FW_A_MASKED,HES_VENDOR_B_MASKED,ACTIVE,,
MTR_000172_HASH,SN_000172_HASH,SMART_CONSUMER,1P,0,1,2021-05-08,FW_B_MASKED,HES_VENDOR_A_MASKED,ACTIVE,,
MTR_000173_HASH,SN_000173_HASH,SMART_CONSUMER,1P,0,1,2021-06-20,FW_A_MASKED,HES_VENDOR_C_MASKED,ACTIVE,,
MTR_000174_HASH,SN_000174_HASH,SMART_CONSUMER,3P,0,1,2023-08-20,FW_C_MASKED,HES_VENDOR_A_MASKED,ACTIVE,,
MTR_000175_HASH,SN_000175_HASH,SMART_CONSUMER,1P,0,1,2021-09-07,FW_C_MASKED,HES_VENDOR_B_MASKED,ACTIVE,,
MTR_000176_HASH,SN_000176_HASH,SMART_CONSUMER,3P,0,1,2023-01-12,FW_C_MASKED,HES_VENDOR_B_MASKED,ACTIVE,,
MTR_000177_HASH,SN_000177_HASH,SMART_CONSUMER,3P,1,1,2020-08-23,FW_A_MASKED,HES_VENDOR_B_MASKED,ACTIVE,,
MTR_000178_HASH,SN_000178_HASH,SMART_CONSUMER,1P,0,1,2021-09-01,FW_B_MASKED,HES_VENDOR_B_MASKED,ACTIVE,,
MTR_000179_HASH,SN_000179_HASH,SMART_CONSUMER,1P,0,1,2023-11-28,FW_C_MASKED,HES_VENDOR_C_MASKED,ACTIVE,,
MTR_000180_HASH,SN_000180_HASH,SMART_CONSUMER,3P,0,1,2020-04-12,FW_B_MASKED,HES_VENDOR_A_MASKED,ACTIVE,,
MTR_000181_HASH,SN_000181_HASH,SMART_CONSUMER,1P,0,1,2020-04-08,FW_B_MASKED,HES_VENDOR_B_MASKED,ACTIVE,,
MTR_000182_HASH,SN_000182_HASH,SMART_CONSUMER,1P,0,1,2023-06-29,FW_B_MASKED,HES_VENDOR_C_MASKED,ACTIVE,,
MTR_000183_HASH,SN_000183_HASH,SMART_CONSUMER,1P,0,1,2022-07-24,FW_C_MASKED,HES_VENDOR_C_MASKED,ACTIVE,,
MTR_000184_HASH,SN_000184_HASH,SMART_CONSUMER,3P,0,1,2021-10-17,FW_B_MASKED,HES_VENDOR_A_MASKED,ACTIVE,,
MTR_000185_HASH,SN_000185_HASH,SMART_CONSUMER,1P,0,1,2022-02-07,FW_B_MASKED,HES_VENDOR_A_MASKED,ACTIVE,,
MTR_000186_HASH,SN_000186_HASH,SMART_CONSUMER,3P,1,1,2024-02-09,FW_A_MASKED,HES_VENDOR_C_MASKED,ACTIVE,,
MTR_000187_HASH,SN_000187_HASH,SMART_CONSUMER,1P,0,1,2020-07-07,FW_B_MASKED,HES_VENDOR_B_MASKED,ACTIVE,,
MTR_000188_HASH,SN_000188_HASH,SMART_CONSUMER,3P,0,1,2024-06-09,FW_C_MASKED,HES_VENDOR_B_MASKED,ACTIVE,,
MTR_000189_HASH,SN_000189_HASH,SMART_CONSUMER,1P,0,1,2024-04-12,FW_B_MASKED,HES_VENDOR_A_MASKED,ACTIVE,,
MTR_000190_HASH,SN_000190_HASH,SMART_CONSUMER,3P,1,1,2023-10-14,FW_C_MASKED,HES_VENDOR_B_MASKED,ACTIVE,,
MTR_000191_HASH,SN_000191_HASH,SMART_CONSUMER,3P,1,1,2020-08-11,FW_A_MASKED,HES_VENDOR_A_MASKED,ACTIVE,,
MTR_000192_HASH,SN_000192_HASH,SMART_CONSUMER,1P,0,1,2020-12-26,FW_B_MASKED,HES_VENDOR_C_MASKED,ACTIVE,,
MTR_000193_HASH,SN_000193_HASH,SMART_CONSUMER,3P,0,1,2021-05-26,FW_C_MASKED,HES_VENDOR_B_MASKED,ACTIVE,,
MTR_000194_HASH,SN_000194_HASH,SMART_CONSUMER,1P,0,1,2022-05-25,FW_B_MASKED,HES_VENDOR_A_MASKED,ACTIVE,,
MTR_000195_HASH,SN_000195_HASH,SMART_CONSUMER,1P,0,1,2022-05-07,FW_B_MASKED,HES_VENDOR_B_MASKED,ACTIVE,,
MTR_000196_HASH,SN_000196_HASH,SMART_CONSUMER,3P,0,1,2021-01-30,FW_C_MASKED,HES_VENDOR_A_MASKED,ACTIVE,,
MTR_000197_HASH,SN_000197_HASH,SMART_CONSUMER,1P,0,1,2021-01-13,FW_A_MASKED,HES_VENDOR_B_MASKED,ACTIVE,,
MTR_000198_HASH,SN_000198_HASH,SMART_CONSUMER,1P,0,1,2020-05-19,FW_B_MASKED,HES_VENDOR_B_MASKED,ACTIVE,,
MTR_000199_HASH,SN_000199_HASH,SMART_CONSUMER,1P,0,1,2021-10-15,FW_B_MASKED,HES_VENDOR_C_MASKED,ACTIVE,,
MTR_000200_HASH,SN_000200_HASH,SMART_CONSUMER,3P,0,1,2024-01-11,FW_C_MASKED,HES_VENDOR_B_MASKED,ACTIVE,,
MTR_000201_HASH,SN_000201_HASH,SMART_CONSUMER,1P,0,1,2022-09-01,FW_B_MASKED,HES_VENDOR_B_MASKED,ACTIVE,,
MTR_000202_HASH,SN_000202_HASH,SMART_CONSUMER,3P,1,1,2021-04-19,FW_B_MASKED,HES_VENDOR_A_MASKED,ACTIVE,,
MTR_000203_HASH,SN_000203_HASH,SMART_CONSUMER,3P,0,1,2023-07-08,FW_C_MASKED,HES_VENDOR_A_MASKED,ACTIVE,,
MTR_000204_HASH,SN_000204_HASH,SMART_CONSUMER,3P,0,1,2023-12-05,FW_C_MASKED,HES_VENDOR_B_MASKED,ACTIVE,,
MTR_000205_HASH,SN_000205_HASH,SMART_CONSUMER,3P,0,1,2022-06-21,FW_C_MASKED,HES_VENDOR_A_MASKED,ACTIVE,,
MTR_000206_HASH,SN_000206_HASH,SMART_CONSUMER,3P,0,1,2020-12-15,FW_B_MASKED,HES_VENDOR_B_MASKED,ACTIVE,,
MTR_000207_HASH,SN_000207_HASH,SMART_CONSUMER,3P,0,1,2024-01-15,FW_A_MASKED,HES_VENDOR_B_MASKED,ACTIVE,,
MTR_000208_HASH,SN_000208_HASH,SMART_CONSUMER,1P,0,1,2022-11-11,FW_C_MASKED,HES_VENDOR_C_MASKED,ACTIVE,,
MTR_000209_HASH,SN_000209_HASH,SMART_CONSUMER,3P,1,1,2024-04-01,FW_B_MASKED,HES_VENDOR_C_MASKED,ACTIVE,,
MTR_000210_HASH,SN_000210_HASH,SMART_CONSUMER,1P,0,1,2023-06-05,FW_B_MASKED,HES_VENDOR_B_MASKED,ACTIVE,,
MTR_000211_HASH,SN_000211_HASH,SMART_CONSUMER,3P,1,1,2022-11-10,FW_B_MASKED,HES_VENDOR_A_MASKED,ACTIVE,,
MTR_000212_HASH,SN_000212_HASH,SMART_CONSUMER,3P,0,1,2021-05-28,FW_A_MASKED,HES_VENDOR_C_MASKED,ACTIVE,,
MTR_000213_HASH,SN_000213_HASH,SMART_CONSUMER,1P,0,1,2024-03-05,FW_B_MASKED,HES_VENDOR_C_MASKED,ACTIVE,,
MTR_000214_HASH,SN_000214_HASH,SMART_CONSUMER,1P,0,1,2022-12-10,FW_A_MASKED,HES_VENDOR_C_MASKED,ACTIVE,,
MTR_000215_HASH,SN_000215_HASH,SMART_CONSUMER,3P,0,1,2020-11-19,FW_C_MASKED,HES_VENDOR_B_MASKED,ACTIVE,,
MTR_000216_HASH,SN_000216_HASH,SMART_CONSUMER,1P,0,1,2021-11-23,FW_B_MASKED,HES_VENDOR_C_MASKED,ACTIVE,,
MTR_000217_HASH,SN_000217_HASH,SMART_CONSUMER,1P,0,1,2020-06-18,FW_C_MASKED,HES_VENDOR_B_MASKED,ACTIVE,,
MTR_000218_HASH,SN_000218_HASH,SMART_CONSUMER,1P,0,1,2023-08-22,FW_B_MASKED,HES_VENDOR_C_MASKED,ACTIVE,,
MTR_000219_HASH,SN_000219_HASH,SMART_CONSUMER,3P,0,1,2023-11-07,FW_A_MASKED,HES_VENDOR_C_MASKED,ACTIVE,,
MTR_000220_HASH,SN_000220_HASH,SMART_CONSUMER,3P,0,1,2024-06-30,FW_B_MASKED,HES_VENDOR_B_MASKED,ACTIVE,,
MTR_000221_HASH,SN_000221_HASH,SMART_CONSUMER,1P,0,1,2019-11-12,FW_C_MASKED,HES_VENDOR_A_MASKED,ACTIVE,,
MTR_000222_HASH,SN_000222_HASH,SMART_CONSUMER,3P,0,1,2022-05-16,FW_C_MASKED,HES_VENDOR_C_MASKED,ACTIVE,,
MTR_000223_HASH,SN_000223_HASH,SMART_CONSUMER,3P,0,1,2021-09-19,FW_C_MASKED,HES_VENDOR_A_MASKED,ACTIVE,,
MTR_000224_HASH,SN_000224_HASH,SMART_CONSUMER,1P,0,1,2023-10-02,FW_B_MASKED,HES_VENDOR_A_MASKED,ACTIVE,,
MTR_000225_HASH,SN_000225_HASH,SMART_CONSUMER,1P,0,1,2023-10-08,FW_B_MASKED,HES_VENDOR_C_MASKED,ACTIVE,,
MTR_000226_HASH,SN_000226_HASH,SMART_CONSUMER,1P,0,1,2020-01-25,FW_B_MASKED,HES_VENDOR_B_MASKED,ACTIVE,,
MTR_000227_HASH,SN_000227_HASH,SMART_CONSUMER,1P,0,1,2024-02-23,FW_B_MASKED,HES_VENDOR_B_MASKED,ACTIVE,,
MTR_000228_HASH,SN_000228_HASH,SMART_CONSUMER,1P,0,1,2019-10-31,FW_C_MASKED,HES_VENDOR_C_MASKED,ACTIVE,,
MTR_000229_HASH,SN_000229_HASH,SMART_CONSUMER,1P,0,1,2024-03-03,FW_C_MASKED,HES_VENDOR_B_MASKED,ACTIVE,,
MTR_000230_HASH,SN_000230_HASH,SMART_CONSUMER,3P,0,1,2021-12-08,FW_A_MASKED,HES_VENDOR_B_MASKED,ACTIVE,,
MTR_000231_HASH,SN_000231_HASH,SMART_CONSUMER,1P,0,1,2022-11-29,FW_C_MASKED,HES_VENDOR_B_MASKED,ACTIVE,,
MTR_000232_HASH,SN_000232_HASH,SMART_CONSUMER,3P,0,1,2020-11-05,FW_C_MASKED,HES_VENDOR_C_MASKED,ACTIVE,,
MTR_000233_HASH,SN_000233_HASH,SMART_CONSUMER,3P,0,1,2021-03-24,FW_C_MASKED,HES_VENDOR_C_MASKED,ACTIVE,,
MTR_000234_HASH,SN_000234_HASH,SMART_CONSUMER,3P,0,1,2023-05-05,FW_A_MASKED,HES_VENDOR_A_MASKED,ACTIVE,,
MTR_000235_HASH,SN_000235_HASH,SMART_CONSUMER,3P,0,1,2020-05-20,FW_C_MASKED,HES_VENDOR_C_MASKED,ACTIVE,,
MTR_000236_HASH,SN_000236_HASH,SMART_CONSUMER,3P,1,1,2023-08-03,FW_B_MASKED,HES_VENDOR_C_MASKED,ACTIVE,,
MTR_000237_HASH,SN_000237_HASH,SMART_CONSUMER,3P,0,1,2023-02-17,FW_A_MASKED,HES_VENDOR_A_MASKED,ACTIVE,,
MTR_000238_HASH,SN_000238_HASH,SMART_CONSUMER,1P,0,1,2020-04-09,FW_B_MASKED,HES_VENDOR_B_MASKED,ACTIVE,,
MTR_000239_HASH,SN_000239_HASH,SMART_CONSUMER,3P,0,1,2020-07-14,FW_C_MASKED,HES_VENDOR_B_MASKED,ACTIVE,,
MTR_000240_HASH,SN_000240_HASH,SMART_CONSUMER,3P,0,1,2020-08-29,FW_B_MASKED,HES_VENDOR_B_MASKED,ACTIVE,,
MTR_000241_HASH,SN_000241_HASH,SMART_CONSUMER,3P,0,1,2020-08-26,FW_B_MASKED,HES_VENDOR_B_MASKED,ACTIVE,,
MTR_000242_HASH,SN_000242_HASH,SMART_CONSUMER,3P,0,1,2023-10-07,FW_B_MASKED,HES_VENDOR_A_MASKED,ACTIVE,,
MTR_000243_HASH,SN_000243_HASH,SMART_CONSUMER,1P,0,1,2020-09-23,FW_B_MASKED,HES_VENDOR_C_MASKED,ACTIVE,,
MTR_000244_HASH,SN_000244_HASH,SMART_CONSUMER,3P,0,1,2021-05-19,FW_C_MASKED,HES_VENDOR_C_MASKED,ACTIVE,,
MTR_000245_HASH,SN_000245_HASH,SMART_CONSUMER,3P,0,1,2020-04-21,FW_B_MASKED,HES_VENDOR_A_MASKED,ACTIVE,,
MTR_000246_HASH,SN_000246_HASH,SMART_CONSUMER,1P,0,1,2021-07-22,FW_B_MASKED,HES_VENDOR_A_MASKED,ACTIVE,,
MTR_000247_HASH,SN_000247_HASH,SMART_CONSUMER,3P,0,1,2020-06-30,FW_C_MASKED,HES_VENDOR_B_MASKED,ACTIVE,,
MTR_000248_HASH,SN_000248_HASH,SMART_CONSUMER,3P,1,1,2021-08-24,FW_B_MASKED,HES_VENDOR_C_MASKED,ACTIVE,,
MTR_000249_HASH,SN_000249_HASH,SMART_CONSUMER,3P,0,1,2024-01-05,FW_C_MASKED,HES_VENDOR_C_MASKED,ACTIVE,,
MTR_000250_HASH,SN_000250_HASH,SMART_CONSUMER,1P,0,1,2023-07-13,FW_C_MASKED,HES_VENDOR_B_MASKED,ACTIVE,,
MTR_000251_HASH,SN_000251_HASH,SMART_CONSUMER,1P,0,1,2023-05-20,FW_C_MASKED,HES_VENDOR_A_MASKED,ACTIVE,,
MTR_000252_HASH,SN_000252_HASH,SMART_CONSUMER,3P,0,1,2022-08-02,FW_B_MASKED,HES_VENDOR_C_MASKED,ACTIVE,,
MTR_000253_HASH,SN_000253_HASH,SMART_CONSUMER,1P,0,1,2022-10-16,FW_C_MASKED,HES_VENDOR_B_MASKED,ACTIVE,,
MTR_000254_HASH,SN_000254_HASH,SMART_CONSUMER,1P,0,1,2023-03-10,FW_B_MASKED,HES_VENDOR_A_MASKED,ACTIVE,,
MTR_000255_HASH,SN_000255_HASH,SMART_CONSUMER,3P,1,1,2021-10-21,FW_C_MASKED,HES_VENDOR_C_MASKED,ACTIVE,,
MTR_000256_HASH,SN_000256_HASH,SMART_CONSUMER,3P,0,1,2022-07-09,FW_C_MASKED,HES_VENDOR_A_MASKED,ACTIVE,,
MTR_000257_HASH,SN_000257_HASH,SMART_CONSUMER,1P,0,1,2024-01-20,FW_B_MASKED,HES_VENDOR_A_MASKED,ACTIVE,,
MTR_000258_HASH,SN_000258_HASH,SMART_CONSUMER,1P,0,1,2020-04-22,FW_C_MASKED,HES_VENDOR_C_MASKED,ACTIVE,,
MTR_000259_HASH,SN_000259_HASH,SMART_CONSUMER,1P,0,1,2023-05-10,FW_A_MASKED,HES_VENDOR_A_MASKED,ACTIVE,,
MTR_000260_HASH,SN_000260_HASH,SMART_CONSUMER,1P,0,1,2023-03-30,FW_B_MASKED,HES_VENDOR_B_MASKED,ACTIVE,,
MTR_000261_HASH,SN_000261_HASH,SMART_CONSUMER,1P,0,1,2024-06-20,FW_A_MASKED,HES_VENDOR_C_MASKED,ACTIVE,,
MTR_000262_HASH,SN_000262_HASH,SMART_CONSUMER,3P,1,1,2023-05-09,FW_B_MASKED,HES_VENDOR_A_MASKED,ACTIVE,,
MTR_000263_HASH,SN_000263_HASH,SMART_CONSUMER,3P,0,1,2023-07-16,FW_B_MASKED,HES_VENDOR_B_MASKED,ACTIVE,,
MTR_000264_HASH,SN_000264_HASH,SMART_CONSUMER,3P,0,1,2021-09-29,FW_B_MASKED,HES_VENDOR_B_MASKED,ACTIVE,,
MTR_000265_HASH,SN_000265_HASH,SMART_CONSUMER,3P,1,1,2023-12-11,FW_B_MASKED,HES_VENDOR_C_MASKED,ACTIVE,,
MTR_000266_HASH,SN_000266_HASH,SMART_CONSUMER,1P,0,1,2021-10-16,FW_A_MASKED,HES_VENDOR_A_MASKED,ACTIVE,,
MTR_000267_HASH,SN_000267_HASH,SMART_CONSUMER,3P,1,1,2020-05-01,FW_B_MASKED,HES_VENDOR_A_MASKED,ACTIVE,,
MTR_000268_HASH,SN_000268_HASH,SMART_CONSUMER,3P,0,1,2024-03-20,FW_C_MASKED,HES_VENDOR_C_MASKED,ACTIVE,,
MTR_000269_HASH,SN_000269_HASH,SMART_CONSUMER,1P,0,1,2023-12-20,FW_B_MASKED,HES_VENDOR_C_MASKED,ACTIVE,,
MTR_000270_HASH,SN_000270_HASH,SMART_CONSUMER,1P,0,1,2020-10-29,FW_A_MASKED,HES_VENDOR_A_MASKED,ACTIVE,,
MTR_000271_HASH,SN_000271_HASH,SMART_CONSUMER,1P,0,1,2024-07-04,FW_A_MASKED,HES_VENDOR_C_MASKED,ACTIVE,,
MTR_000272_HASH,SN_000272_HASH,SMART_CONSUMER,1P,0,1,2021-07-19,FW_B_MASKED,HES_VENDOR_C_MASKED,ACTIVE,,
MTR_000273_HASH,SN_000273_HASH,SMART_CONSUMER,3P,1,1,2020-10-03,FW_A_MASKED,HES_VENDOR_C_MASKED,ACTIVE,,
MTR_000274_HASH,SN_000274_HASH,SMART_CONSUMER,1P,0,1,2024-01-04,FW_A_MASKED,HES_VENDOR_A_MASKED,ACTIVE,,
MTR_000275_HASH,SN_000275_HASH,SMART_CONSUMER,1P,0,1,2021-07-04,FW_C_MASKED,HES_VENDOR_A_MASKED,ACTIVE,,
MTR_000276_HASH,SN_000276_HASH,SMART_CONSUMER,1P,0,1,2020-11-12,FW_C_MASKED,HES_VENDOR_A_MASKED,ACTIVE,,
MTR_000277_HASH,SN_000277_HASH,SMART_CONSUMER,1P,0,1,2023-09-09,FW_A_MASKED,HES_VENDOR_C_MASKED,ACTIVE,,
MTR_000278_HASH,SN_000278_HASH,SMART_CONSUMER,1P,0,1,2021-10-05,FW_A_MASKED,HES_VENDOR_A_MASKED,ACTIVE,,
MTR_000279_HASH,SN_000279_HASH,SMART_CONSUMER,3P,0,1,2024-02-21,FW_A_MASKED,HES_VENDOR_B_MASKED,ACTIVE,,
MTR_000280_HASH,SN_000280_HASH,SMART_CONSUMER,1P,0,1,2024-04-24,FW_A_MASKED,HES_VENDOR_B_MASKED,ACTIVE,,
MTR_000281_HASH,SN_000281_HASH,SMART_CONSUMER,1P,0,1,2021-05-18,FW_A_MASKED,HES_VENDOR_C_MASKED,ACTIVE,,
MTR_000282_HASH,SN_000282_HASH,SMART_CONSUMER,3P,1,1,2022-03-04,FW_C_MASKED,HES_VENDOR_A_MASKED,ACTIVE,,
MTR_000283_HASH,SN_000283_HASH,SMART_CONSUMER,1P,0,1,2022-09-08,FW_B_MASKED,HES_VENDOR_C_MASKED,ACTIVE,,
MTR_000284_HASH,SN_000284_HASH,SMART_CONSUMER,1P,0,1,2020-09-20,FW_B_MASKED,HES_VENDOR_B_MASKED,ACTIVE,,
MTR_000285_HASH,SN_000285_HASH,SMART_CONSUMER,3P,0,1,2024-04-02,FW_C_MASKED,HES_VENDOR_A_MASKED,ACTIVE,,
MTR_000286_HASH,SN_000286_HASH,SMART_CONSUMER,3P,0,1,2020-02-16,FW_C_MASKED,HES_VENDOR_C_MASKED,ACTIVE,,
MTR_000287_HASH,SN_000287_HASH,SMART_CONSUMER,1P,0,1,2022-03-10,FW_B_MASKED,HES_VENDOR_A_MASKED,ACTIVE,,
MTR_000288_HASH,SN_000288_HASH,SMART_CONSUMER,1P,0,1,2022-06-09,FW_A_MASKED,HES_VENDOR_C_MASKED,ACTIVE,,
MTR_000289_HASH,SN_000289_HASH,SMART_CONSUMER,3P,0,1,2023-07-17,FW_B_MASKED,HES_VENDOR_B_MASKED,ACTIVE,,
MTR_000290_HASH,SN_000290_HASH,SMART_CONSUMER,1P,0,1,2022-08-06,FW_C_MASKED,HES_VENDOR_B_MASKED,ACTIVE,,
MTR_000291_HASH,SN_000291_HASH,SMART_CONSUMER,1P,0,1,2022-09-19,FW_C_MASKED,HES_VENDOR_A_MASKED,ACTIVE,,
MTR_000292_HASH,SN_000292_HASH,SMART_CONSUMER,3P,1,1,2020-04-12,FW_B_MASKED,HES_VENDOR_B_MASKED,ACTIVE,,
MTR_000293_HASH,SN_000293_HASH,SMART_CONSUMER,1P,0,1,2021-01-08,FW_C_MASKED,HES_VENDOR_A_MASKED,ACTIVE,,
MTR_000294_HASH,SN_000294_HASH,SMART_CONSUMER,1P,0,1,2023-07-05,FW_B_MASKED,HES_VENDOR_C_MASKED,ACTIVE,,
MTR_000295_HASH,SN_000295_HASH,SMART_CONSUMER,1P,0,1,2023-12-21,FW_B_MASKED,HES_VENDOR_C_MASKED,ACTIVE,,
MTR_000296_HASH,SN_000296_HASH,SMART_CONSUMER,3P,0,1,2024-07-02,FW_C_MASKED,HES_VENDOR_A_MASKED,ACTIVE,,
MTR_000297_HASH,SN_000297_HASH,SMART_CONSUMER,3P,0,1,2023-06-10,FW_B_MASKED,HES_VENDOR_A_MASKED,ACTIVE,,
MTR_000298_HASH,SN_000298_HASH,SMART_CONSUMER,3P,0,1,2024-02-23,FW_A_MASKED,HES_VENDOR_B_MASKED,ACTIVE,,
MTR_000299_HASH,SN_000299_HASH,SMART_CONSUMER,3P,0,1,2024-05-11,FW_C_MASKED,HES_VENDOR_A_MASKED,ACTIVE,,
MTR_000300_HASH,SN_000300_HASH,SMART_CONSUMER,1P,0,1,2022-10-30,FW_B_MASKED,HES_VENDOR_B_MASKED,ACTIVE,,
MTR_000301_HASH,SN_000301_HASH,SMART_CONSUMER,3P,1,1,2021-03-01,FW_C_MASKED,HES_VENDOR_C_MASKED,ACTIVE,,
MTR_000302_HASH,SN_000302_HASH,SMART_CONSUMER,3P,0,1,2024-05-11,FW_B_MASKED,HES_VENDOR_A_MASKED,ACTIVE,,
MTR_000303_HASH,SN_000303_HASH,SMART_CONSUMER,1P,0,1,2024-03-09,FW_A_MASKED,HES_VENDOR_A_MASKED,ACTIVE,,
MTR_000304_HASH,SN_000304_HASH,SMART_CONSUMER,3P,0,1,2024-01-20,FW_A_MASKED,HES_VENDOR_C_MASKED,ACTIVE,,
MTR_000305_HASH,SN_000305_HASH,SMART_CONSUMER,1P,0,1,2020-03-04,FW_B_MASKED,HES_VENDOR_A_MASKED,ACTIVE,,
MTR_000306_HASH,SN_000306_HASH,SMART_CONSUMER,3P,0,1,2020-04-30,FW_A_MASKED,HES_VENDOR_C_MASKED,ACTIVE,,
MTR_000307_HASH,SN_000307_HASH,SMART_CONSUMER,3P,0,1,2022-12-18,FW_A_MASKED,HES_VENDOR_C_MASKED,ACTIVE,,
MTR_000308_HASH,SN_000308_HASH,SMART_CONSUMER,1P,0,1,2023-01-07,FW_C_MASKED,HES_VENDOR_C_MASKED,ACTIVE,,
MTR_000309_HASH,SN_000309_HASH,SMART_CONSUMER,3P,0,1,2020-07-22,FW_A_MASKED,HES_VENDOR_C_MASKED,ACTIVE,,
MTR_000310_HASH,SN_000310_HASH,SMART_CONSUMER,1P,0,1,2021-04-28,FW_C_MASKED,HES_VENDOR_A_MASKED,ACTIVE,,
MTR_000311_HASH,SN_000311_HASH,SMART_CONSUMER,1P,0,1,2020-05-16,FW_B_MASKED,HES_VENDOR_B_MASKED,ACTIVE,,
MTR_000312_HASH,SN_000312_HASH,SMART_CONSUMER,1P,0,1,2023-04-11,FW_A_MASKED,HES_VENDOR_B_MASKED,ACTIVE,,
MTR_000313_HASH,SN_000313_HASH,SMART_CONSUMER,3P,0,1,2022-02-20,FW_C_MASKED,HES_VENDOR_A_MASKED,ACTIVE,,
MTR_000314_HASH,SN_000314_HASH,SMART_CONSUMER,1P,0,1,2022-08-08,FW_A_MASKED,HES_VENDOR_B_MASKED,ACTIVE,,
MTR_000315_HASH,SN_000315_HASH,SMART_CONSUMER,3P,0,1,2020-12-06,FW_C_MASKED,HES_VENDOR_C_MASKED,ACTIVE,,
MTR_000316_HASH,SN_000316_HASH,SMART_CONSUMER,1P,0,1,2022-02-16,FW_A_MASKED,HES_VENDOR_B_MASKED,ACTIVE,,
MTR_000317_HASH,SN_000317_HASH,SMART_CONSUMER,3P,0,1,2019-12-18,FW_C_MASKED,HES_VENDOR_B_MASKED,ACTIVE,,
MTR_000318_HASH,SN_000318_HASH,SMART_CONSUMER,1P,0,1,2023-04-06,FW_B_MASKED,HES_VENDOR_C_MASKED,ACTIVE,,
MTR_000319_HASH,SN_000319_HASH,SMART_CONSUMER,1P,0,1,2024-03-07,FW_A_MASKED,HES_VENDOR_C_MASKED,ACTIVE,,
MTR_000320_HASH,SN_000320_HASH,SMART_CONSUMER,1P,0,1,2022-02-06,FW_A_MASKED,HES_VENDOR_A_MASKED,ACTIVE,,
MTR_000321_HASH,SN_000321_HASH,SMART_CONSUMER,3P,1,1,2020-03-06,FW_A_MASKED,HES_VENDOR_B_MASKED,ACTIVE,,
MTR_000322_HASH,SN_000322_HASH,SMART_CONSUMER,1P,0,1,2022-01-01,FW_C_MASKED,HES_VENDOR_C_MASKED,ACTIVE,,
MTR_000323_HASH,SN_000323_HASH,SMART_CONSUMER,3P,1,1,2022-09-05,FW_C_MASKED,HES_VENDOR_A_MASKED,ACTIVE,,
MTR_000324_HASH,SN_000324_HASH,SMART_CONSUMER,1P,0,1,2021-02-23,FW_C_MASKED,HES_VENDOR_A_MASKED,ACTIVE,,
MTR_000325_HASH,SN_000325_HASH,SMART_CONSUMER,1P,0,1,2022-03-22,FW_A_MASKED,HES_VENDOR_C_MASKED,ACTIVE,,
MTR_000326_HASH,SN_000326_HASH,SMART_CONSUMER,3P,0,1,2022-12-19,FW_C_MASKED,HES_VENDOR_C_MASKED,ACTIVE,,
MTR_000327_HASH,SN_000327_HASH,SMART_CONSUMER,1P,0,1,2021-09-19,FW_A_MASKED,HES_VENDOR_B_MASKED,ACTIVE,,
MTR_000328_HASH,SN_000328_HASH,SMART_CONSUMER,1P,0,1,2019-11-22,FW_B_MASKED,HES_VENDOR_C_MASKED,ACTIVE,,
MTR_000329_HASH,SN_000329_HASH,SMART_CONSUMER,1P,0,1,2020-09-22,FW_B_MASKED,HES_VENDOR_A_MASKED,ACTIVE,,
MTR_000330_HASH,SN_000330_HASH,SMART_CONSUMER,1P,0,1,2023-01-10,FW_C_MASKED,HES_VENDOR_C_MASKED,ACTIVE,,
MTR_000331_HASH,SN_000331_HASH,SMART_CONSUMER,3P,0,1,2023-03-26,FW_A_MASKED,HES_VENDOR_C_MASKED,ACTIVE,,
MTR_000332_HASH,SN_000332_HASH,SMART_CONSUMER,3P,0,1,2020-10-27,FW_B_MASKED,HES_VENDOR_A_MASKED,ACTIVE,,
MTR_000333_HASH,SN_000333_HASH,SMART_CONSUMER,3P,0,1,2021-10-23,FW_C_MASKED,HES_VENDOR_A_MASKED,ACTIVE,,
MTR_000334_HASH,SN_000334_HASH,SMART_CONSUMER,1P,0,1,2021-03-23,FW_A_MASKED,HES_VENDOR_C_MASKED,ACTIVE,,
MTR_000335_HASH,SN_000335_HASH,SMART_CONSUMER,1P,0,1,2022-07-25,FW_A_MASKED,HES_VENDOR_C_MASKED,ACTIVE,,
MTR_000336_HASH,SN_000336_HASH,SMART_CONSUMER,1P,0,1,2021-03-31,FW_B_MASKED,HES_VENDOR_C_MASKED,ACTIVE,,
MTR_000337_HASH,SN_000337_HASH,SMART_CONSUMER,1P,0,1,2020-03-22,FW_A_MASKED,HES_VENDOR_A_MASKED,ACTIVE,,
MTR_000338_HASH,SN_000338_HASH,SMART_CONSUMER,3P,0,1,2022-09-24,FW_A_MASKED,HES_VENDOR_C_MASKED,ACTIVE,,
MTR_000339_HASH,SN_000339_HASH,SMART_CONSUMER,3P,1,1,2021-04-01,FW_B_MASKED,HES_VENDOR_C_MASKED,ACTIVE,,
MTR_000340_HASH,SN_000340_HASH,SMART_CONSUMER,3P,1,1,2020-08-19,FW_C_MASKED,HES_VENDOR_A_MASKED,ACTIVE,,
MTR_000341_HASH,SN_000341_HASH,SMART_CONSUMER,1P,0,1,2024-05-05,FW_B_MASKED,HES_VENDOR_A_MASKED,ACTIVE,,
MTR_000342_HASH,SN_000342_HASH,SMART_CONSUMER,3P,1,1,2020-12-23,FW_B_MASKED,HES_VENDOR_C_MASKED,ACTIVE,,
MTR_000343_HASH,SN_000343_HASH,SMART_CONSUMER,3P,0,1,2022-02-08,FW_B_MASKED,HES_VENDOR_B_MASKED,ACTIVE,,
MTR_000344_HASH,SN_000344_HASH,SMART_CONSUMER,3P,0,1,2022-11-15,FW_B_MASKED,HES_VENDOR_C_MASKED,ACTIVE,,
MTR_000345_HASH,SN_000345_HASH,SMART_CONSUMER,3P,0,1,2023-12-13,FW_C_MASKED,HES_VENDOR_C_MASKED,ACTIVE,,
MTR_000346_HASH,SN_000346_HASH,SMART_CONSUMER,1P,0,1,2021-02-26,FW_C_MASKED,HES_VENDOR_C_MASKED,ACTIVE,,
MTR_000347_HASH,SN_000347_HASH,SMART_CONSUMER,1P,0,1,2023-06-05,FW_C_MASKED,HES_VENDOR_C_MASKED,ACTIVE,,
MTR_000348_HASH,SN_000348_HASH,SMART_CONSUMER,1P,0,1,2021-04-09,FW_B_MASKED,HES_VENDOR_B_MASKED,ACTIVE,,
MTR_000349_HASH,SN_000349_HASH,SMART_CONSUMER,1P,0,1,2019-11-03,FW_A_MASKED,HES_VENDOR_B_MASKED,ACTIVE,,
MTR_000350_HASH,SN_000350_HASH,SMART_CONSUMER,1P,0,1,2020-05-30,FW_C_MASKED,HES_VENDOR_C_MASKED,ACTIVE,,
MTR_000351_HASH,SN_000351_HASH,SMART_CONSUMER,3P,0,1,2024-02-03,FW_B_MASKED,HES_VENDOR_B_MASKED,ACTIVE,,
MTR_000352_HASH,SN_000352_HASH,SMART_CONSUMER,3P,0,1,2021-07-08,FW_C_MASKED,HES_VENDOR_A_MASKED,ACTIVE,,
MTR_000353_HASH,SN_000353_HASH,SMART_CONSUMER,3P,0,1,2023-03-08,FW_C_MASKED,HES_VENDOR_B_MASKED,ACTIVE,,
MTR_000354_HASH,SN_000354_HASH,SMART_CONSUMER,1P,0,1,2022-09-14,FW_B_MASKED,HES_VENDOR_A_MASKED,ACTIVE,,
MTR_000355_HASH,SN_000355_HASH,SMART_CONSUMER,1P,0,1,2023-04-01,FW_C_MASKED,HES_VENDOR_A_MASKED,ACTIVE,,
MTR_000356_HASH,SN_000356_HASH,SMART_CONSUMER,1P,0,1,2021-06-27,FW_B_MASKED,HES_VENDOR_B_MASKED,ACTIVE,,
MTR_000357_HASH,SN_000357_HASH,SMART_CONSUMER,3P,0,1,2019-12-30,FW_B_MASKED,HES_VENDOR_B_MASKED,ACTIVE,,
MTR_000358_HASH,SN_000358_HASH,SMART_CONSUMER,1P,0,1,2022-06-18,FW_B_MASKED,HES_VENDOR_B_MASKED,ACTIVE,,
MTR_000359_HASH,SN_000359_HASH,SMART_CONSUMER,1P,0,1,2024-02-29,FW_B_MASKED,HES_VENDOR_B_MASKED,ACTIVE,,
MTR_000360_HASH,SN_000360_HASH,SMART_CONSUMER,3P,0,1,2024-03-20,FW_B_MASKED,HES_VENDOR_A_MASKED,ACTIVE,,
