service_point_id_hash,consumer_category,premise_subtype,bhk_count,household_size,appliance_ac_count,business_subtype,industry_subtype,tariff_category,sanctioned_load_kw,connection_status,gruha_jyothi_eligible,net_metering_flag,solar_capacity_kw,ev_flag,occupancy_pattern,opening_hour,closing_hour,weekly_off_day,monthly_baseline_units,demo_realism_note,demo_case_tag,solar_panel_orientation,solar_installation_date,ev_charger_type
SP_000001_HASH,RESIDENTIAL,3BHK_FAMILY,3.0,4.0,1.0,,,LT2A_RESIDENTIAL,3.0,SUSPENDED_NON_PAYMENT,1,0,0.0,1,MIXED_USE,,,,234.18,BHK/shop/industry subtype used for peer comparison and different 15-min load shapes,SUPPRESSED_NON_ACTIVE_STATUS,,,AC_3_3KW
SP_000002_HASH,RESIDENTIAL,2BHK_SMALL_FAMILY,2.0,2.0,1.0,,,LT2A_RESIDENTIAL,2.0,SUSPENDED_NON_PAYMENT,1,0,0.0,0,FAMILY,,,,96.03,BHK/shop/industry subtype used for peer comparison and different 15-min load shapes,SUPPRESSED_NON_ACTIVE_STATUS,,,
SP_000003_HASH,RESIDENTIAL,2BHK_SMALL_FAMILY,2.0,3.0,1.0,,,LT2A_RESIDENTIAL,5.0,SUSPENDED_NON_PAYMENT,0,0,0.0,0,FAMILY,,,,238.54,BHK/shop/industry subtype used for peer comparison and different 15-min load shapes,SUPPRESSED_NON_ACTIVE_STATUS,,,
SP_000004_HASH,RESIDENTIAL,3BHK_FAMILY,3.0,4.0,1.0,,,LT2A_RESIDENTIAL,5.0,ACTIVE,0,0,0.0,0,WORKING_COUPLE,,,,222.96,BHK/shop/industry subtype used for peer comparison and different 15-min load shapes,,,,
SP_000005_HASH,RESIDENTIAL,2BHK_SMALL_FAMILY,2.0,4.0,1.0,,,LT2A_RESIDENTIAL,3.0,SUSPENDED_NON_PAYMENT,1,0,0.0,0,SENIOR_CITIZEN,,,,137.3,BHK/shop/industry subtype used for peer comparison and different 15-min load shapes,SUPPRESSED_NON_ACTIVE_STATUS,,,
SP_000006_HASH,COMMERCIAL,SMALL_OFFICE,,,,SMALL_OFFICE,,LT3_COMMERCIAL,3.0,SUSPENDED_NON_PAYMENT,0,0,0.0,0,FAMILY,9.0,20.0,3.0,274.21,BHK/shop/industry subtype used for peer comparison and different 15-min load shapes,SUPPRESSED_NON_ACTIVE_STATUS,,,
SP_000007_HASH,RESIDENTIAL,1BHK_SINGLE_OR_COUPLE,1.0,1.0,0.0,,,LT2A_RESIDENTIAL,2.0,SUSPENDED_NON_PAYMENT,0,0,0.0,0,FAMILY,,,,33.17,BHK/shop/industry subtype used for peer comparison and different 15-min load shapes,SUPPRESSED_NON_ACTIVE_STATUS,,,
SP_000008_HASH,SMALL_INDUSTRY,WELDING_WORKSHOP,,,,,WELDING_WORKSHOP,LT5_SMALL_INDUSTRY,30.0,SUSPENDED_NON_PAYMENT,0,0,0.0,0,FAMILY,8.0,19.0,6.0,1668.94,BHK/shop/industry subtype used for peer comparison and different 15-min load shapes,SUPPRESSED_NON_ACTIVE_STATUS,,,
SP_000009_HASH,COMMERCIAL,CLINIC,,,,CLINIC,,LT3_COMMERCIAL,5.0,ACTIVE,0,0,0.0,0,FAMILY,9.0,20.0,6.0,231.21,BHK/shop/industry subtype used for peer comparison and different 15-min load shapes,,,,
SP_000010_HASH,APARTMENT_COMMON_AREA,APARTMENT_COMMON_PUMP_LIFT,,,,,,APARTMENT_COMMON,25.0,SUSPENDED_NON_PAYMENT,0,0,0.0,0,MIXED_USE,,,,2163.16,BHK/shop/industry subtype used for peer comparison and different 15-min load shapes,SUPPRESSED_NON_ACTIVE_STATUS,,,
SP_000011_HASH,COMMERCIAL,CLINIC,,,,CLINIC,,LT3_COMMERCIAL,8.0,DISCONNECTED_OWNER_REQUEST,0,0,0.0,0,FAMILY,9.0,20.0,1.0,457.72,BHK/shop/industry subtype used for peer comparison and different 15-min load shapes,SUPPRESSED_NON_ACTIVE_STATUS,,,
SP_000012_HASH,RESIDENTIAL,2BHK_SMALL_FAMILY,2.0,2.0,0.0,,,LT2A_RESIDENTIAL,3.0,DISCONNECTED_OWNER_REQUEST,1,0,0.0,0,MIXED_USE,,,,181.43,BHK/shop/industry subtype used for peer comparison and different 15-min load shapes,SUPPRESSED_NON_ACTIVE_STATUS,,,
SP_000013_HASH,SMALL_INDUSTRY,MACHINE_SHOP,,,,,MACHINE_SHOP,LT5_SMALL_INDUSTRY,10.0,DISCONNECTED_OWNER_REQUEST,0,0,0.0,0,FAMILY,8.0,19.0,5.0,1050.08,BHK/shop/industry subtype used for peer comparison and different 15-min load shapes,SUPPRESSED_NON_ACTIVE_STATUS,,,
SP_000014_HASH,RESIDENTIAL,1BHK_SINGLE_OR_COUPLE,1.0,1.0,0.0,,,LT2A_RESIDENTIAL,1.0,ACTIVE,0,0,0.0,0,VACANT,,,,9.0,BHK/shop/industry subtype used for peer comparison and different 15-min load shapes,,,,
SP_000015_HASH,RESIDENTIAL,4BHK_VILLA_HIGH_LOAD,4.0,6.0,3.0,,,LT2A_RESIDENTIAL,5.0,DISCONNECTED_OWNER_REQUEST,0,0,0.0,0,MIXED_USE,,,,417.76,BHK/shop/industry subtype used for peer comparison and different 15-min load shapes,SUPPRESSED_NON_ACTIVE_STATUS,,,
SP_000016_HASH,SMALL_INDUSTRY,GARMENT_UNIT,,,,,GARMENT_UNIT,LT5_SMALL_INDUSTRY,10.0,DISCONNECTED_OWNER_REQUEST,0,0,0.0,0,FAMILY,8.0,19.0,6.0,891.34,BHK/shop/industry subtype used for peer comparison and different 15-min load shapes,SUPPRESSED_NON_ACTIVE_STATUS,,,
SP_000017_HASH,RESIDENTIAL,4BHK_VILLA_HIGH_LOAD,4.0,4.0,4.0,,,LT2A_RESIDENTIAL,6.0,TEMPORARILY_DISCONNECTED_THEFT_SUSPECTED,1,1,2.0,0,FAMILY,,,,508.84,BHK/shop/industry subtype used for peer comparison and different 15-min load shapes,SUPPRESSED_NON_ACTIVE_STATUS,SOUTH,2023-01-15,
SP_000018_HASH,COMMERCIAL,SALON,,,,SALON,,LT3_COMMERCIAL,5.0,ACTIVE,0,0,0.0,0,VACANT,9.0,21.0,6.0,298.38,BHK/shop/industry subtype used for peer comparison and different 15-min load shapes,,,,
SP_000019_HASH,PUBLIC_LIGHTING,STREET_LIGHTING_FEED,,,,,,PUBLIC_LIGHTING,2.0,TEMPORARILY_DISCONNECTED_THEFT_SUSPECTED,0,0,0.0,0,FAMILY,,,,304.97,BHK/shop/industry subtype used for peer comparison and different 15-min load shapes,SUPPRESSED_NON_ACTIVE_STATUS,,,
SP_000020_HASH,RESIDENTIAL,1BHK_SINGLE_OR_COUPLE,1.0,2.0,0.0,,,LT2A_RESIDENTIAL,1.0,TEMPORARILY_DISCONNECTED_THEFT_SUSPECTED,1,0,0.0,0,SENIOR_CITIZEN,,,,68.42,BHK/shop/industry subtype used for peer comparison and different 15-min load shapes,SUPPRESSED_NON_ACTIVE_STATUS,,,
SP_000021_HASH,RESIDENTIAL,PG_OR_HOSTEL,0.0,12.0,1.0,,,LT2A_RESIDENTIAL,5.0,TEMPORARILY_DISCONNECTED_THEFT_SUSPECTED,0,0,0.0,0,FAMILY,,,,453.71,BHK/shop/industry subtype used for peer comparison and different 15-min load shapes,SUPPRESSED_NON_ACTIVE_STATUS,,,
SP_000022_HASH,COMMERCIAL,RESTAURANT_CAFE,,,,RESTAURANT_CAFE,,LT3_COMMERCIAL,8.0,DISPUTED_BILLING,0,0,0.0,0,FAMILY,8.0,23.0,6.0,655.91,BHK/shop/industry subtype used for peer comparison and different 15-min load shapes,SUPPRESSED_NON_ACTIVE_STATUS,,,
SP_000023_HASH,RESIDENTIAL,PG_OR_HOSTEL,0.0,8.0,0.0,,,LT2A_RESIDENTIAL,5.0,DISPUTED_BILLING,0,0,0.0,0,MIXED_USE,,,,247.09,BHK/shop/industry subtype used for peer comparison and different 15-min load shapes,SUPPRESSED_NON_ACTIVE_STATUS,,,
SP_000024_HASH,RESIDENTIAL,2BHK_SMALL_FAMILY,2.0,4.0,1.0,,,LT2A_RESIDENTIAL,3.0,ACTIVE,0,1,2.0,0,WORKING_COUPLE,,,,226.88,BHK/shop/industry subtype used for peer comparison and different 15-min load shapes,,SOUTH_WEST,2023-02-15,
SP_000025_HASH,RESIDENTIAL,3BHK_FAMILY,3.0,4.0,3.0,,,LT2A_RESIDENTIAL,5.0,DISPUTED_BILLING,1,1,2.0,0,VACANT,,,,67.7,BHK/shop/industry subtype used for peer comparison and different 15-min load shapes,SUPPRESSED_NON_ACTIVE_STATUS,SOUTH,2023-03-15,
SP_000026_HASH,RESIDENTIAL,3BHK_FAMILY,3.0,5.0,2.0,,,LT2A_RESIDENTIAL,5.0,ACTIVE,1,0,0.0,0,FAMILY,,,,309.73,BHK/shop/industry subtype used for peer comparison and different 15-min load shapes,,,,
SP_000027_HASH,COMMERCIAL,BAKERY,,,,BAKERY,,LT3_COMMERCIAL,3.0,ACTIVE,0,0,0.0,0,MIXED_USE,9.0,21.0,0.0,449.74,BHK/shop/industry subtype used for peer comparison and different 15-min load shapes,,,,
SP_000028_HASH,RESIDENTIAL,2BHK_SMALL_FAMILY,2.0,3.0,1.0,,,LT2A_RESIDENTIAL,3.0,ACTIVE,0,0,0.0,0,WORKING_COUPLE,,,,232.8,BHK/shop/industry subtype used for peer comparison and different 15-min load shapes,,,,
SP_000029_HASH,COMMERCIAL,SUPERMARKET_MINI_MART,,,,SUPERMARKET_MINI_MART,,LT3_COMMERCIAL,15.0,ACTIVE,0,0,0.0,0,FAMILY,8.0,22.0,6.0,1220.41,BHK/shop/industry subtype used for peer comparison and different 15-min load shapes,,,,
SP_000030_HASH,COMMERCIAL,SMALL_OFFICE,,,,SMALL_OFFICE,,LT3_COMMERCIAL,8.0,ACTIVE,0,0,0.0,0,SENIOR_CITIZEN,9.0,20.0,0.0,587.56,BHK/shop/industry subtype used for peer comparison and different 15-min load shapes,,,,
SP_000031_HASH,RESIDENTIAL,1BHK_SINGLE_OR_COUPLE,1.0,2.0,0.0,,,LT2A_RESIDENTIAL,2.0,ACTIVE,1,0,0.0,0,MIXED_USE,,,,114.32,BHK/shop/industry subtype used for peer comparison and different 15-min load shapes,,,,
SP_000032_HASH,SMALL_INDUSTRY,GARMENT_UNIT,,,,,GARMENT_UNIT,LT5_SMALL_INDUSTRY,10.0,ACTIVE,0,0,0.0,0,SENIOR_CITIZEN,8.0,19.0,6.0,1001.85,BHK/shop/industry subtype used for peer comparison and different 15-min load shapes,,,,
SP_000033_HASH,RESIDENTIAL,2BHK_SMALL_FAMILY,2.0,3.0,0.0,,,LT2A_RESIDENTIAL,3.0,ACTIVE,1,0,0.0,0,MIXED_USE,,,,119.85,BHK/shop/industry subtype used for peer comparison and different 15-min load shapes,,,,
SP_000034_HASH,RESIDENTIAL,3BHK_FAMILY,3.0,3.0,3.0,,,LT2A_RESIDENTIAL,3.0,ACTIVE,1,0,0.0,0,FAMILY,,,,362.5,BHK/shop/industry subtype used for peer comparison and different 15-min load shapes,,,,
SP_000035_HASH,RESIDENTIAL,4BHK_VILLA_HIGH_LOAD,4.0,4.0,4.0,,,LT2A_RESIDENTIAL,8.0,ACTIVE,1,0,0.0,0,FAMILY,,,,430.6,BHK/shop/industry subtype used for peer comparison and different 15-min load shapes,,,,
SP_000036_HASH,PUBLIC_LIGHTING,STREET_LIGHTING_FEED,,,,,,PUBLIC_LIGHTING,3.0,ACTIVE,0,0,0.0,0,FAMILY,,,,271.04,BHK/shop/industry subtype used for peer comparison and different 15-min load shapes,,,,
SP_000037_HASH,COMMERCIAL,SALON,,,,SALON,,LT3_COMMERCIAL,5.0,ACTIVE,0,0,0.0,0,WORKING_COUPLE,9.0,21.0,5.0,723.97,BHK/shop/industry subtype used for peer comparison and different 15-min load shapes,,,,
SP_000038_HASH,RESIDENTIAL,3BHK_FAMILY,3.0,3.0,1.0,,,LT2A_RESIDENTIAL,5.0,ACTIVE,0,0,0.0,0,FAMILY,,,,264.4,BHK/shop/industry subtype used for peer comparison and different 15-min load shapes,,,,
SP_000039_HASH,COMMERCIAL,SMALL_OFFICE,,,,SMALL_OFFICE,,LT3_COMMERCIAL,8.0,ACTIVE,0,0,0.0,0,FAMILY,9.0,20.0,3.0,748.05,BHK/shop/industry subtype used for peer comparison and different 15-min load shapes,,,,
SP_000040_HASH,COMMERCIAL,RESTAURANT_CAFE,,,,RESTAURANT_CAFE,,LT3_COMMERCIAL,15.0,ACTIVE,0,0,0.0,0,FAMILY,8.0,23.0,6.0,1029.39,BHK/shop/industry subtype used for peer comparison and different 15-min load shapes,,,,
SP_000041_HASH,APARTMENT_COMMON_AREA,APARTMENT_COMMON_PUMP_LIFT,,,,,,APARTMENT_COMMON,20.0,ACTIVE,0,0,0.0,0,WORKING_COUPLE,,,,752.54,BHK/shop/industry subtype used for peer comparison and different 15-min load shapes,,,,
SP_000042_HASH,RESIDENTIAL,2BHK_SMALL_FAMILY,2.0,4.0,0.0,,,LT2A_RESIDENTIAL,2.0,ACTIVE,1,0,0.0,0,WORKING_COUPLE,,,,79.88,BHK/shop/industry subtype used for peer comparison and different 15-min load shapes,,,,
SP_000043_HASH,RESIDENTIAL,1BHK_SINGLE_OR_COUPLE,1.0,1.0,0.0,,,LT2A_RESIDENTIAL,2.0,ACTIVE,1,0,0.0,0,MIXED_USE,,,,17.79,BHK/shop/industry subtype used for peer comparison and different 15-min load shapes,,,,
SP_000044_HASH,APARTMENT_COMMON_AREA,APARTMENT_COMMON_PUMP_LIFT,,,,,,APARTMENT_COMMON,30.0,ACTIVE,0,0,0.0,0,SENIOR_CITIZEN,,,,2337.41,BHK/shop/industry subtype used for peer comparison and different 15-min load shapes,,,,
SP_000045_HASH,RESIDENTIAL,1BHK_SINGLE_OR_COUPLE,1.0,2.0,0.0,,,LT2A_RESIDENTIAL,3.0,ACTIVE,1,0,0.0,0,FAMILY,,,,145.56,BHK/shop/industry subtype used for peer comparison and different 15-min load shapes,,,,
SP_000046_HASH,RESIDENTIAL,2BHK_SMALL_FAMILY,2.0,4.0,0.0,,,LT2A_RESIDENTIAL,5.0,ACTIVE,1,0,0.0,0,FAMILY,,,,80.75,BHK/shop/industry subtype used for peer comparison and different 15-min load shapes,,,,
SP_000047_HASH,APARTMENT_COMMON_AREA,APARTMENT_COMMON_PUMP_LIFT,,,,,,APARTMENT_COMMON,25.0,ACTIVE,0,0,0.0,0,FAMILY,,,,1207.03,BHK/shop/industry subtype used for peer comparison and different 15-min load shapes,,,,
SP_000048_HASH,RESIDENTIAL,3BHK_FAMILY,3.0,5.0,2.0,,,LT2A_RESIDENTIAL,3.0,ACTIVE,1,1,1.0,0,VACANT,,,,53.73,BHK/shop/industry subtype used for peer comparison and different 15-min load shapes,,SOUTH_WEST,2023-04-15,
SP_000049_HASH,RESIDENTIAL,2BHK_SMALL_FAMILY,2.0,4.0,1.0,,,LT2A_RESIDENTIAL,5.0,ACTIVE,1,0,0.0,0,FAMILY,,,,251.06,BHK/shop/industry subtype used for peer comparison and different 15-min load shapes,,,,
SP_000050_HASH,RESIDENTIAL,1BHK_SINGLE_OR_COUPLE,1.0,1.0,0.0,,,LT2A_RESIDENTIAL,1.0,ACTIVE,1,0,0.0,0,SENIOR_CITIZEN,,,,19.95,BHK/shop/industry subtype used for peer comparison and different 15-min load shapes,,,,
SP_000051_HASH,RESIDENTIAL,1BHK_SINGLE_OR_COUPLE,1.0,2.0,0.0,,,LT2A_RESIDENTIAL,2.0,ACTIVE,1,0,0.0,0,FAMILY,,,,147.24,BHK/shop/industry subtype used for peer comparison and different 15-min load shapes,,,,
SP_000052_HASH,RESIDENTIAL,2BHK_SMALL_FAMILY,2.0,3.0,0.0,,,LT2A_RESIDENTIAL,5.0,ACTIVE,1,0,0.0,0,FAMILY,,,,210.21,BHK/shop/industry subtype used for peer comparison and different 15-min load shapes,,,,
SP_000053_HASH,COMMERCIAL,SUPERMARKET_MINI_MART,,,,SUPERMARKET_MINI_MART,,LT3_COMMERCIAL,8.0,ACTIVE,0,0,0.0,0,VACANT,8.0,22.0,5.0,573.78,BHK/shop/industry subtype used for peer comparison and different 15-min load shapes,,,,
SP_000054_HASH,COMMERCIAL,SMALL_OFFICE,,,,SMALL_OFFICE,,LT3_COMMERCIAL,5.0,ACTIVE,0,0,0.0,0,SENIOR_CITIZEN,9.0,20.0,3.0,479.41,BHK/shop/industry subtype used for peer comparison and different 15-min load shapes,,,,
SP_000055_HASH,RESIDENTIAL,1BHK_SINGLE_OR_COUPLE,1.0,2.0,0.0,,,LT2A_RESIDENTIAL,2.0,ACTIVE,1,0,0.0,0,SENIOR_CITIZEN,,,,123.56,BHK/shop/industry subtype used for peer comparison and different 15-min load shapes,,,,
SP_000056_HASH,RESIDENTIAL,1BHK_SINGLE_OR_COUPLE,1.0,2.0,0.0,,,LT2A_RESIDENTIAL,3.0,ACTIVE,1,0,0.0,0,FAMILY,,,,99.6,BHK/shop/industry subtype used for peer comparison and different 15-min load shapes,,,,
SP_000057_HASH,RESIDENTIAL,2BHK_SMALL_FAMILY,2.0,3.0,0.0,,,LT2A_RESIDENTIAL,5.0,ACTIVE,0,0,0.0,0,VACANT,,,,27.39,BHK/shop/industry subtype used for peer comparison and different 15-min load shapes,,,,
SP_000058_HASH,RESIDENTIAL,3BHK_FAMILY,3.0,3.0,2.0,,,LT2A_RESIDENTIAL,5.0,ACTIVE,0,0,0.0,0,FAMILY,,,,344.4,BHK/shop/industry subtype used for peer comparison and different 15-min load shapes,,,,
SP_000059_HASH,RESIDENTIAL,3BHK_FAMILY,3.0,3.0,1.0,,,LT2A_RESIDENTIAL,5.0,ACTIVE,0,1,3.0,0,FAMILY,,,,304.68,BHK/shop/industry subtype used for peer comparison and different 15-min load shapes,,SOUTH,2023-05-15,
SP_000060_HASH,COMMERCIAL,KIRANA_RETAIL_SHOP,,,,KIRANA_RETAIL_SHOP,,LT3_COMMERCIAL,8.0,ACTIVE,0,0,0.0,0,VACANT,9.0,20.0,5.0,256.31,BHK/shop/industry subtype used for peer comparison and different 15-min load shapes,,,,
SP_000061_HASH,COMMERCIAL,SMALL_OFFICE,,,,SMALL_OFFICE,,LT3_COMMERCIAL,3.0,ACTIVE,0,0,0.0,0,FAMILY,9.0,20.0,0.0,258.48,BHK/shop/industry subtype used for peer comparison and different 15-min load shapes,,,,
SP_000062_HASH,COMMERCIAL,BAKERY,,,,BAKERY,,LT3_COMMERCIAL,3.0,ACTIVE,0,0,0.0,0,MIXED_USE,9.0,21.0,1.0,499.13,BHK/shop/industry subtype used for peer comparison and different 15-min load shapes,,,,
SP_000063_HASH,COMMERCIAL,RESTAURANT_CAFE,,,,RESTAURANT_CAFE,,LT3_COMMERCIAL,8.0,ACTIVE,0,0,0.0,0,WORKING_COUPLE,8.0,23.0,4.0,806.68,BHK/shop/industry subtype used for peer comparison and different 15-min load shapes,,,,
SP_000064_HASH,RESIDENTIAL,3BHK_FAMILY,3.0,5.0,2.0,,,LT2A_RESIDENTIAL,5.0,ACTIVE,1,1,3.0,0,VACANT,,,,261.1,BHK/shop/industry subtype used for peer comparison and different 15-min load shapes,,SOUTH_WEST,2023-06-15,
SP_000065_HASH,RESIDENTIAL,3BHK_FAMILY,3.0,4.0,1.0,,,LT2A_RESIDENTIAL,5.0,ACTIVE,0,0,0.0,0,WORKING_COUPLE,,,,290.68,BHK/shop/industry subtype used for peer comparison and different 15-min load shapes,,,,
SP_000066_HASH,RESIDENTIAL,1BHK_SINGLE_OR_COUPLE,1.0,2.0,0.0,,,LT2A_RESIDENTIAL,1.0,ACTIVE,0,0,0.0,0,VACANT,,,,15.97,BHK/shop/industry subtype used for peer comparison and different 15-min load shapes,,,,
SP_000067_HASH,APARTMENT_COMMON_AREA,APARTMENT_COMMON_PUMP_LIFT,,,,,,APARTMENT_COMMON,20.0,ACTIVE,0,0,0.0,0,FAMILY,,,,824.78,BHK/shop/industry subtype used for peer comparison and different 15-min load shapes,,,,
SP_000068_HASH,RESIDENTIAL,2BHK_SMALL_FAMILY,2.0,2.0,0.0,,,LT2A_RESIDENTIAL,2.0,ACTIVE,1,0,0.0,0,WORKING_COUPLE,,,,66.71,BHK/shop/industry subtype used for peer comparison and different 15-min load shapes,,,,
SP_000069_HASH,COMMERCIAL,CLINIC,,,,CLINIC,,LT3_COMMERCIAL,5.0,ACTIVE,0,0,0.0,0,WORKING_COUPLE,9.0,20.0,6.0,515.86,BHK/shop/industry subtype used for peer comparison and different 15-min load shapes,,,,
SP_000070_HASH,RESIDENTIAL,2BHK_SMALL_FAMILY,2.0,3.0,1.0,,,LT2A_RESIDENTIAL,5.0,ACTIVE,1,0,0.0,0,VACANT,,,,28.77,BHK/shop/industry subtype used for peer comparison and different 15-min load shapes,,,,
SP_000071_HASH,APARTMENT_COMMON_AREA,GATED_COMMUNITY_COMMON_AREA,,,,,,APARTMENT_COMMON,10.0,ACTIVE,0,0,0.0,1,FAMILY,,,,500.07,BHK/shop/industry subtype used for peer comparison and different 15-min load shapes,,,,AC_7_2KW
SP_000072_HASH,RESIDENTIAL,PG_OR_HOSTEL,0.0,5.0,0.0,,,LT2A_RESIDENTIAL,5.0,ACTIVE,1,0,0.0,0,FAMILY,,,,173.79,BHK/shop/industry subtype used for peer comparison and different 15-min load shapes,,,,
SP_000073_HASH,COMMERCIAL,CLINIC,,,,CLINIC,,LT3_COMMERCIAL,5.0,ACTIVE,0,0,0.0,0,WORKING_COUPLE,9.0,20.0,2.0,366.32,BHK/shop/industry subtype used for peer comparison and different 15-min load shapes,,,,
SP_000074_HASH,APARTMENT_COMMON_AREA,APARTMENT_COMMON_PUMP_LIFT,,,,,,APARTMENT_COMMON,15.0,ACTIVE,0,0,0.0,0,SENIOR_CITIZEN,,,,541.74,BHK/shop/industry subtype used for peer comparison and different 15-min load shapes,,,,
SP_000075_HASH,RESIDENTIAL,3BHK_FAMILY,3.0,4.0,3.0,,,LT2A_RESIDENTIAL,5.0,ACTIVE,0,0,0.0,0,MIXED_USE,,,,335.21,BHK/shop/industry subtype used for peer comparison and different 15-min load shapes,,,,
SP_000076_HASH,COMMERCIAL,KIRANA_RETAIL_SHOP,,,,KIRANA_RETAIL_SHOP,,LT3_COMMERCIAL,3.0,ACTIVE,0,0,0.0,0,FAMILY,9.0,20.0,2.0,249.65,BHK/shop/industry subtype used for peer comparison and different 15-min load shapes,,,,
SP_000077_HASH,RESIDENTIAL,2BHK_SMALL_FAMILY,2.0,3.0,2.0,,,LT2A_RESIDENTIAL,5.0,ACTIVE,1,0,0.0,0,FAMILY,,,,149.33,BHK/shop/industry subtype used for peer comparison and different 15-min load shapes,,,,
SP_000078_HASH,PUBLIC_LIGHTING,STREET_LIGHTING_FEED,,,,,,PUBLIC_LIGHTING,5.0,ACTIVE,0,0,0.0,0,WORKING_COUPLE,,,,866.13,BHK/shop/industry subtype used for peer comparison and different 15-min load shapes,,,,
SP_000079_HASH,COMMERCIAL,SALON,,,,SALON,,LT3_COMMERCIAL,5.0,ACTIVE,0,0,0.0,0,WORKING_COUPLE,9.0,21.0,6.0,402.55,BHK/shop/industry subtype used for peer comparison and different 15-min load shapes,,,,
SP_000080_HASH,COMMERCIAL,SMALL_OFFICE,,,,SMALL_OFFICE,,LT3_COMMERCIAL,8.0,ACTIVE,0,0,0.0,0,MIXED_USE,9.0,20.0,6.0,668.62,BHK/shop/industry subtype used for peer comparison and different 15-min load shapes,,,,
SP_000081_HASH,COMMERCIAL,RESTAURANT_CAFE,,,,RESTAURANT_CAFE,,LT3_COMMERCIAL,5.0,ACTIVE,0,0,0.0,0,WORKING_COUPLE,8.0,23.0,4.0,794.69,BHK/shop/industry subtype used for peer comparison and different 15-min load shapes,,,,
SP_000082_HASH,COMMERCIAL,SMALL_OFFICE,,,,SMALL_OFFICE,,LT3_COMMERCIAL,5.0,ACTIVE,0,0,0.0,0,WORKING_COUPLE,9.0,20.0,3.0,279.55,BHK/shop/industry subtype used for peer comparison and different 15-min load shapes,,,,
SP_000083_HASH,RESIDENTIAL,3BHK_FAMILY,3.0,3.0,2.0,,,LT2A_RESIDENTIAL,5.0,ACTIVE,0,0,0.0,0,WORKING_COUPLE,,,,316.22,BHK/shop/industry subtype used for peer comparison and different 15-min load shapes,,,,
SP_000084_HASH,SMALL_INDUSTRY,WELDING_WORKSHOP,,,,,WELDING_WORKSHOP,LT5_SMALL_INDUSTRY,15.0,ACTIVE,0,0,0.0,0,FAMILY,8.0,19.0,5.0,1151.44,BHK/shop/industry subtype used for peer comparison and different 15-min load shapes,,,,
SP_000085_HASH,RESIDENTIAL,3BHK_FAMILY,3.0,3.0,2.0,,,LT2A_RESIDENTIAL,5.0,ACTIVE,0,0,0.0,0,VACANT,,,,45.8,BHK/shop/industry subtype used for peer comparison and different 15-min load shapes,,,,
SP_000086_HASH,SMALL_INDUSTRY,WELDING_WORKSHOP,,,,,WELDING_WORKSHOP,LT5_SMALL_INDUSTRY,25.0,ACTIVE,0,0,0.0,0,FAMILY,8.0,19.0,5.0,1635.45,BHK/shop/industry subtype used for peer comparison and different 15-min load shapes,,,,
SP_000087_HASH,COMMERCIAL,KIRANA_RETAIL_SHOP,,,,KIRANA_RETAIL_SHOP,,LT3_COMMERCIAL,5.0,ACTIVE,0,0,0.0,0,FAMILY,9.0,20.0,6.0,303.59,BHK/shop/industry subtype used for peer comparison and different 15-min load shapes,,,,
SP_000088_HASH,RESIDENTIAL,3BHK_FAMILY,3.0,5.0,1.0,,,LT2A_RESIDENTIAL,5.0,ACTIVE,0,0,0.0,0,FAMILY,,,,339.09,BHK/shop/industry subtype used for peer comparison and different 15-min load shapes,,,,
SP_000089_HASH,COMMERCIAL,KIRANA_RETAIL_SHOP,,,,KIRANA_RETAIL_SHOP,,LT3_COMMERCIAL,5.0,ACTIVE,0,0,0.0,0,WORKING_COUPLE,9.0,20.0,5.0,406.35,BHK/shop/industry subtype used for peer comparison and different 15-min load shapes,,,,
SP_000090_HASH,RESIDENTIAL,2BHK_SMALL_FAMILY,2.0,2.0,0.0,,,LT2A_RESIDENTIAL,5.0,ACTIVE,1,0,0.0,0,VACANT,,,,17.91,BHK/shop/industry subtype used for peer comparison and different 15-min load shapes,,,,
SP_000091_HASH,SMALL_INDUSTRY,GARMENT_UNIT,,,,,GARMENT_UNIT,LT5_SMALL_INDUSTRY,15.0,ACTIVE,0,0,0.0,0,WORKING_COUPLE,8.0,19.0,5.0,2104.96,BHK/shop/industry subtype used for peer comparison and different 15-min load shapes,,,,
SP_000092_HASH,RESIDENTIAL,4BHK_VILLA_HIGH_LOAD,4.0,4.0,4.0,,,LT2A_RESIDENTIAL,5.0,ACTIVE,1,0,0.0,0,MIXED_USE,,,,519.17,BHK/shop/industry subtype used for peer comparison and different 15-min load shapes,,,,
SP_000093_HASH,RESIDENTIAL,1BHK_SINGLE_OR_COUPLE,1.0,1.0,0.0,,,LT2A_RESIDENTIAL,1.0,ACTIVE,1,0,0.0,0,FAMILY,,,,75.97,BHK/shop/industry subtype used for peer comparison and different 15-min load shapes,,,,
SP_000094_HASH,RESIDENTIAL,PG_OR_HOSTEL,0.0,8.0,0.0,,,LT2A_RESIDENTIAL,8.0,ACTIVE,1,0,0.0,0,FAMILY,,,,303.26,BHK/shop/industry subtype used for peer comparison and different 15-min load shapes,,,,
SP_000095_HASH,COMMERCIAL,KIRANA_RETAIL_SHOP,,,,KIRANA_RETAIL_SHOP,,LT3_COMMERCIAL,5.0,ACTIVE,0,0,0.0,0,WORKING_COUPLE,9.0,20.0,0.0,223.89,BHK/shop/industry subtype used for peer comparison and different 15-min load shapes,,,,
SP_000096_HASH,RESIDENTIAL,4BHK_VILLA_HIGH_LOAD,4.0,6.0,2.0,,,LT2A_RESIDENTIAL,8.0,ACTIVE,1,1,5.0,0,FAMILY,,,,471.8,BHK/shop/industry subtype used for peer comparison and different 15-min load shapes,,SOUTH,2023-07-15,
SP_000097_HASH,SMALL_INDUSTRY,GARMENT_UNIT,,,,,GARMENT_UNIT,LT5_SMALL_INDUSTRY,15.0,ACTIVE,0,0,0.0,0,FAMILY,8.0,19.0,5.0,1432.73,BHK/shop/industry subtype used for peer comparison and different 15-min load shapes,,,,
SP_000098_HASH,RESIDENTIAL,2BHK_SMALL_FAMILY,2.0,2.0,0.0,,,LT2A_RESIDENTIAL,3.0,ACTIVE,0,1,3.0,0,FAMILY,,,,107.28,BHK/shop/industry subtype used for peer comparison and different 15-min load shapes,,SOUTH_WEST,2023-08-15,
SP_000099_HASH,SMALL_INDUSTRY,MACHINE_SHOP,,,,,MACHINE_SHOP,LT5_SMALL_INDUSTRY,30.0,ACTIVE,0,0,0.0,0,VACANT,8.0,19.0,6.0,2832.87,BHK/shop/industry subtype used for peer comparison and different 15-min load shapes,,,,
SP_000100_HASH,RESIDENTIAL,PG_OR_HOSTEL,0.0,8.0,0.0,,,LT2A_RESIDENTIAL,3.0,ACTIVE,0,0,0.0,0,MIXED_USE,,,,249.93,BHK/shop/industry subtype used for peer comparison and different 15-min load shapes,,,,
SP_000101_HASH,COMMERCIAL,RESTAURANT_CAFE,,,,RESTAURANT_CAFE,,LT3_COMMERCIAL,8.0,ACTIVE,0,0,0.0,0,FAMILY,8.0,23.0,0.0,841.67,BHK/shop/industry subtype used for peer comparison and different 15-min load shapes,,,,
SP_000102_HASH,COMMERCIAL,CLINIC,,,,CLINIC,,LT3_COMMERCIAL,3.0,ACTIVE,0,0,0.0,0,FAMILY,9.0,20.0,2.0,608.31,BHK/shop/industry subtype used for peer comparison and different 15-min load shapes,,,,
SP_000103_HASH,RESIDENTIAL,1BHK_SINGLE_OR_COUPLE,1.0,2.0,0.0,,,LT2A_RESIDENTIAL,1.0,ACTIVE,1,0,0.0,0,WORKING_COUPLE,,,,149.65,BHK/shop/industry subtype used for peer comparison and different 15-min load shapes,,,,
SP_000104_HASH,RESIDENTIAL,1BHK_SINGLE_OR_COUPLE,1.0,1.0,0.0,,,LT2A_RESIDENTIAL,2.0,ACTIVE,1,0,0.0,0,FAMILY,,,,46.7,BHK/shop/industry subtype used for peer comparison and different 15-min load shapes,,,,
SP_000105_HASH,RESIDENTIAL,1BHK_SINGLE_OR_COUPLE,1.0,2.0,1.0,,,LT2A_RESIDENTIAL,1.0,ACTIVE,1,0,0.0,0,FAMILY,,,,193.71,BHK/shop/industry subtype used for peer comparison and different 15-min load shapes,,,,
SP_000106_HASH,APARTMENT_COMMON_AREA,GATED_COMMUNITY_COMMON_AREA,,,,,,APARTMENT_COMMON,30.0,ACTIVE,0,0,0.0,0,FAMILY,,,,1811.48,BHK/shop/industry subtype used for peer comparison and different 15-min load shapes,,,,
SP_000107_HASH,SMALL_INDUSTRY,SMALL_PACKAGING_UNIT,,,,,SMALL_PACKAGING_UNIT,LT5_SMALL_INDUSTRY,20.0,ACTIVE,0,0,0.0,0,FAMILY,8.0,19.0,6.0,1490.8,BHK/shop/industry subtype used for peer comparison and different 15-min load shapes,,,,
SP_000108_HASH,RESIDENTIAL,4BHK_VILLA_HIGH_LOAD,4.0,4.0,3.0,,,LT2A_RESIDENTIAL,5.0,ACTIVE,0,0,0.0,0,FAMILY,,,,320.94,BHK/shop/industry subtype used for peer comparison and different 15-min load shapes,,,,
SP_000109_HASH,COMMERCIAL,RESTAURANT_CAFE,,,,RESTAURANT_CAFE,,LT3_COMMERCIAL,8.0,ACTIVE,0,0,0.0,0,WORKING_COUPLE,8.0,23.0,6.0,629.74,BHK/shop/industry subtype used for peer comparison and different 15-min load shapes,,,,
SP_000110_HASH,COMMERCIAL,SALON,,,,SALON,,LT3_COMMERCIAL,5.0,ACTIVE,0,0,0.0,0,FAMILY,9.0,21.0,6.0,413.02,BHK/shop/industry subtype used for peer comparison and different 15-min load shapes,,,,
SP_000111_HASH,RESIDENTIAL,2BHK_SMALL_FAMILY,2.0,4.0,1.0,,,LT2A_RESIDENTIAL,2.0,ACTIVE,1,0,0.0,0,FAMILY,,,,276.61,BHK/shop/industry subtype used for peer comparison and different 15-min load shapes,,,,
SP_000112_HASH,RESIDENTIAL,2BHK_SMALL_FAMILY,2.0,3.0,1.0,,,LT2A_RESIDENTIAL,3.0,ACTIVE,1,0,0.0,0,FAMILY,,,,67.28,BHK/shop/industry subtype used for peer comparison and different 15-min load shapes,,,,
SP_000113_HASH,RESIDENTIAL,2BHK_SMALL_FAMILY,2.0,2.0,0.0,,,LT2A_RESIDENTIAL,3.0,ACTIVE,0,0,0.0,0,FAMILY,,,,196.46,BHK/shop/industry subtype used for peer comparison and different 15-min load shapes,,,,
SP_000114_HASH,RESIDENTIAL,1BHK_SINGLE_OR_COUPLE,1.0,2.0,0.0,,,LT2A_RESIDENTIAL,1.5,ACTIVE,1,0,0.0,0,LOW_USE_GJ_ELIGIBLE,,,,95.0,BHK/shop/industry subtype used for peer comparison and different 15-min load shapes,FALSE_POSITIVE_RESCUE_GJ,,,
SP_000115_HASH,RESIDENTIAL,1BHK_SINGLE_OR_COUPLE,1.0,2.0,0.0,,,LT2A_RESIDENTIAL,1.0,ACTIVE,1,0,0.0,0,VACANT,,,,15.57,BHK/shop/industry subtype used for peer comparison and different 15-min load shapes,,,,
SP_000116_HASH,SMALL_INDUSTRY,MACHINE_SHOP,,,,,MACHINE_SHOP,LT5_SMALL_INDUSTRY,25.0,ACTIVE,0,0,0.0,0,WORKING_COUPLE,8.0,19.0,5.0,1670.94,BHK/shop/industry subtype used for peer comparison and different 15-min load shapes,,,,
SP_000117_HASH,APARTMENT_COMMON_AREA,APARTMENT_COMMON_PUMP_LIFT,,,,,,APARTMENT_COMMON,20.0,ACTIVE,0,0,0.0,0,FAMILY,,,,894.43,BHK/shop/industry subtype used for peer comparison and different 15-min load shapes,,,,
SP_000118_HASH,SMALL_INDUSTRY,COLD_STORAGE,,,,,COLD_STORAGE,LT5_SMALL_INDUSTRY,30.0,ACTIVE,0,0,0.0,0,SENIOR_CITIZEN,8.0,24.0,6.0,3163.07,BHK/shop/industry subtype used for peer comparison and different 15-min load shapes,,,,
SP_000119_HASH,COMMERCIAL,RESTAURANT_CAFE,,,,RESTAURANT_CAFE,,LT3_COMMERCIAL,8.0,ACTIVE,0,0,0.0,0,MIXED_USE,8.0,23.0,2.0,658.76,BHK/shop/industry subtype used for peer comparison and different 15-min load shapes,,,,
SP_000120_HASH,SMALL_INDUSTRY,WELDING_WORKSHOP,,,,,WELDING_WORKSHOP,LT5_SMALL_INDUSTRY,20.0,ACTIVE,0,0,0.0,0,FAMILY,8.0,19.0,6.0,1278.44,BHK/shop/industry subtype used for peer comparison and different 15-min load shapes,,,,
SP_000121_HASH,RESIDENTIAL,2BHK_SMALL_FAMILY,2.0,2.0,0.0,,,LT2A_RESIDENTIAL,2.0,ACTIVE,1,0,0.0,0,MIXED_USE,,,,75.23,BHK/shop/industry subtype used for peer comparison and different 15-min load shapes,,,,
SP_000122_HASH,COMMERCIAL,SMALL_OFFICE,,,,SMALL_OFFICE,,LT3_COMMERCIAL,8.0,ACTIVE,0,0,0.0,0,WORKING_COUPLE,9.0,20.0,5.0,329.77,BHK/shop/industry subtype used for peer comparison and different 15-min load shapes,,,,
SP_000123_HASH,COMMERCIAL,KIRANA_RETAIL_SHOP,,,,KIRANA_RETAIL_SHOP,,LT3_COMMERCIAL,5.0,ACTIVE,0,0,0.0,0,FAMILY,9.0,20.0,3.0,410.29,BHK/shop/industry subtype used for peer comparison and different 15-min load shapes,,,,
SP_000124_HASH,COMMERCIAL,SMALL_OFFICE,,,,SMALL_OFFICE,,LT3_COMMERCIAL,8.0,ACTIVE,0,0,0.0,0,MIXED_USE,9.0,20.0,2.0,561.31,BHK/shop/industry subtype used for peer comparison and different 15-min load shapes,,,,
SP_000125_HASH,RESIDENTIAL,2BHK_SMALL_FAMILY,2.0,3.0,2.0,,,LT2A_RESIDENTIAL,5.0,ACTIVE,1,0,0.0,1,VACANT,,,,48.43,BHK/shop/industry subtype used for peer comparison and different 15-min load shapes,,,,AC_3_3KW
SP_000126_HASH,RESIDENTIAL,2BHK_SMALL_FAMILY,2.0,4.0,1.0,,,LT2A_RESIDENTIAL,3.0,ACTIVE,0,0,0.0,0,FAMILY,,,,101.06,BHK/shop/industry subtype used for peer comparison and different 15-min load shapes,,,,
SP_000127_HASH,RESIDENTIAL,1BHK_SINGLE_OR_COUPLE,1.0,1.0,0.0,,,LT2A_RESIDENTIAL,2.0,ACTIVE,1,0,0.0,0,FAMILY,,,,34.23,BHK/shop/industry subtype used for peer comparison and different 15-min load shapes,,,,
SP_000128_HASH,PUBLIC_LIGHTING,STREET_LIGHTING_FEED,,,,,,PUBLIC_LIGHTING,5.0,ACTIVE,0,0,0.0,0,FAMILY,,,,539.25,BHK/shop/industry subtype used for peer comparison and different 15-min load shapes,,,,
SP_000129_HASH,APARTMENT_COMMON_AREA,APARTMENT_COMMON_PUMP_LIFT,,,,,,APARTMENT_COMMON,20.0,ACTIVE,0,0,0.0,0,FAMILY,,,,1278.72,BHK/shop/industry subtype used for peer comparison and different 15-min load shapes,,,,
SP_000130_HASH,COMMERCIAL,SUPERMARKET_MINI_MART,,,,SUPERMARKET_MINI_MART,,LT3_COMMERCIAL,12.0,ACTIVE,0,0,0.0,0,FAMILY,8.0,22.0,2.0,1153.07,BHK/shop/industry subtype used for peer comparison and different 15-min load shapes,,,,
SP_000131_HASH,RESIDENTIAL,2BHK_SMALL_FAMILY,2.0,3.0,0.0,,,LT2A_RESIDENTIAL,2.0,ACTIVE,1,0,0.0,0,SENIOR_CITIZEN,,,,89.36,BHK/shop/industry subtype used for peer comparison and different 15-min load shapes,,,,
SP_000132_HASH,RESIDENTIAL,2BHK_SMALL_FAMILY,2.0,2.0,1.0,,,LT2A_RESIDENTIAL,3.0,ACTIVE,0,0,0.0,0,WORKING_COUPLE,,,,225.47,BHK/shop/industry subtype used for peer comparison and different 15-min load shapes,,,,
SP_000133_HASH,RESIDENTIAL,3BHK_FAMILY,3.0,3.0,2.0,,,LT2A_RESIDENTIAL,5.0,ACTIVE,0,0,0.0,0,FAMILY,,,,230.79,BHK/shop/industry subtype used for peer comparison and different 15-min load shapes,,,,
SP_000134_HASH,RESIDENTIAL,4BHK_VILLA_HIGH_LOAD,4.0,6.0,3.0,,,LT2A_RESIDENTIAL,8.0,ACTIVE,0,1,3.0,0,SENIOR_CITIZEN,,,,437.5,BHK/shop/industry subtype used for peer comparison and different 15-min load shapes,,SOUTH,2023-09-15,
SP_000135_HASH,COMMERCIAL,SMALL_OFFICE,,,,SMALL_OFFICE,,LT3_COMMERCIAL,8.0,ACTIVE,0,0,0.0,0,FAMILY,9.0,20.0,1.0,375.43,BHK/shop/industry subtype used for peer comparison and different 15-min load shapes,,,,
SP_000136_HASH,RESIDENTIAL,3BHK_FAMILY,3.0,4.0,1.0,,,LT2A_RESIDENTIAL,5.0,ACTIVE,0,0,0.0,1,MIXED_USE,,,,246.51,BHK/shop/industry subtype used for peer comparison and different 15-min load shapes,,,,AC_7_2KW
SP_000137_HASH,RESIDENTIAL,2BHK_SMALL_FAMILY,2.0,2.0,1.0,,,LT2A_RESIDENTIAL,3.0,ACTIVE,1,0,0.0,0,WORKING_COUPLE,,,,154.07,BHK/shop/industry subtype used for peer comparison and different 15-min load shapes,,,,
SP_000138_HASH,RESIDENTIAL,3BHK_FAMILY,3.0,4.0,2.0,,,LT2A_RESIDENTIAL,3.0,ACTIVE,0,0,0.0,0,MIXED_USE,,,,382.74,BHK/shop/industry subtype used for peer comparison and different 15-min load shapes,,,,
SP_000139_HASH,RESIDENTIAL,1BHK_SINGLE_OR_COUPLE,1.0,2.0,0.0,,,LT2A_RESIDENTIAL,2.0,ACTIVE,1,0,0.0,0,WORKING_COUPLE,,,,91.49,BHK/shop/industry subtype used for peer comparison and different 15-min load shapes,,,,
SP_000140_HASH,RESIDENTIAL,2BHK_SMALL_FAMILY,2.0,2.0,0.0,,,LT2A_RESIDENTIAL,3.0,ACTIVE,1,0,0.0,0,FAMILY,,,,144.16,BHK/shop/industry subtype used for peer comparison and different 15-min load shapes,,,,
SP_000141_HASH,COMMERCIAL,SALON,,,,SALON,,LT3_COMMERCIAL,5.0,ACTIVE,0,0,0.0,0,FAMILY,9.0,21.0,1.0,408.33,BHK/shop/industry subtype used for peer comparison and different 15-min load shapes,,,,
SP_000142_HASH,RESIDENTIAL,2BHK_SMALL_FAMILY,2.0,2.0,0.0,,,LT2A_RESIDENTIAL,3.0,ACTIVE,1,0,0.0,0,FAMILY,,,,210.0,BHK/shop/industry subtype used for peer comparison and different 15-min load shapes,,,,
SP_000143_HASH,RESIDENTIAL,1BHK_SINGLE_OR_COUPLE,1.0,1.0,0.0,,,LT2A_RESIDENTIAL,3.0,ACTIVE,1,0,0.0,0,VACANT,,,,9.92,BHK/shop/industry subtype used for peer comparison and different 15-min load shapes,,,,
SP_000144_HASH,RESIDENTIAL,1BHK_SINGLE_OR_COUPLE,1.0,1.0,0.0,,,LT2A_RESIDENTIAL,1.0,ACTIVE,1,0,0.0,0,SENIOR_CITIZEN,,,,75.67,BHK/shop/industry subtype used for peer comparison and different 15-min load shapes,,,,
SP_000145_HASH,RESIDENTIAL,2BHK_SMALL_FAMILY,2.0,3.0,1.0,,,LT2A_RESIDENTIAL,3.0,ACTIVE,0,0,0.0,0,SENIOR_CITIZEN,,,,199.54,BHK/shop/industry subtype used for peer comparison and different 15-min load shapes,,,,
SP_000146_HASH,COMMERCIAL,SALON,,,,SALON,,LT3_COMMERCIAL,12.0,ACTIVE,0,0,0.0,0,FAMILY,9.0,21.0,6.0,752.62,BHK/shop/industry subtype used for peer comparison and different 15-min load shapes,,,,
SP_000147_HASH,COMMERCIAL,CLINIC,,,,CLINIC,,LT3_COMMERCIAL,2.0,ACTIVE,0,0,0.0,0,VACANT,9.0,20.0,6.0,261.28,BHK/shop/industry subtype used for peer comparison and different 15-min load shapes,,,,
SP_000148_HASH,APARTMENT_COMMON_AREA,APARTMENT_COMMON_PUMP_LIFT,,,,,,APARTMENT_COMMON,30.0,ACTIVE,0,0,0.0,0,FAMILY,,,,1209.15,BHK/shop/industry subtype used for peer comparison and different 15-min load shapes,,,,
SP_000149_HASH,SMALL_INDUSTRY,COLD_STORAGE,,,,,COLD_STORAGE,LT5_SMALL_INDUSTRY,40.0,ACTIVE,0,0,0.0,0,FAMILY,8.0,24.0,6.0,3902.83,BHK/shop/industry subtype used for peer comparison and different 15-min load shapes,,,,
SP_000150_HASH,RESIDENTIAL,3BHK_FAMILY,3.0,5.0,2.0,,,LT2A_RESIDENTIAL,3.0,ACTIVE,0,1,2.0,0,VACANT,,,,55.77,BHK/shop/industry subtype used for peer comparison and different 15-min load shapes,,SOUTH_WEST,2023-01-15,
SP_000151_HASH,PUBLIC_LIGHTING,STREET_LIGHTING_FEED,,,,,,PUBLIC_LIGHTING,3.0,ACTIVE,0,0,0.0,0,SENIOR_CITIZEN,,,,280.35,BHK/shop/industry subtype used for peer comparison and different 15-min load shapes,,,,
SP_000152_HASH,RESIDENTIAL,PG_OR_HOSTEL,0.0,8.0,0.0,,,LT2A_RESIDENTIAL,5.0,ACTIVE,0,0,0.0,0,MIXED_USE,,,,233.98,BHK/shop/industry subtype used for peer comparison and different 15-min load shapes,,,,
SP_000153_HASH,COMMERCIAL,KIRANA_RETAIL_SHOP,,,,KIRANA_RETAIL_SHOP,,LT3_COMMERCIAL,2.0,ACTIVE,0,0,0.0,0,WORKING_COUPLE,9.0,20.0,1.0,153.36,BHK/shop/industry subtype used for peer comparison and different 15-min load shapes,,,,
SP_000154_HASH,RESIDENTIAL,2BHK_SMALL_FAMILY,2.0,3.0,1.0,,,LT2A_RESIDENTIAL,3.0,ACTIVE,0,0,0.0,0,WORKING_COUPLE,,,,166.18,BHK/shop/industry subtype used for peer comparison and different 15-min load shapes,,,,
SP_000155_HASH,RESIDENTIAL,3BHK_FAMILY,3.0,3.0,1.0,,,LT2A_RESIDENTIAL,5.0,ACTIVE,1,0,0.0,0,SENIOR_CITIZEN,,,,227.1,BHK/shop/industry subtype used for peer comparison and different 15-min load shapes,,,,
SP_000156_HASH,RESIDENTIAL,2BHK_SMALL_FAMILY,2.0,2.0,1.0,,,LT2A_RESIDENTIAL,3.0,ACTIVE,0,0,0.0,0,FAMILY,,,,173.92,BHK/shop/industry subtype used for peer comparison and different 15-min load shapes,,,,
SP_000157_HASH,RESIDENTIAL,4BHK_VILLA_HIGH_LOAD,4.0,4.0,3.0,,,LT2A_RESIDENTIAL,6.0,ACTIVE,0,1,3.0,0,FAMILY,,,,360.63,BHK/shop/industry subtype used for peer comparison and different 15-min load shapes,,SOUTH,2023-02-15,
SP_000158_HASH,RESIDENTIAL,1BHK_SINGLE_OR_COUPLE,1.0,1.0,0.0,,,LT2A_RESIDENTIAL,1.0,ACTIVE,0,0,0.0,0,VACANT,,,,12.68,BHK/shop/industry subtype used for peer comparison and different 15-min load shapes,,,,
SP_000159_HASH,RESIDENTIAL,2BHK_SMALL_FAMILY,2.0,2.0,1.0,,,LT2A_RESIDENTIAL,3.0,ACTIVE,1,0,0.0,0,MIXED_USE,,,,261.9,BHK/shop/industry subtype used for peer comparison and different 15-min load shapes,,,,
SP_000160_HASH,COMMERCIAL,CLINIC,,,,CLINIC,,LT3_COMMERCIAL,5.0,ACTIVE,0,0,0.0,0,FAMILY,9.0,20.0,0.0,530.47,BHK/shop/industry subtype used for peer comparison and different 15-min load shapes,,,,
SP_000161_HASH,COMMERCIAL,SMALL_OFFICE,,,,SMALL_OFFICE,,LT3_COMMERCIAL,8.0,ACTIVE,0,0,0.0,0,WORKING_COUPLE,9.0,20.0,2.0,413.1,BHK/shop/industry subtype used for peer comparison and different 15-min load shapes,,,,
SP_000162_HASH,RESIDENTIAL,1BHK_SINGLE_OR_COUPLE,1.0,1.0,0.0,,,LT2A_RESIDENTIAL,3.0,ACTIVE,1,0,0.0,0,VACANT,,,,9.44,BHK/shop/industry subtype used for peer comparison and different 15-min load shapes,,,,
SP_000163_HASH,COMMERCIAL,SMALL_OFFICE,,,,SMALL_OFFICE,,LT3_COMMERCIAL,5.0,ACTIVE,0,0,0.0,0,FAMILY,9.0,20.0,6.0,492.02,BHK/shop/industry subtype used for peer comparison and different 15-min load shapes,,,,
SP_000164_HASH,RESIDENTIAL,1BHK_SINGLE_OR_COUPLE,1.0,1.0,0.0,,,LT2A_RESIDENTIAL,1.0,ACTIVE,1,0,0.0,0,WORKING_COUPLE,,,,123.97,BHK/shop/industry subtype used for peer comparison and different 15-min load shapes,,,,
SP_000165_HASH,APARTMENT_COMMON_AREA,GATED_COMMUNITY_COMMON_AREA,,,,,,APARTMENT_COMMON,10.0,ACTIVE,0,0,0.0,0,FAMILY,,,,575.17,BHK/shop/industry subtype used for peer comparison and different 15-min load shapes,,,,
SP_000166_HASH,COMMERCIAL,SUPERMARKET_MINI_MART,,,,SUPERMARKET_MINI_MART,,LT3_COMMERCIAL,15.0,ACTIVE,0,0,0.0,0,FAMILY,8.0,22.0,2.0,1495.93,BHK/shop/industry subtype used for peer comparison and different 15-min load shapes,,,,
SP_000167_HASH,RESIDENTIAL,3BHK_FAMILY,3.0,4.0,3.0,,,LT2A_RESIDENTIAL,6.0,ACTIVE,0,0,0.0,0,FAMILY,,,,384.15,BHK/shop/industry subtype used for peer comparison and different 15-min load shapes,,,,
SP_000168_HASH,RESIDENTIAL,1BHK_SINGLE_OR_COUPLE,1.0,2.0,0.0,,,LT2A_RESIDENTIAL,3.0,ACTIVE,1,0,0.0,0,WORKING_COUPLE,,,,103.54,BHK/shop/industry subtype used for peer comparison and different 15-min load shapes,,,,
SP_000169_HASH,RESIDENTIAL,2BHK_SMALL_FAMILY,2.0,3.0,1.0,,,LT2A_RESIDENTIAL,5.0,ACTIVE,1,0,0.0,0,FAMILY,,,,160.52,BHK/shop/industry subtype used for peer comparison and different 15-min load shapes,,,,
SP_000170_HASH,RESIDENTIAL,3BHK_FAMILY,3.0,4.0,2.0,,,LT2A_RESIDENTIAL,3.0,ACTIVE,0,1,2.0,0,VACANT,,,,37.6,BHK/shop/industry subtype used for peer comparison and different 15-min load shapes,,SOUTH_WEST,2023-03-15,
SP_000171_HASH,RESIDENTIAL,3BHK_FAMILY,3.0,4.0,2.0,,,LT2A_RESIDENTIAL,5.0,ACTIVE,0,0,0.0,0,FAMILY,,,,349.95,BHK/shop/industry subtype used for peer comparison and different 15-min load shapes,,,,
SP_000172_HASH,RESIDENTIAL,1BHK_SINGLE_OR_COUPLE,1.0,1.0,0.0,,,LT2A_RESIDENTIAL,1.0,ACTIVE,1,0,0.0,0,MIXED_USE,,,,40.07,BHK/shop/industry subtype used for peer comparison and different 15-min load shapes,,,,
SP_000173_HASH,RESIDENTIAL,3BHK_FAMILY,3.0,4.0,2.0,,,LT2A_RESIDENTIAL,3.0,ACTIVE,1,0,0.0,0,FAMILY,,,,263.12,BHK/shop/industry subtype used for peer comparison and different 15-min load shapes,,,,
SP_000174_HASH,SMALL_INDUSTRY,COLD_STORAGE,,,,,COLD_STORAGE,LT5_SMALL_INDUSTRY,25.0,ACTIVE,0,0,0.0,0,FAMILY,8.0,24.0,5.0,3609.12,BHK/shop/industry subtype used for peer comparison and different 15-min load shapes,,,,
SP_000175_HASH,RESIDENTIAL,1BHK_SINGLE_OR_COUPLE,1.0,1.0,0.0,,,LT2A_RESIDENTIAL,2.0,ACTIVE,1,0,0.0,0,VACANT,,,,99.75,BHK/shop/industry subtype used for peer comparison and different 15-min load shapes,,,,
SP_000176_HASH,SMALL_INDUSTRY,WELDING_WORKSHOP,,,,,WELDING_WORKSHOP,LT5_SMALL_INDUSTRY,15.0,ACTIVE,0,0,0.0,0,FAMILY,8.0,19.0,6.0,1212.85,BHK/shop/industry subtype used for peer comparison and different 15-min load shapes,,,,
SP_000177_HASH,APARTMENT_COMMON_AREA,APARTMENT_COMMON_PUMP_LIFT,,,,,,APARTMENT_COMMON,10.0,ACTIVE,0,0,0.0,0,FAMILY,,,,454.83,BHK/shop/industry subtype used for peer comparison and different 15-min load shapes,,,,
SP_000178_HASH,RESIDENTIAL,3BHK_FAMILY,3.0,5.0,3.0,,,LT2A_RESIDENTIAL,5.0,ACTIVE,0,0,0.0,0,FAMILY,,,,472.45,BHK/shop/industry subtype used for peer comparison and different 15-min load shapes,,,,
SP_000179_HASH,RESIDENTIAL,3BHK_FAMILY,3.0,5.0,2.0,,,LT2A_RESIDENTIAL,5.0,ACTIVE,0,0,0.0,1,FAMILY,,,,258.33,BHK/shop/industry subtype used for peer comparison and different 15-min load shapes,,,,AC_3_3KW
SP_000180_HASH,SMALL_INDUSTRY,WELDING_WORKSHOP,,,,,WELDING_WORKSHOP,LT5_SMALL_INDUSTRY,10.0,ACTIVE,0,0,0.0,0,SENIOR_CITIZEN,8.0,19.0,5.0,1257.03,BHK/shop/industry subtype used for peer comparison and different 15-min load shapes,,,,
SP_000181_HASH,RESIDENTIAL,2BHK_SMALL_FAMILY,2.0,2.0,0.0,,,LT2A_RESIDENTIAL,5.0,ACTIVE,1,0,0.0,0,MIXED_USE,,,,78.62,BHK/shop/industry subtype used for peer comparison and different 15-min load shapes,,,,
SP_000182_HASH,RESIDENTIAL,3BHK_FAMILY,3.0,3.0,1.0,,,LT2A_RESIDENTIAL,5.0,ACTIVE,0,1,5.0,0,VACANT,,,,32.87,BHK/shop/industry subtype used for peer comparison and different 15-min load shapes,,SOUTH,2023-04-15,
SP_000183_HASH,RESIDENTIAL,2BHK_SMALL_FAMILY,2.0,3.0,1.0,,,LT2A_RESIDENTIAL,3.0,ACTIVE,1,0,0.0,0,FAMILY,,,,88.75,BHK/shop/industry subtype used for peer comparison and different 15-min load shapes,,,,
SP_000184_HASH,COMMERCIAL,SUPERMARKET_MINI_MART,,,,SUPERMARKET_MINI_MART,,LT3_COMMERCIAL,12.0,ACTIVE,0,0,0.0,0,WORKING_COUPLE,8.0,22.0,6.0,1251.21,BHK/shop/industry subtype used for peer comparison and different 15-min load shapes,,,,
SP_000185_HASH,RESIDENTIAL,2BHK_SMALL_FAMILY,2.0,3.0,1.0,,,LT2A_RESIDENTIAL,2.0,ACTIVE,1,0,0.0,0,FAMILY,,,,277.12,BHK/shop/industry subtype used for peer comparison and different 15-min load shapes,,,,
SP_000186_HASH,COMMERCIAL,KIRANA_RETAIL_SHOP,,,,KIRANA_RETAIL_SHOP,,LT3_COMMERCIAL,5.0,ACTIVE,0,0,0.0,0,FAMILY,9.0,20.0,1.0,342.3,BHK/shop/industry subtype used for peer comparison and different 15-min load shapes,,,,
SP_000187_HASH,RESIDENTIAL,2BHK_SMALL_FAMILY,2.0,3.0,0.0,,,LT2A_RESIDENTIAL,2.0,ACTIVE,1,0,0.0,0,VACANT,,,,3.72,BHK/shop/industry subtype used for peer comparison and different 15-min load shapes,,,,
SP_000188_HASH,APARTMENT_COMMON_AREA,APARTMENT_COMMON_PUMP_LIFT,,,,,,APARTMENT_COMMON,25.0,ACTIVE,0,0,0.0,0,WORKING_COUPLE,,,,1052.5,BHK/shop/industry subtype used for peer comparison and different 15-min load shapes,,,,
SP_000189_HASH,RESIDENTIAL,1BHK_SINGLE_OR_COUPLE,1.0,2.0,0.0,,,LT2A_RESIDENTIAL,1.0,ACTIVE,0,0,0.0,0,FAMILY,,,,149.37,BHK/shop/industry subtype used for peer comparison and different 15-min load shapes,,,,
SP_000190_HASH,COMMERCIAL,RESTAURANT_CAFE,,,,RESTAURANT_CAFE,,LT3_COMMERCIAL,15.0,ACTIVE,0,0,0.0,0,MIXED_USE,8.0,23.0,3.0,993.26,BHK/shop/industry subtype used for peer comparison and different 15-min load shapes,,,,
SP_000191_HASH,RESIDENTIAL,4BHK_VILLA_HIGH_LOAD,4.0,5.0,4.0,,,LT2A_RESIDENTIAL,6.0,ACTIVE,0,0,0.0,0,FAMILY,,,,608.71,BHK/shop/industry subtype used for peer comparison and different 15-min load shapes,,,,
SP_000192_HASH,RESIDENTIAL,2BHK_SMALL_FAMILY,2.0,3.0,1.0,,,LT2A_RESIDENTIAL,3.0,ACTIVE,1,0,0.0,0,FAMILY,,,,116.84,BHK/shop/industry subtype used for peer comparison and different 15-min load shapes,,,,
SP_000193_HASH,SMALL_INDUSTRY,GARMENT_UNIT,,,,,GARMENT_UNIT,LT5_SMALL_INDUSTRY,15.0,ACTIVE,0,0,0.0,0,VACANT,8.0,19.0,5.0,1405.78,BHK/shop/industry subtype used for peer comparison and different 15-min load shapes,,,,
SP_000194_HASH,RESIDENTIAL,3BHK_FAMILY,3.0,5.0,2.0,,,LT2A_RESIDENTIAL,5.0,ACTIVE,0,0,0.0,0,FAMILY,,,,333.96,BHK/shop/industry subtype used for peer comparison and different 15-min load shapes,,,,
SP_000195_HASH,RESIDENTIAL,3BHK_FAMILY,3.0,5.0,2.0,,,LT2A_RESIDENTIAL,5.0,ACTIVE,0,0,0.0,0,SENIOR_CITIZEN,,,,294.26,BHK/shop/industry subtype used for peer comparison and different 15-min load shapes,,,,
SP_000196_HASH,COMMERCIAL,RESTAURANT_CAFE,,,,RESTAURANT_CAFE,,LT3_COMMERCIAL,8.0,ACTIVE,0,0,0.0,0,FAMILY,8.0,23.0,3.0,977.14,BHK/shop/industry subtype used for peer comparison and different 15-min load shapes,,,,
SP_000197_HASH,RESIDENTIAL,2BHK_SMALL_FAMILY,2.0,3.0,0.0,,,LT2A_RESIDENTIAL,3.0,ACTIVE,1,0,0.0,0,SENIOR_CITIZEN,,,,196.26,BHK/shop/industry subtype used for peer comparison and different 15-min load shapes,,,,
SP_000198_HASH,RESIDENTIAL,2BHK_SMALL_FAMILY,2.0,2.0,1.0,,,LT2A_RESIDENTIAL,3.0,ACTIVE,1,0,0.0,0,WORKING_COUPLE,,,,89.44,BHK/shop/industry subtype used for peer comparison and different 15-min load shapes,,,,
SP_000199_HASH,RESIDENTIAL,2BHK_SMALL_FAMILY,2.0,2.0,1.0,,,LT2A_RESIDENTIAL,3.0,ACTIVE,0,1,1.0,0,FAMILY,,,,183.62,BHK/shop/industry subtype used for peer comparison and different 15-min load shapes,,SOUTH_WEST,2023-05-15,
SP_000200_HASH,COMMERCIAL,KIRANA_RETAIL_SHOP,,,,KIRANA_RETAIL_SHOP,,LT3_COMMERCIAL,5.0,ACTIVE,0,0,0.0,0,WORKING_COUPLE,9.0,20.0,3.0,612.85,BHK/shop/industry subtype used for peer comparison and different 15-min load shapes,,,,
SP_000201_HASH,RESIDENTIAL,3BHK_FAMILY,3.0,3.0,2.0,,,LT2A_RESIDENTIAL,5.0,ACTIVE,0,0,0.0,0,FAMILY,,,,376.03,BHK/shop/industry subtype used for peer comparison and different 15-min load shapes,,,,
SP_000202_HASH,COMMERCIAL,RESTAURANT_CAFE,,,,RESTAURANT_CAFE,,LT3_COMMERCIAL,5.0,ACTIVE,0,0,0.0,0,FAMILY,8.0,23.0,1.0,572.73,BHK/shop/industry subtype used for peer comparison and different 15-min load shapes,,,,
SP_000203_HASH,SMALL_INDUSTRY,SMALL_PACKAGING_UNIT,,,,,SMALL_PACKAGING_UNIT,LT5_SMALL_INDUSTRY,20.0,ACTIVE,0,0,0.0,0,WORKING_COUPLE,8.0,19.0,6.0,2153.74,BHK/shop/industry subtype used for peer comparison and different 15-min load shapes,,,,
SP_000204_HASH,SMALL_INDUSTRY,GARMENT_UNIT,,,,,GARMENT_UNIT,LT5_SMALL_INDUSTRY,30.0,ACTIVE,0,0,0.0,0,WORKING_COUPLE,8.0,19.0,6.0,3427.43,BHK/shop/industry subtype used for peer comparison and different 15-min load shapes,,,,
SP_000205_HASH,COMMERCIAL,SUPERMARKET_MINI_MART,,,,SUPERMARKET_MINI_MART,,LT3_COMMERCIAL,20.0,ACTIVE,0,0,0.0,0,FAMILY,8.0,22.0,0.0,1502.61,BHK/shop/industry subtype used for peer comparison and different 15-min load shapes,,,,
SP_000206_HASH,SMALL_INDUSTRY,COLD_STORAGE,,,,,COLD_STORAGE,LT5_SMALL_INDUSTRY,20.0,ACTIVE,0,0,0.0,0,WORKING_COUPLE,8.0,24.0,6.0,2724.92,BHK/shop/industry subtype used for peer comparison and different 15-min load shapes,,,,
SP_000207_HASH,SMALL_INDUSTRY,GARMENT_UNIT,,,,,GARMENT_UNIT,LT5_SMALL_INDUSTRY,30.0,ACTIVE,0,0,0.0,0,MIXED_USE,8.0,19.0,6.0,2698.58,BHK/shop/industry subtype used for peer comparison and different 15-min load shapes,,,,
SP_000208_HASH,RESIDENTIAL,3BHK_FAMILY,3.0,4.0,2.0,,,LT2A_RESIDENTIAL,5.0,ACTIVE,1,0,0.0,0,MIXED_USE,,,,385.4,BHK/shop/industry subtype used for peer comparison and different 15-min load shapes,,,,
SP_000209_HASH,COMMERCIAL,RESTAURANT_CAFE,,,,RESTAURANT_CAFE,,LT3_COMMERCIAL,15.0,ACTIVE,0,0,0.0,0,FAMILY,8.0,23.0,6.0,1086.37,BHK/shop/industry subtype used for peer comparison and different 15-min load shapes,,,,
SP_000210_HASH,RESIDENTIAL,2BHK_SMALL_FAMILY,2.0,2.0,1.0,,,LT2A_RESIDENTIAL,3.0,ACTIVE,1,1,1.0,0,VACANT,,,,13.34,BHK/shop/industry subtype used for peer comparison and different 15-min load shapes,,SOUTH,2023-06-15,
SP_000211_HASH,COMMERCIAL,RESTAURANT_CAFE,,,,RESTAURANT_CAFE,,LT3_COMMERCIAL,8.0,ACTIVE,0,0,0.0,0,FAMILY,8.0,23.0,6.0,579.27,BHK/shop/industry subtype used for peer comparison and different 15-min load shapes,,,,
SP_000212_HASH,COMMERCIAL,BAKERY,,,,BAKERY,,LT3_COMMERCIAL,3.0,ACTIVE,0,0,0.0,0,FAMILY,9.0,21.0,6.0,466.13,BHK/shop/industry subtype used for peer comparison and different 15-min load shapes,,,,
SP_000213_HASH,RESIDENTIAL,3BHK_FAMILY,3.0,5.0,2.0,,,LT2A_RESIDENTIAL,5.0,ACTIVE,1,0,0.0,0,VACANT,,,,42.55,BHK/shop/industry subtype used for peer comparison and different 15-min load shapes,,,,
SP_000214_HASH,RESIDENTIAL,2BHK_SMALL_FAMILY,2.0,2.0,1.0,,,LT2A_RESIDENTIAL,2.0,ACTIVE,1,0,0.0,0,MIXED_USE,,,,243.24,BHK/shop/industry subtype used for peer comparison and different 15-min load shapes,,,,
SP_000215_HASH,COMMERCIAL,SALON,,,,SALON,,LT3_COMMERCIAL,5.0,ACTIVE,0,0,0.0,0,FAMILY,9.0,21.0,3.0,704.18,BHK/shop/industry subtype used for peer comparison and different 15-min load shapes,,,,
SP_000216_HASH,RESIDENTIAL,1BHK_SINGLE_OR_COUPLE,1.0,1.0,0.0,,,LT2A_RESIDENTIAL,2.0,ACTIVE,1,0,0.0,0,FAMILY,,,,98.26,BHK/shop/industry subtype used for peer comparison and different 15-min load shapes,,,,
SP_000217_HASH,RESIDENTIAL,2BHK_SMALL_FAMILY,2.0,2.0,0.0,,,LT2A_RESIDENTIAL,2.0,ACTIVE,1,0,0.0,0,WORKING_COUPLE,,,,48.57,BHK/shop/industry subtype used for peer comparison and different 15-min load shapes,,,,
SP_000218_HASH,RESIDENTIAL,3BHK_FAMILY,3.0,4.0,2.0,,,LT2A_RESIDENTIAL,3.0,ACTIVE,0,0,0.0,0,FAMILY,,,,307.11,BHK/shop/industry subtype used for peer comparison and different 15-min load shapes,,,,
SP_000219_HASH,RESIDENTIAL,3BHK_FAMILY,3.0,3.0,1.0,,,LT2A_RESIDENTIAL,6.0,ACTIVE,0,0,0.0,0,SENIOR_CITIZEN,,,,232.09,BHK/shop/industry subtype used for peer comparison and different 15-min load shapes,,,,
SP_000220_HASH,COMMERCIAL,BAKERY,,,,BAKERY,,LT3_COMMERCIAL,3.0,ACTIVE,0,0,0.0,0,FAMILY,9.0,21.0,0.0,812.21,BHK/shop/industry subtype used for peer comparison and different 15-min load shapes,,,,
SP_000221_HASH,RESIDENTIAL,3BHK_FAMILY,3.0,3.0,1.0,,,LT2A_RESIDENTIAL,3.0,ACTIVE,1,0,0.0,0,FAMILY,,,,338.6,BHK/shop/industry subtype used for peer comparison and different 15-min load shapes,,,,
SP_000222_HASH,RESIDENTIAL,4BHK_VILLA_HIGH_LOAD,4.0,4.0,3.0,,,LT2A_RESIDENTIAL,6.0,ACTIVE,1,0,0.0,0,VACANT,,,,58.24,BHK/shop/industry subtype used for peer comparison and different 15-min load shapes,,,,
SP_000223_HASH,COMMERCIAL,SMALL_OFFICE,,,,SMALL_OFFICE,,LT3_COMMERCIAL,5.0,ACTIVE,0,0,0.0,0,SENIOR_CITIZEN,9.0,20.0,6.0,507.15,BHK/shop/industry subtype used for peer comparison and different 15-min load shapes,,,,
SP_000224_HASH,RESIDENTIAL,2BHK_SMALL_FAMILY,2.0,2.0,2.0,,,LT2A_RESIDENTIAL,5.0,ACTIVE,1,0,0.0,0,FAMILY,,,,94.59,BHK/shop/industry subtype used for peer comparison and different 15-min load shapes,,,,
SP_000225_HASH,RESIDENTIAL,3BHK_FAMILY,3.0,3.0,1.0,,,LT2A_RESIDENTIAL,5.0,ACTIVE,0,0,0.0,1,FAMILY,,,,303.99,BHK/shop/industry subtype used for peer comparison and different 15-min load shapes,,,,AC_7_2KW
SP_000226_HASH,RESIDENTIAL,2BHK_SMALL_FAMILY,2.0,2.0,1.0,,,LT2A_RESIDENTIAL,3.0,ACTIVE,1,0,0.0,0,FAMILY,,,,58.68,BHK/shop/industry subtype used for peer comparison and different 15-min load shapes,,,,
SP_000227_HASH,RESIDENTIAL,2BHK_SMALL_FAMILY,2.0,2.0,0.0,,,LT2A_RESIDENTIAL,3.0,ACTIVE,1,0,0.0,0,FAMILY,,,,108.14,BHK/shop/industry subtype used for peer comparison and different 15-min load shapes,,,,
SP_000228_HASH,RESIDENTIAL,3BHK_FAMILY,3.0,4.0,2.0,,,LT2A_RESIDENTIAL,5.0,ACTIVE,0,0,0.0,0,FAMILY,,,,294.47,BHK/shop/industry subtype used for peer comparison and different 15-min load shapes,,,,
SP_000229_HASH,RESIDENTIAL,3BHK_FAMILY,3.0,3.0,1.0,,,LT2A_RESIDENTIAL,3.0,ACTIVE,0,0,0.0,1,FAMILY,,,,260.52,BHK/shop/industry subtype used for peer comparison and different 15-min load shapes,,,,AC_3_3KW
SP_000230_HASH,SMALL_INDUSTRY,WELDING_WORKSHOP,,,,,WELDING_WORKSHOP,LT5_SMALL_INDUSTRY,20.0,ACTIVE,0,0,0.0,0,VACANT,8.0,19.0,6.0,1268.24,BHK/shop/industry subtype used for peer comparison and different 15-min load shapes,,,,
SP_000231_HASH,RESIDENTIAL,1BHK_SINGLE_OR_COUPLE,1.0,1.0,0.0,,,LT2A_RESIDENTIAL,1.0,ACTIVE,1,0,0.0,0,WORKING_COUPLE,,,,82.75,BHK/shop/industry subtype used for peer comparison and different 15-min load shapes,,,,
SP_000232_HASH,RESIDENTIAL,PG_OR_HOSTEL,0.0,5.0,0.0,,,LT2A_RESIDENTIAL,8.0,ACTIVE,1,1,3.0,0,SENIOR_CITIZEN,,,,233.61,BHK/shop/industry subtype used for peer comparison and different 15-min load shapes,,SOUTH_WEST,2023-07-15,
SP_000233_HASH,COMMERCIAL,CLINIC,,,,CLINIC,,LT3_COMMERCIAL,3.0,ACTIVE,0,0,0.0,0,FAMILY,9.0,20.0,6.0,384.88,BHK/shop/industry subtype used for peer comparison and different 15-min load shapes,,,,
SP_000234_HASH,SMALL_INDUSTRY,MACHINE_SHOP,,,,,MACHINE_SHOP,LT5_SMALL_INDUSTRY,10.0,ACTIVE,0,0,0.0,0,WORKING_COUPLE,8.0,19.0,5.0,1270.38,BHK/shop/industry subtype used for peer comparison and different 15-min load shapes,,,,
SP_000235_HASH,SMALL_INDUSTRY,SMALL_PACKAGING_UNIT,,,,,SMALL_PACKAGING_UNIT,LT5_SMALL_INDUSTRY,20.0,ACTIVE,0,0,0.0,0,SENIOR_CITIZEN,8.0,19.0,5.0,1711.78,BHK/shop/industry subtype used for peer comparison and different 15-min load shapes,,,,
SP_000236_HASH,COMMERCIAL,SMALL_OFFICE,,,,SMALL_OFFICE,,LT3_COMMERCIAL,2.0,ACTIVE,0,0,0.0,0,FAMILY,9.0,20.0,6.0,139.08,BHK/shop/industry subtype used for peer comparison and different 15-min load shapes,,,,
SP_000237_HASH,COMMERCIAL,RESTAURANT_CAFE,,,,RESTAURANT_CAFE,,LT3_COMMERCIAL,15.0,ACTIVE,0,0,0.0,0,VACANT,8.0,23.0,3.0,993.44,BHK/shop/industry subtype used for peer comparison and different 15-min load shapes,,,,
SP_000238_HASH,RESIDENTIAL,3BHK_FAMILY,3.0,5.0,1.0,,,LT2A_RESIDENTIAL,5.0,ACTIVE,1,0,0.0,0,FAMILY,,,,395.7,BHK/shop/industry subtype used for peer comparison and different 15-min load shapes,,,,
SP_000239_HASH,RESIDENTIAL,PG_OR_HOSTEL,0.0,12.0,0.0,,,LT2A_RESIDENTIAL,8.0,ACTIVE,0,0,0.0,0,WORKING_COUPLE,,,,293.64,BHK/shop/industry subtype used for peer comparison and different 15-min load shapes,,,,
SP_000240_HASH,COMMERCIAL,RESTAURANT_CAFE,,,,RESTAURANT_CAFE,,LT3_COMMERCIAL,12.0,ACTIVE,0,0,0.0,0,FAMILY,8.0,23.0,5.0,948.66,BHK/shop/industry subtype used for peer comparison and different 15-min load shapes,,,,
SP_000241_HASH,COMMERCIAL,KIRANA_RETAIL_SHOP,,,,KIRANA_RETAIL_SHOP,,LT3_COMMERCIAL,5.0,ACTIVE,0,0,0.0,0,FAMILY,9.0,20.0,6.0,446.96,BHK/shop/industry subtype used for peer comparison and different 15-min load shapes,,,,
SP_000242_HASH,RESIDENTIAL,4BHK_VILLA_HIGH_LOAD,4.0,5.0,2.0,,,LT2A_RESIDENTIAL,8.0,ACTIVE,1,0,0.0,0,FAMILY,,,,395.89,BHK/shop/industry subtype used for peer comparison and different 15-min load shapes,,,,
SP_000243_HASH,RESIDENTIAL,2BHK_SMALL_FAMILY,2.0,3.0,1.0,,,LT2A_RESIDENTIAL,2.0,ACTIVE,1,0,0.0,0,FAMILY,,,,99.27,BHK/shop/industry subtype used for peer comparison and different 15-min load shapes,,,,
SP_000244_HASH,RESIDENTIAL,3BHK_FAMILY,3.0,4.0,2.0,,,LT2A_RESIDENTIAL,6.0,ACTIVE,0,0,0.0,0,FAMILY,,,,299.4,BHK/shop/industry subtype used for peer comparison and different 15-min load shapes,,,,
SP_000245_HASH,RESIDENTIAL,4BHK_VILLA_HIGH_LOAD,4.0,6.0,3.0,,,LT2A_RESIDENTIAL,8.0,ACTIVE,1,0,0.0,1,WORKING_COUPLE,,,,515.09,BHK/shop/industry subtype used for peer comparison and different 15-min load shapes,,,,AC_7_2KW
SP_000246_HASH,RESIDENTIAL,1BHK_SINGLE_OR_COUPLE,1.0,2.0,0.0,,,LT2A_RESIDENTIAL,2.0,ACTIVE,0,0,0.0,0,FAMILY,,,,46.27,BHK/shop/industry subtype used for peer comparison and different 15-min load shapes,,,,
SP_000247_HASH,PUBLIC_LIGHTING,STREET_LIGHTING_FEED,,,,,,PUBLIC_LIGHTING,8.0,ACTIVE,0,0,0.0,0,FAMILY,,,,1005.89,BHK/shop/industry subtype used for peer comparison and different 15-min load shapes,,,,
SP_000248_HASH,SMALL_INDUSTRY,MACHINE_SHOP,,,,,MACHINE_SHOP,LT5_SMALL_INDUSTRY,20.0,ACTIVE,0,0,0.0,0,VACANT,8.0,19.0,6.0,1710.78,BHK/shop/industry subtype used for peer comparison and different 15-min load shapes,,,,
SP_000249_HASH,RESIDENTIAL,4BHK_VILLA_HIGH_LOAD,4.0,4.0,4.0,,,LT2A_RESIDENTIAL,6.0,ACTIVE,0,0,0.0,0,WORKING_COUPLE,,,,588.19,BHK/shop/industry subtype used for peer comparison and different 15-min load shapes,,,,
SP_000250_HASH,RESIDENTIAL,3BHK_FAMILY,3.0,4.0,2.0,,,LT2A_RESIDENTIAL,8.5,ACTIVE,0,0,0.0,0,FAMILY_AC_HEAVY,,,,505.0,BHK/shop/industry subtype used for peer comparison and different 15-min load shapes,STAR_P1_PEER_DRIFT_BILLING_DROP,,,
SP_000251_HASH,RESIDENTIAL,3BHK_FAMILY,3.0,4.0,2.0,,,LT2A_RESIDENTIAL,5.0,ACTIVE,1,0,0.0,0,VACANT,,,,345.12,BHK/shop/industry subtype used for peer comparison and different 15-min load shapes,,,,
SP_000252_HASH,RESIDENTIAL,3BHK_FAMILY,3.0,4.0,2.0,,,LT2A_RESIDENTIAL,6.0,ACTIVE,0,0,0.0,0,VACANT,,,,39.97,BHK/shop/industry subtype used for peer comparison and different 15-min load shapes,,,,
SP_000253_HASH,RESIDENTIAL,3BHK_FAMILY,3.0,3.0,1.0,,,LT2A_RESIDENTIAL,5.0,ACTIVE,0,0,0.0,1,VACANT,,,,28.44,BHK/shop/industry subtype used for peer comparison and different 15-min load shapes,,,,AC_3_3KW
SP_000254_HASH,RESIDENTIAL,3BHK_FAMILY,3.0,3.0,3.0,,,LT2A_RESIDENTIAL,5.0,ACTIVE,1,0,0.0,0,WORKING_COUPLE,,,,468.86,BHK/shop/industry subtype used for peer comparison and different 15-min load shapes,,,,
SP_000255_HASH,SMALL_INDUSTRY,SMALL_PACKAGING_UNIT,,,,,SMALL_PACKAGING_UNIT,LT5_SMALL_INDUSTRY,20.0,ACTIVE,0,0,0.0,0,FAMILY,8.0,19.0,5.0,1235.78,BHK/shop/industry subtype used for peer comparison and different 15-min load shapes,,,,
SP_000256_HASH,SMALL_INDUSTRY,COLD_STORAGE,,,,,COLD_STORAGE,LT5_SMALL_INDUSTRY,30.0,ACTIVE,0,0,0.0,0,FAMILY,8.0,24.0,5.0,3858.68,BHK/shop/industry subtype used for peer comparison and different 15-min load shapes,,,,
SP_000257_HASH,RESIDENTIAL,2BHK_SMALL_FAMILY,2.0,4.0,1.0,,,LT2A_RESIDENTIAL,3.0,ACTIVE,1,0,0.0,0,MIXED_USE,,,,325.6,BHK/shop/industry subtype used for peer comparison and different 15-min load shapes,,,,
SP_000258_HASH,RESIDENTIAL,PG_OR_HOSTEL,0.0,8.0,0.0,,,LT2A_RESIDENTIAL,5.0,ACTIVE,0,0,0.0,0,FAMILY,,,,214.78,BHK/shop/industry subtype used for peer comparison and different 15-min load shapes,,,,
SP_000259_HASH,RESIDENTIAL,2BHK_SMALL_FAMILY,2.0,2.0,1.0,,,LT2A_RESIDENTIAL,3.0,ACTIVE,1,0,0.0,0,FAMILY,,,,236.98,BHK/shop/industry subtype used for peer comparison and different 15-min load shapes,,,,
SP_000260_HASH,RESIDENTIAL,2BHK_SMALL_FAMILY,2.0,4.0,1.0,,,LT2A_RESIDENTIAL,5.0,ACTIVE,1,0,0.0,0,MIXED_USE,,,,280.79,BHK/shop/industry subtype used for peer comparison and different 15-min load shapes,,,,
SP_000261_HASH,RESIDENTIAL,4BHK_VILLA_HIGH_LOAD,4.0,4.0,3.0,,,LT2A_RESIDENTIAL,5.0,ACTIVE,0,0,0.0,1,FAMILY,,,,308.06,BHK/shop/industry subtype used for peer comparison and different 15-min load shapes,,,,AC_7_2KW
SP_000262_HASH,COMMERCIAL,KIRANA_RETAIL_SHOP,,,,KIRANA_RETAIL_SHOP,,LT3_COMMERCIAL,3.0,ACTIVE,0,0,0.0,0,FAMILY,9.0,20.0,6.0,297.84,BHK/shop/industry subtype used for peer comparison and different 15-min load shapes,,,,
SP_000263_HASH,COMMERCIAL,SMALL_OFFICE,,,,SMALL_OFFICE,,LT3_COMMERCIAL,5.0,ACTIVE,0,0,0.0,0,FAMILY,9.0,20.0,6.0,416.72,BHK/shop/industry subtype used for peer comparison and different 15-min load shapes,,,,
SP_000264_HASH,COMMERCIAL,SMALL_OFFICE,,,,SMALL_OFFICE,,LT3_COMMERCIAL,8.0,ACTIVE,0,0,0.0,0,FAMILY,9.0,20.0,6.0,640.18,BHK/shop/industry subtype used for peer comparison and different 15-min load shapes,,,,
SP_000265_HASH,SMALL_INDUSTRY,GARMENT_UNIT,,,,,GARMENT_UNIT,LT5_SMALL_INDUSTRY,15.0,ACTIVE,0,0,0.0,0,WORKING_COUPLE,8.0,19.0,6.0,1315.04,BHK/shop/industry subtype used for peer comparison and different 15-min load shapes,,,,
SP_000266_HASH,RESIDENTIAL,1BHK_SINGLE_OR_COUPLE,1.0,1.0,0.0,,,LT2A_RESIDENTIAL,2.0,ACTIVE,1,0,0.0,0,VACANT,,,,7.05,BHK/shop/industry subtype used for peer comparison and different 15-min load shapes,,,,
SP_000267_HASH,COMMERCIAL,SUPERMARKET_MINI_MART,,,,SUPERMARKET_MINI_MART,,LT3_COMMERCIAL,8.0,ACTIVE,0,0,0.0,0,VACANT,8.0,22.0,6.0,1208.54,BHK/shop/industry subtype used for peer comparison and different 15-min load shapes,,,,
SP_000268_HASH,SMALL_INDUSTRY,GARMENT_UNIT,,,,,GARMENT_UNIT,LT5_SMALL_INDUSTRY,25.0,ACTIVE,0,0,0.0,0,MIXED_USE,8.0,19.0,6.0,3340.62,BHK/shop/industry subtype used for peer comparison and different 15-min load shapes,,,,
SP_000269_HASH,RESIDENTIAL,2BHK_SMALL_FAMILY,2.0,2.0,1.0,,,LT2A_RESIDENTIAL,3.0,ACTIVE,1,0,0.0,0,FAMILY,,,,222.34,BHK/shop/industry subtype used for peer comparison and different 15-min load shapes,,,,
SP_000270_HASH,RESIDENTIAL,1BHK_SINGLE_OR_COUPLE,1.0,2.0,0.0,,,LT2A_RESIDENTIAL,2.0,ACTIVE,0,0,0.0,0,WORKING_COUPLE,,,,96.78,BHK/shop/industry subtype used for peer comparison and different 15-min load shapes,,,,
SP_000271_HASH,RESIDENTIAL,3BHK_FAMILY,3.0,3.0,2.0,,,LT2A_RESIDENTIAL,5.0,ACTIVE,0,0,0.0,0,MIXED_USE,,,,259.17,BHK/shop/industry subtype used for peer comparison and different 15-min load shapes,,,,
SP_000272_HASH,RESIDENTIAL,2BHK_SMALL_FAMILY,2.0,2.0,0.0,,,LT2A_RESIDENTIAL,5.0,ACTIVE,0,0,0.0,0,WORKING_COUPLE,,,,136.31,BHK/shop/industry subtype used for peer comparison and different 15-min load shapes,,,,
SP_000273_HASH,COMMERCIAL,CLINIC,,,,CLINIC,,LT3_COMMERCIAL,8.0,ACTIVE,0,0,0.0,0,FAMILY,9.0,20.0,1.0,457.72,BHK/shop/industry subtype used for peer comparison and different 15-min load shapes,,,,
SP_000274_HASH,RESIDENTIAL,3BHK_FAMILY,3.0,3.0,3.0,,,LT2A_RESIDENTIAL,3.0,ACTIVE,1,0,0.0,0,FAMILY,,,,465.45,BHK/shop/industry subtype used for peer comparison and different 15-min load shapes,,,,
SP_000275_HASH,RESIDENTIAL,3BHK_FAMILY,3.0,5.0,3.0,,,LT2A_RESIDENTIAL,5.0,ACTIVE,0,0,0.0,0,FAMILY,,,,515.62,BHK/shop/industry subtype used for peer comparison and different 15-min load shapes,,,,
SP_000276_HASH,RESIDENTIAL,1BHK_SINGLE_OR_COUPLE,1.0,2.0,0.0,,,LT2A_RESIDENTIAL,2.0,ACTIVE,1,1,2.0,0,SENIOR_CITIZEN,,,,54.28,BHK/shop/industry subtype used for peer comparison and different 15-min load shapes,,SOUTH,2023-08-15,
SP_000277_HASH,RESIDENTIAL,4BHK_VILLA_HIGH_LOAD,4.0,4.0,3.0,,,LT2A_RESIDENTIAL,5.0,ACTIVE,1,0,0.0,0,MIXED_USE,,,,387.46,BHK/shop/industry subtype used for peer comparison and different 15-min load shapes,,,,
SP_000278_HASH,RESIDENTIAL,3BHK_FAMILY,3.0,4.0,2.0,,,LT2A_RESIDENTIAL,5.0,ACTIVE,0,0,0.0,0,MIXED_USE,,,,298.22,BHK/shop/industry subtype used for peer comparison and different 15-min load shapes,,,,
SP_000279_HASH,COMMERCIAL,SMALL_OFFICE,,,,SMALL_OFFICE,,LT3_COMMERCIAL,5.0,ACTIVE,0,0,0.0,0,WORKING_COUPLE,9.0,20.0,5.0,381.98,BHK/shop/industry subtype used for peer comparison and different 15-min load shapes,,,,
SP_000280_HASH,RESIDENTIAL,2BHK_SMALL_FAMILY,2.0,4.0,1.0,,,LT2A_RESIDENTIAL,2.0,ACTIVE,1,0,0.0,0,FAMILY,,,,106.06,BHK/shop/industry subtype used for peer comparison and different 15-min load shapes,,,,
SP_000281_HASH,RESIDENTIAL,1BHK_SINGLE_OR_COUPLE,1.0,1.0,0.0,,,LT2A_RESIDENTIAL,1.0,ACTIVE,1,0,0.0,0,MIXED_USE,,,,40.35,BHK/shop/industry subtype used for peer comparison and different 15-min load shapes,,,,
SP_000282_HASH,SMALL_INDUSTRY,WELDING_WORKSHOP,,,,,WELDING_WORKSHOP,LT5_SMALL_INDUSTRY,30.0,ACTIVE,0,0,0.0,0,VACANT,8.0,19.0,6.0,2005.9,BHK/shop/industry subtype used for peer comparison and different 15-min load shapes,,,,
SP_000283_HASH,RESIDENTIAL,1BHK_SINGLE_OR_COUPLE,1.0,1.0,0.0,,,LT2A_RESIDENTIAL,2.0,ACTIVE,1,0,0.0,0,WORKING_COUPLE,,,,27.22,BHK/shop/industry subtype used for peer comparison and different 15-min load shapes,,,,
SP_000284_HASH,RESIDENTIAL,2BHK_SMALL_FAMILY,2.0,2.0,1.0,,,LT2A_RESIDENTIAL,2.0,ACTIVE,0,1,1.0,0,FAMILY,,,,71.04,BHK/shop/industry subtype used for peer comparison and different 15-min load shapes,,SOUTH_WEST,2023-09-15,
SP_000285_HASH,PUBLIC_LIGHTING,STREET_LIGHTING_FEED,,,,,,PUBLIC_LIGHTING,2.0,ACTIVE,0,0,0.0,0,SENIOR_CITIZEN,,,,160.34,BHK/shop/industry subtype used for peer comparison and different 15-min load shapes,,,,
SP_000286_HASH,COMMERCIAL,KIRANA_RETAIL_SHOP,,,,KIRANA_RETAIL_SHOP,,LT3_COMMERCIAL,5.0,ACTIVE,0,0,0.0,0,SENIOR_CITIZEN,9.0,20.0,4.0,592.16,BHK/shop/industry subtype used for peer comparison and different 15-min load shapes,,,,
SP_000287_HASH,RESIDENTIAL,PG_OR_HOSTEL,0.0,8.0,0.0,,,LT2A_RESIDENTIAL,3.0,ACTIVE,0,0,0.0,0,WORKING_COUPLE,,,,214.81,BHK/shop/industry subtype used for peer comparison and different 15-min load shapes,,,,
SP_000288_HASH,RESIDENTIAL,2BHK_SMALL_FAMILY,2.0,2.0,1.0,,,LT2A_RESIDENTIAL,5.0,ACTIVE,1,0,0.0,0,VACANT,,,,178.24,BHK/shop/industry subtype used for peer comparison and different 15-min load shapes,,,,
SP_000289_HASH,COMMERCIAL,KIRANA_RETAIL_SHOP,,,,KIRANA_RETAIL_SHOP,,LT3_COMMERCIAL,3.0,ACTIVE,0,0,0.0,0,FAMILY,9.0,20.0,6.0,269.54,BHK/shop/industry subtype used for peer comparison and different 15-min load shapes,,,,
SP_000290_HASH,RESIDENTIAL,4BHK_VILLA_HIGH_LOAD,4.0,5.0,4.0,,,LT2A_RESIDENTIAL,5.0,ACTIVE,0,0,0.0,0,FAMILY,,,,581.42,BHK/shop/industry subtype used for peer comparison and different 15-min load shapes,,,,
SP_000291_HASH,RESIDENTIAL,1BHK_SINGLE_OR_COUPLE,1.0,1.0,0.0,,,LT2A_RESIDENTIAL,1.0,ACTIVE,1,0,0.0,0,VACANT,,,,14.55,BHK/shop/industry subtype used for peer comparison and different 15-min load shapes,,,,
SP_000292_HASH,RESIDENTIAL,3BHK_FAMILY,3.0,3.0,2.0,,,LT2A_RESIDENTIAL,6.0,ACTIVE,0,0,0.0,0,MIXED_USE,,,,366.3,BHK/shop/industry subtype used for peer comparison and different 15-min load shapes,,,,
SP_000293_HASH,RESIDENTIAL,2BHK_SMALL_FAMILY,2.0,3.0,1.0,,,LT2A_RESIDENTIAL,5.0,ACTIVE,1,0,0.0,0,VACANT,,,,76.94,BHK/shop/industry subtype used for peer comparison and different 15-min load shapes,,,,
SP_000294_HASH,RESIDENTIAL,3BHK_FAMILY,3.0,5.0,2.0,,,LT2A_RESIDENTIAL,3.0,ACTIVE,0,0,0.0,0,SENIOR_CITIZEN,,,,424.04,BHK/shop/industry subtype used for peer comparison and different 15-min load shapes,,,,
SP_000295_HASH,RESIDENTIAL,1BHK_SINGLE_OR_COUPLE,1.0,1.0,0.0,,,LT2A_RESIDENTIAL,2.0,ACTIVE,0,0,0.0,0,FAMILY,,,,56.61,BHK/shop/industry subtype used for peer comparison and different 15-min load shapes,,,,
SP_000296_HASH,RESIDENTIAL,4BHK_VILLA_HIGH_LOAD,4.0,4.0,3.0,,,LT2A_RESIDENTIAL,6.0,ACTIVE,0,0,0.0,0,FAMILY,,,,412.33,BHK/shop/industry subtype used for peer comparison and different 15-min load shapes,,,,
SP_000297_HASH,COMMERCIAL,SUPERMARKET_MINI_MART,,,,SUPERMARKET_MINI_MART,,LT3_COMMERCIAL,15.0,ACTIVE,0,0,0.0,0,SENIOR_CITIZEN,8.0,22.0,0.0,1088.2,BHK/shop/industry subtype used for peer comparison and different 15-min load shapes,,,,
SP_000298_HASH,RESIDENTIAL,PG_OR_HOSTEL,0.0,8.0,1.0,,,LT2A_RESIDENTIAL,8.0,ACTIVE,0,0,0.0,0,WORKING_COUPLE,,,,339.95,BHK/shop/industry subtype used for peer comparison and different 15-min load shapes,,,,
SP_000299_HASH,SMALL_INDUSTRY,COLD_STORAGE,,,,,COLD_STORAGE,LT5_SMALL_INDUSTRY,25.0,ACTIVE,0,0,0.0,0,FAMILY,8.0,24.0,6.0,2488.17,BHK/shop/industry subtype used for peer comparison and different 15-min load shapes,,,,
SP_000300_HASH,RESIDENTIAL,3BHK_FAMILY,3.0,4.0,2.0,,,LT2A_RESIDENTIAL,3.0,ACTIVE,0,0,0.0,1,FAMILY,,,,304.91,BHK/shop/industry subtype used for peer comparison and different 15-min load shapes,,,,AC_3_3KW
SP_000301_HASH,SMALL_INDUSTRY,SMALL_PACKAGING_UNIT,,,,,SMALL_PACKAGING_UNIT,LT5_SMALL_INDUSTRY,25.0,ACTIVE,0,0,0.0,0,FAMILY,8.0,19.0,6.0,3232.8,BHK/shop/industry subtype used for peer comparison and different 15-min load shapes,,,,
SP_000302_HASH,COMMERCIAL,KIRANA_RETAIL_SHOP,,,,KIRANA_RETAIL_SHOP,,LT3_COMMERCIAL,2.0,ACTIVE,0,0,0.0,0,FAMILY,9.0,20.0,3.0,263.42,BHK/shop/industry subtype used for peer comparison and different 15-min load shapes,,,,
SP_000303_HASH,RESIDENTIAL,PG_OR_HOSTEL,0.0,5.0,1.0,,,LT2A_RESIDENTIAL,3.0,ACTIVE,0,1,1.0,0,FAMILY,,,,289.57,BHK/shop/industry subtype used for peer comparison and different 15-min load shapes,,SOUTH,2023-01-15,
SP_000304_HASH,APARTMENT_COMMON_AREA,GATED_COMMUNITY_COMMON_AREA,,,,,,APARTMENT_COMMON,30.0,ACTIVE,0,0,0.0,0,SENIOR_CITIZEN,,,,1184.9,BHK/shop/industry subtype used for peer comparison and different 15-min load shapes,,,,
SP_000305_HASH,RESIDENTIAL,2BHK_SMALL_FAMILY,2.0,3.0,1.0,,,LT2A_RESIDENTIAL,2.0,ACTIVE,0,0,0.0,0,FAMILY,,,,80.22,BHK/shop/industry subtype used for peer comparison and different 15-min load shapes,,,,
SP_000306_HASH,COMMERCIAL,SMALL_OFFICE,,,,SMALL_OFFICE,,LT3_COMMERCIAL,5.0,ACTIVE,0,0,0.0,0,FAMILY,9.0,20.0,6.0,168.81,BHK/shop/industry subtype used for peer comparison and different 15-min load shapes,,,,
SP_000307_HASH,COMMERCIAL,SMALL_OFFICE,,,,SMALL_OFFICE,,LT3_COMMERCIAL,8.0,ACTIVE,0,0,0.0,0,FAMILY,9.0,20.0,0.0,534.67,BHK/shop/industry subtype used for peer comparison and different 15-min load shapes,,,,
SP_000308_HASH,RESIDENTIAL,2BHK_SMALL_FAMILY,2.0,3.0,0.0,,,LT2A_RESIDENTIAL,2.0,ACTIVE,0,0,0.0,0,VACANT,,,,30.44,BHK/shop/industry subtype used for peer comparison and different 15-min load shapes,,,,
SP_000309_HASH,APARTMENT_COMMON_AREA,APARTMENT_COMMON_PUMP_LIFT,,,,,,APARTMENT_COMMON,25.0,ACTIVE,0,0,0.0,1,FAMILY,,,,885.82,BHK/shop/industry subtype used for peer comparison and different 15-min load shapes,,,,AC_7_2KW
SP_000310_HASH,RESIDENTIAL,2BHK_SMALL_FAMILY,2.0,2.0,1.0,,,LT2A_RESIDENTIAL,2.0,ACTIVE,1,0,0.0,0,FAMILY,,,,181.01,BHK/shop/industry subtype used for peer comparison and different 15-min load shapes,,,,
SP_000311_HASH,RESIDENTIAL,2BHK_SMALL_FAMILY,2.0,3.0,1.0,,,LT2A_RESIDENTIAL,3.0,ACTIVE,0,0,0.0,0,FAMILY,,,,89.01,BHK/shop/industry subtype used for peer comparison and different 15-min load shapes,,,,
SP_000312_HASH,RESIDENTIAL,2BHK_SMALL_FAMILY,2.0,4.0,1.0,,,LT2A_RESIDENTIAL,5.0,ACTIVE,1,0,0.0,0,FAMILY,,,,106.73,BHK/shop/industry subtype used for peer comparison and different 15-min load shapes,,,,
SP_000313_HASH,COMMERCIAL,SALON,,,,SALON,,LT3_COMMERCIAL,8.0,ACTIVE,0,0,0.0,0,WORKING_COUPLE,9.0,21.0,6.0,488.01,BHK/shop/industry subtype used for peer comparison and different 15-min load shapes,,,,
SP_000314_HASH,RESIDENTIAL,2BHK_SMALL_FAMILY,2.0,3.0,1.0,,,LT2A_RESIDENTIAL,5.0,ACTIVE,0,0,0.0,0,FAMILY,,,,248.53,BHK/shop/industry subtype used for peer comparison and different 15-min load shapes,,,,
SP_000315_HASH,COMMERCIAL,SUPERMARKET_MINI_MART,,,,SUPERMARKET_MINI_MART,,LT3_COMMERCIAL,8.0,ACTIVE,0,0,0.0,0,FAMILY,8.0,22.0,6.0,1051.54,BHK/shop/industry subtype used for peer comparison and different 15-min load shapes,,,,
SP_000316_HASH,RESIDENTIAL,2BHK_SMALL_FAMILY,2.0,2.0,1.0,,,LT2A_RESIDENTIAL,3.0,ACTIVE,1,0,0.0,0,FAMILY,,,,66.3,BHK/shop/industry subtype used for peer comparison and different 15-min load shapes,,,,
SP_000317_HASH,COMMERCIAL,CLINIC,,,,CLINIC,,LT3_COMMERCIAL,8.0,ACTIVE,0,0,0.0,0,WORKING_COUPLE,9.0,20.0,6.0,359.28,BHK/shop/industry subtype used for peer comparison and different 15-min load shapes,,,,
SP_000318_HASH,RESIDENTIAL,3BHK_FAMILY,3.0,5.0,3.0,,,LT2A_RESIDENTIAL,5.0,ACTIVE,1,0,0.0,0,MIXED_USE,,,,360.63,BHK/shop/industry subtype used for peer comparison and different 15-min load shapes,,,,
SP_000319_HASH,RESIDENTIAL,2BHK_SMALL_FAMILY,2.0,2.0,0.0,,,LT2A_RESIDENTIAL,3.0,ACTIVE,1,0,0.0,0,SENIOR_CITIZEN,,,,111.06,BHK/shop/industry subtype used for peer comparison and different 15-min load shapes,,,,
SP_000320_HASH,RESIDENTIAL,2BHK_SMALL_FAMILY,2.0,3.0,1.0,,,LT2A_RESIDENTIAL,3.0,ACTIVE,1,0,0.0,0,FAMILY,,,,199.8,BHK/shop/industry subtype used for peer comparison and different 15-min load shapes,,,,
SP_000321_HASH,RESIDENTIAL,4BHK_VILLA_HIGH_LOAD,4.0,4.0,3.0,,,LT2A_RESIDENTIAL,6.0,ACTIVE,1,0,0.0,0,SENIOR_CITIZEN,,,,315.63,BHK/shop/industry subtype used for peer comparison and different 15-min load shapes,,,,
SP_000322_HASH,RESIDENTIAL,2BHK_SMALL_FAMILY,2.0,3.0,1.0,,,LT2A_RESIDENTIAL,3.0,ACTIVE,1,0,0.0,0,WORKING_COUPLE,,,,182.07,BHK/shop/industry subtype used for peer comparison and different 15-min load shapes,,,,
SP_000323_HASH,SMALL_INDUSTRY,WELDING_WORKSHOP,,,,,WELDING_WORKSHOP,LT5_SMALL_INDUSTRY,20.0,ACTIVE,0,0,0.0,0,WORKING_COUPLE,8.0,19.0,6.0,1377.47,BHK/shop/industry subtype used for peer comparison and different 15-min load shapes,,,,
SP_000324_HASH,RESIDENTIAL,4BHK_VILLA_HIGH_LOAD,4.0,4.0,3.0,,,LT2A_RESIDENTIAL,5.0,ACTIVE,0,0,0.0,0,WORKING_COUPLE,,,,480.79,BHK/shop/industry subtype used for peer comparison and different 15-min load shapes,,,,
SP_000325_HASH,RESIDENTIAL,3BHK_FAMILY,3.0,5.0,2.0,,,LT2A_RESIDENTIAL,3.0,ACTIVE,1,0,0.0,0,FAMILY,,,,386.93,BHK/shop/industry subtype used for peer comparison and different 15-min load shapes,,,,
SP_000326_HASH,APARTMENT_COMMON_AREA,GATED_COMMUNITY_COMMON_AREA,,,,,,APARTMENT_COMMON,10.0,ACTIVE,0,0,0.0,0,WORKING_COUPLE,,,,797.82,BHK/shop/industry subtype used for peer comparison and different 15-min load shapes,,,,
SP_000327_HASH,RESIDENTIAL,PG_OR_HOSTEL,0.0,8.0,1.0,,,LT2A_RESIDENTIAL,5.0,ACTIVE,0,0,0.0,0,WORKING_COUPLE,,,,334.56,BHK/shop/industry subtype used for peer comparison and different 15-min load shapes,,,,
SP_000328_HASH,RESIDENTIAL,2BHK_SMALL_FAMILY,2.0,2.0,1.0,,,LT2A_RESIDENTIAL,2.0,ACTIVE,0,0,0.0,0,WORKING_COUPLE,,,,181.12,BHK/shop/industry subtype used for peer comparison and different 15-min load shapes,,,,
SP_000329_HASH,RESIDENTIAL,1BHK_SINGLE_OR_COUPLE,1.0,2.0,0.0,,,LT2A_RESIDENTIAL,1.0,ACTIVE,0,0,0.0,0,MIXED_USE,,,,113.55,BHK/shop/industry subtype used for peer comparison and different 15-min load shapes,,,,
SP_000330_HASH,RESIDENTIAL,1BHK_SINGLE_OR_COUPLE,1.0,2.0,0.0,,,LT2A_RESIDENTIAL,3.0,ACTIVE,1,1,2.0,0,SENIOR_CITIZEN,,,,19.69,BHK/shop/industry subtype used for peer comparison and different 15-min load shapes,,SOUTH_WEST,2023-02-15,
SP_000331_HASH,COMMERCIAL,RESTAURANT_CAFE,,,,RESTAURANT_CAFE,,LT3_COMMERCIAL,5.0,ACTIVE,0,0,0.0,0,MIXED_USE,8.0,23.0,5.0,779.24,BHK/shop/industry subtype used for peer comparison and different 15-min load shapes,,,,
SP_000332_HASH,COMMERCIAL,SMALL_OFFICE,,,,SMALL_OFFICE,,LT3_COMMERCIAL,5.0,ACTIVE,0,0,0.0,0,MIXED_USE,9.0,20.0,3.0,274.98,BHK/shop/industry subtype used for peer comparison and different 15-min load shapes,,,,
SP_000333_HASH,SMALL_INDUSTRY,COLD_STORAGE,,,,,COLD_STORAGE,LT5_SMALL_INDUSTRY,20.0,ACTIVE,0,0,0.0,0,FAMILY,8.0,24.0,5.0,1491.41,BHK/shop/industry subtype used for peer comparison and different 15-min load shapes,,,,
SP_000334_HASH,RESIDENTIAL,1BHK_SINGLE_OR_COUPLE,1.0,1.0,0.0,,,LT2A_RESIDENTIAL,2.0,ACTIVE,0,0,0.0,0,FAMILY,,,,40.65,BHK/shop/industry subtype used for peer comparison and different 15-min load shapes,,,,
SP_000335_HASH,RESIDENTIAL,2BHK_SMALL_FAMILY,2.0,4.0,0.0,,,LT2A_RESIDENTIAL,3.0,ACTIVE,1,0,0.0,0,FAMILY,,,,163.16,BHK/shop/industry subtype used for peer comparison and different 15-min load shapes,,,,
SP_000336_HASH,RESIDENTIAL,3BHK_FAMILY,3.0,5.0,3.0,,,LT2A_RESIDENTIAL,5.0,ACTIVE,0,0,0.0,0,FAMILY,,,,467.28,BHK/shop/industry subtype used for peer comparison and different 15-min load shapes,,,,
SP_000337_HASH,RESIDENTIAL,2BHK_SMALL_FAMILY,2.0,2.0,0.0,,,LT2A_RESIDENTIAL,2.0,ACTIVE,0,0,0.0,0,FAMILY,,,,136.53,BHK/shop/industry subtype used for peer comparison and different 15-min load shapes,,,,
SP_000338_HASH,APARTMENT_COMMON_AREA,GATED_COMMUNITY_COMMON_AREA,,,,,,APARTMENT_COMMON,20.0,ACTIVE,0,0,0.0,0,VACANT,,,,1135.35,BHK/shop/industry subtype used for peer comparison and different 15-min load shapes,,,,
SP_000339_HASH,COMMERCIAL,KIRANA_RETAIL_SHOP,,,,KIRANA_RETAIL_SHOP,,LT3_COMMERCIAL,2.0,ACTIVE,0,0,0.0,0,SENIOR_CITIZEN,9.0,20.0,6.0,150.14,BHK/shop/industry subtype used for peer comparison and different 15-min load shapes,,,,
SP_000340_HASH,COMMERCIAL,BAKERY,,,,BAKERY,,LT3_COMMERCIAL,12.0,ACTIVE,0,0,0.0,0,WORKING_COUPLE,9.0,21.0,6.0,600.74,BHK/shop/industry subtype used for peer comparison and different 15-min load shapes,,,,
SP_000341_HASH,RESIDENTIAL,2BHK_SMALL_FAMILY,2.0,2.0,1.0,,,LT2A_RESIDENTIAL,3.0,ACTIVE,1,0,0.0,0,WORKING_COUPLE,,,,78.11,BHK/shop/industry subtype used for peer comparison and different 15-min load shapes,,,,
SP_000342_HASH,COMMERCIAL,KIRANA_RETAIL_SHOP,,,,KIRANA_RETAIL_SHOP,,LT3_COMMERCIAL,2.0,ACTIVE,0,0,0.0,0,WORKING_COUPLE,9.0,20.0,6.0,428.14,BHK/shop/industry subtype used for peer comparison and different 15-min load shapes,,,,
SP_000343_HASH,RESIDENTIAL,4BHK_VILLA_HIGH_LOAD,4.0,5.0,3.0,,,LT2A_RESIDENTIAL,8.0,ACTIVE,0,0,0.0,0,MIXED_USE,,,,521.33,BHK/shop/industry subtype used for peer comparison and different 15-min load shapes,,,,
SP_000344_HASH,COMMERCIAL,KIRANA_RETAIL_SHOP,,,,KIRANA_RETAIL_SHOP,,LT3_COMMERCIAL,12.0,ACTIVE,0,0,0.0,0,MIXED_USE,9.0,20.0,1.0,500.32,BHK/shop/industry subtype used for peer comparison and different 15-min load shapes,,,,
SP_000345_HASH,COMMERCIAL,KIRANA_RETAIL_SHOP,,,,KIRANA_RETAIL_SHOP,,LT3_COMMERCIAL,8.0,ACTIVE,0,0,0.0,0,WORKING_COUPLE,9.0,20.0,6.0,480.33,BHK/shop/industry subtype used for peer comparison and different 15-min load shapes,,,,
SP_000346_HASH,RESIDENTIAL,2BHK_SMALL_FAMILY,2.0,4.0,1.0,,,LT2A_RESIDENTIAL,3.0,ACTIVE,1,0,0.0,0,FAMILY,,,,181.7,BHK/shop/industry subtype used for peer comparison and different 15-min load shapes,,,,
SP_000347_HASH,RESIDENTIAL,4BHK_VILLA_HIGH_LOAD,4.0,6.0,3.0,,,LT2A_RESIDENTIAL,5.0,ACTIVE,1,0,0.0,0,VACANT,,,,60.99,BHK/shop/industry subtype used for peer comparison and different 15-min load shapes,,,,
SP_000348_HASH,RESIDENTIAL,2BHK_SMALL_FAMILY,2.0,3.0,1.0,,,LT2A_RESIDENTIAL,3.0,ACTIVE,0,0,0.0,0,WORKING_COUPLE,,,,105.13,BHK/shop/industry subtype used for peer comparison and different 15-min load shapes,,,,
SP_000349_HASH,RESIDENTIAL,1BHK_SINGLE_OR_COUPLE,1.0,2.0,1.0,,,LT2A_RESIDENTIAL,3.0,ACTIVE,1,0,0.0,0,VACANT,,,,28.84,BHK/shop/industry subtype used for peer comparison and different 15-min load shapes,,,,
SP_000350_HASH,RESIDENTIAL,2BHK_SMALL_FAMILY,2.0,3.0,0.0,,,LT2A_RESIDENTIAL,5.0,ACTIVE,1,0,0.0,0,VACANT,,,,17.98,BHK/shop/industry subtype used for peer comparison and different 15-min load shapes,,,,
SP_000351_HASH,COMMERCIAL,RESTAURANT_CAFE,,,,RESTAURANT_CAFE,,LT3_COMMERCIAL,5.0,ACTIVE,0,0,0.0,0,FAMILY,8.0,23.0,6.0,804.34,BHK/shop/industry subtype used for peer comparison and different 15-min load shapes,,,,
SP_000352_HASH,COMMERCIAL,SUPERMARKET_MINI_MART,,,,SUPERMARKET_MINI_MART,,LT3_COMMERCIAL,12.0,ACTIVE,0,0,0.0,0,FAMILY,8.0,22.0,6.0,1077.57,BHK/shop/industry subtype used for peer comparison and different 15-min load shapes,,,,
SP_000353_HASH,COMMERCIAL,SMALL_OFFICE,,,,SMALL_OFFICE,,LT3_COMMERCIAL,5.0,ACTIVE,0,0,0.0,0,MIXED_USE,9.0,20.0,3.0,208.03,BHK/shop/industry subtype used for peer comparison and different 15-min load shapes,,,,
SP_000354_HASH,RESIDENTIAL,1BHK_SINGLE_OR_COUPLE,1.0,1.0,0.0,,,LT2A_RESIDENTIAL,2.0,ACTIVE,0,0,0.0,0,MIXED_USE,,,,119.89,BHK/shop/industry subtype used for peer comparison and different 15-min load shapes,,,,
SP_000355_HASH,RESIDENTIAL,2BHK_SMALL_FAMILY,2.0,4.0,2.0,,,LT2A_RESIDENTIAL,3.0,ACTIVE,0,0,0.0,0,MIXED_USE,,,,136.78,BHK/shop/industry subtype used for peer comparison and different 15-min load shapes,,,,
SP_000356_HASH,RESIDENTIAL,2BHK_SMALL_FAMILY,2.0,2.0,1.0,,,LT2A_RESIDENTIAL,2.0,ACTIVE,1,0,0.0,0,VACANT,,,,19.98,BHK/shop/industry subtype used for peer comparison and different 15-min load shapes,,,,
SP_000357_HASH,COMMERCIAL,CLINIC,,,,CLINIC,,LT3_COMMERCIAL,3.0,ACTIVE,0,0,0.0,0,FAMILY,9.0,20.0,4.0,223.16,BHK/shop/industry subtype used for peer comparison and different 15-min load shapes,,,,
SP_000358_HASH,RESIDENTIAL,PG_OR_HOSTEL,0.0,12.0,0.0,,,LT2A_RESIDENTIAL,5.0,ACTIVE,0,0,0.0,0,FAMILY,,,,295.97,BHK/shop/industry subtype used for peer comparison and different 15-min load shapes,,,,
SP_000359_HASH,RESIDENTIAL,2BHK_SMALL_FAMILY,2.0,2.0,1.0,,,LT2A_RESIDENTIAL,3.0,ACTIVE,1,0,0.0,0,FAMILY,,,,252.37,BHK/shop/industry subtype used for peer comparison and different 15-min load shapes,,,,
SP_000360_HASH,COMMERCIAL,KIRANA_RETAIL_SHOP,,,,KIRANA_RETAIL_SHOP,,LT3_COMMERCIAL,5.0,ACTIVE,0,0,0.0,0,FAMILY,9.0,20.0,5.0,301.32,BHK/shop/industry subtype used for peer comparison and different 15-min load shapes,,,,
