service_point_id_hash,meter_id_hash,dt_id_hash,feeder_id_hash,subdivision,division,circle,zone,locality,pole_id_hash,latitude_grid,longitude_grid,effective_from,effective_to
SP_000001_HASH,MTR_000001_HASH,DT_0012_HASH,FDR_012_HASH,E6 Indiranagar synthetic mirror,East Circle Division synthetic,East Circle,East Circle,KR Puram,POLE_000001_HASH,13.0089,77.7026,2025-01-01,
SP_000002_HASH,MTR_000002_HASH,DT_0023_HASH,FDR_008_HASH,E6 Indiranagar synthetic mirror,North Circle Division synthetic,North Circle,North Circle,Hebbal,POLE_000002_HASH,13.0277,77.5871,2025-01-01,
SP_000003_HASH,MTR_000003_HASH,DT_0037_HASH,FDR_007_HASH,E6 Indiranagar synthetic mirror,South Circle Division synthetic,South Circle,South Circle,Electronic City,POLE_000003_HASH,12.8466,77.6849,2025-01-01,
SP_000004_HASH,MTR_000004_HASH,DT_0119_HASH,FDR_014_HASH,E6 Indiranagar synthetic mirror,East Circle Division synthetic,East Circle,East Circle,Domlur,POLE_000004_HASH,12.9658,77.648,2025-01-01,
SP_000005_HASH,MTR_000005_HASH,DT_0073_HASH,FDR_013_HASH,E6 Indiranagar synthetic mirror,East Circle Division synthetic,East Circle,East Circle,Indiranagar,POLE_000005_HASH,12.968,77.6416,2025-01-01,
SP_000006_HASH,MTR_000006_HASH,DT_0070_HASH,FDR_010_HASH,E6 Indiranagar synthetic mirror,South Circle Division synthetic,South Circle,South Circle,Banashankari,POLE_000006_HASH,12.9295,77.5631,2025-01-01,
SP_000007_HASH,MTR_000007_HASH,DT_0042_HASH,FDR_012_HASH,E6 Indiranagar synthetic mirror,East Circle Division synthetic,East Circle,East Circle,KR Puram,POLE_000007_HASH,13.0035,77.6668,2025-01-01,
SP_000008_HASH,MTR_000008_HASH,DT_0069_HASH,FDR_009_HASH,E6 Indiranagar synthetic mirror,North Circle Division synthetic,North Circle,North Circle,Yelahanka,POLE_000008_HASH,13.098,77.5922,2025-01-01,
SP_000009_HASH,MTR_000009_HASH,DT_0067_HASH,FDR_007_HASH,E6 Indiranagar synthetic mirror,South Circle Division synthetic,South Circle,South Circle,Electronic City,POLE_000009_HASH,12.8372,77.6814,2025-01-01,
SP_000010_HASH,MTR_000010_HASH,DT_0027_HASH,FDR_012_HASH,E6 Indiranagar synthetic mirror,East Circle Division synthetic,East Circle,East Circle,KR Puram,POLE_000010_HASH,13.0156,77.6871,2025-01-01,
SP_000011_HASH,MTR_000011_HASH,DT_0036_HASH,FDR_006_HASH,E6 Indiranagar synthetic mirror,North Circle Division synthetic,North Circle,North Circle,Peenya,POLE_000011_HASH,13.0138,77.5315,2025-01-01,
SP_000012_HASH,MTR_000012_HASH,DT_0067_HASH,FDR_007_HASH,E6 Indiranagar synthetic mirror,South Circle Division synthetic,South Circle,South Circle,Electronic City,POLE_000012_HASH,12.8324,77.6885,2025-01-01,
SP_000013_HASH,MTR_000013_HASH,DT_0101_HASH,FDR_011_HASH,E6 Indiranagar synthetic mirror,West Circle Division synthetic,West Circle,West Circle,Rajajinagar,POLE_000013_HASH,12.9842,77.551,2025-01-01,
SP_000014_HASH,MTR_000014_HASH,DT_0079_HASH,FDR_004_HASH,E6 Indiranagar synthetic mirror,South Circle Division synthetic,South Circle,South Circle,Koramangala,POLE_000014_HASH,12.9445,77.6014,2025-01-01,
SP_000015_HASH,MTR_000015_HASH,DT_0008_HASH,FDR_008_HASH,E6 Indiranagar synthetic mirror,North Circle Division synthetic,North Circle,North Circle,Hebbal,POLE_000015_HASH,13.0303,77.5895,2025-01-01,
SP_000016_HASH,MTR_000016_HASH,DT_0021_HASH,FDR_006_HASH,E6 Indiranagar synthetic mirror,North Circle Division synthetic,North Circle,North Circle,Peenya,POLE_000016_HASH,13.0091,77.521,2025-01-01,
SP_000017_HASH,MTR_000017_HASH,DT_0072_HASH,FDR_012_HASH,E6 Indiranagar synthetic mirror,East Circle Division synthetic,East Circle,East Circle,KR Puram,POLE_000017_HASH,13.0003,77.6999,2025-01-01,
SP_000018_HASH,MTR_000018_HASH,DT_0079_HASH,FDR_004_HASH,E6 Indiranagar synthetic mirror,South Circle Division synthetic,South Circle,South Circle,Koramangala,POLE_000018_HASH,12.9263,77.6202,2025-01-01,
SP_000019_HASH,MTR_000019_HASH,DT_0032_HASH,FDR_002_HASH,E6 Indiranagar synthetic mirror,East Circle Division synthetic,East Circle,East Circle,Domlur,POLE_000019_HASH,12.9683,77.6104,2025-01-01,
SP_000020_HASH,MTR_000020_HASH,DT_0047_HASH,FDR_002_HASH,E6 Indiranagar synthetic mirror,East Circle Division synthetic,East Circle,East Circle,Domlur,POLE_000020_HASH,12.9547,77.642,2025-01-01,
SP_000021_HASH,MTR_000021_HASH,DT_0050_HASH,FDR_005_HASH,E6 Indiranagar synthetic mirror,East Circle Division synthetic,East Circle,East Circle,Whitefield,POLE_000021_HASH,12.9782,77.7536,2025-01-01,
SP_000022_HASH,MTR_000022_HASH,DT_0105_HASH,FDR_015_HASH,E6 Indiranagar synthetic mirror,South Circle Division synthetic,South Circle,South Circle,Jayanagar,POLE_000022_HASH,12.9162,77.5945,2025-01-01,
SP_000023_HASH,MTR_000023_HASH,DT_0002_HASH,FDR_002_HASH,E6 Indiranagar synthetic mirror,East Circle Division synthetic,East Circle,East Circle,Domlur,POLE_000023_HASH,12.9626,77.6426,2025-01-01,
SP_000024_HASH,MTR_000024_HASH,DT_0075_HASH,FDR_015_HASH,E6 Indiranagar synthetic mirror,South Circle Division synthetic,South Circle,South Circle,Jayanagar,POLE_000024_HASH,12.9318,77.5909,2025-01-01,
SP_000025_HASH,MTR_000025_HASH,DT_0048_HASH,FDR_003_HASH,E6 Indiranagar synthetic mirror,South Circle Division synthetic,South Circle,South Circle,Jayanagar,POLE_000025_HASH,12.9266,77.5826,2025-01-01,
SP_000026_HASH,MTR_000026_HASH,DT_0100_HASH,FDR_010_HASH,E6 Indiranagar synthetic mirror,South Circle Division synthetic,South Circle,South Circle,Banashankari,POLE_000026_HASH,12.9096,77.5373,2025-01-01,
SP_000027_HASH,MTR_000027_HASH,DT_0017_HASH,FDR_002_HASH,E6 Indiranagar synthetic mirror,East Circle Division synthetic,East Circle,East Circle,Domlur,POLE_000027_HASH,12.9605,77.6423,2025-01-01,
SP_000028_HASH,MTR_000028_HASH,DT_0068_HASH,FDR_008_HASH,E6 Indiranagar synthetic mirror,North Circle Division synthetic,North Circle,North Circle,Hebbal,POLE_000028_HASH,13.0368,77.5899,2025-01-01,
SP_000029_HASH,MTR_000029_HASH,DT_0109_HASH,FDR_004_HASH,E6 Indiranagar synthetic mirror,South Circle Division synthetic,South Circle,South Circle,Koramangala,POLE_000029_HASH,12.942,77.6065,2025-01-01,
SP_000030_HASH,MTR_000030_HASH,DT_0014_HASH,FDR_014_HASH,E6 Indiranagar synthetic mirror,East Circle Division synthetic,East Circle,East Circle,Domlur,POLE_000030_HASH,12.9399,77.6234,2025-01-01,
SP_000031_HASH,MTR_000031_HASH,DT_0116_HASH,FDR_011_HASH,E6 Indiranagar synthetic mirror,West Circle Division synthetic,West Circle,West Circle,Rajajinagar,POLE_000031_HASH,12.998,77.5585,2025-01-01,
SP_000032_HASH,MTR_000032_HASH,DT_0116_HASH,FDR_011_HASH,E6 Indiranagar synthetic mirror,West Circle Division synthetic,West Circle,West Circle,Rajajinagar,POLE_000032_HASH,12.9907,77.5602,2025-01-01,
SP_000033_HASH,MTR_000033_HASH,DT_0054_HASH,FDR_009_HASH,E6 Indiranagar synthetic mirror,North Circle Division synthetic,North Circle,North Circle,Yelahanka,POLE_000033_HASH,13.1155,77.6084,2025-01-01,
SP_000034_HASH,MTR_000034_HASH,DT_0088_HASH,FDR_013_HASH,E6 Indiranagar synthetic mirror,East Circle Division synthetic,East Circle,East Circle,Indiranagar,POLE_000034_HASH,12.9764,77.65,2025-01-01,
SP_000035_HASH,MTR_000035_HASH,DT_0116_HASH,FDR_011_HASH,E6 Indiranagar synthetic mirror,West Circle Division synthetic,West Circle,West Circle,Rajajinagar,POLE_000035_HASH,13.0047,77.5435,2025-01-01,
SP_000036_HASH,MTR_000036_HASH,DT_0063_HASH,FDR_003_HASH,E6 Indiranagar synthetic mirror,South Circle Division synthetic,South Circle,South Circle,Jayanagar,POLE_000036_HASH,12.9236,77.5834,2025-01-01,
SP_000037_HASH,MTR_000037_HASH,DT_0014_HASH,FDR_014_HASH,E6 Indiranagar synthetic mirror,East Circle Division synthetic,East Circle,East Circle,Domlur,POLE_000037_HASH,12.9585,77.6495,2025-01-01,
SP_000038_HASH,MTR_000038_HASH,DT_0057_HASH,FDR_012_HASH,E6 Indiranagar synthetic mirror,East Circle Division synthetic,East Circle,East Circle,KR Puram,POLE_000038_HASH,13.0193,77.7181,2025-01-01,
SP_000039_HASH,MTR_000039_HASH,DT_0027_HASH,FDR_012_HASH,E6 Indiranagar synthetic mirror,East Circle Division synthetic,East Circle,East Circle,KR Puram,POLE_000039_HASH,12.9975,77.6992,2025-01-01,
SP_000040_HASH,MTR_000040_HASH,DT_0041_HASH,FDR_011_HASH,E6 Indiranagar synthetic mirror,West Circle Division synthetic,West Circle,West Circle,Rajajinagar,POLE_000040_HASH,12.9894,77.5589,2025-01-01,
SP_000041_HASH,MTR_000041_HASH,DT_0114_HASH,FDR_009_HASH,E6 Indiranagar synthetic mirror,North Circle Division synthetic,North Circle,North Circle,Yelahanka,POLE_000041_HASH,13.0898,77.5873,2025-01-01,
SP_000042_HASH,MTR_000042_HASH,DT_0028_HASH,FDR_013_HASH,E6 Indiranagar synthetic mirror,East Circle Division synthetic,East Circle,East Circle,Indiranagar,POLE_000042_HASH,12.9771,77.6541,2025-01-01,
SP_000043_HASH,MTR_000043_HASH,DT_0065_HASH,FDR_005_HASH,E6 Indiranagar synthetic mirror,East Circle Division synthetic,East Circle,East Circle,Whitefield,POLE_000043_HASH,12.9548,77.7564,2025-01-01,
SP_000044_HASH,MTR_000044_HASH,DT_0020_HASH,FDR_005_HASH,E6 Indiranagar synthetic mirror,East Circle Division synthetic,East Circle,East Circle,Whitefield,POLE_000044_HASH,12.9763,77.7474,2025-01-01,
SP_000045_HASH,MTR_000045_HASH,DT_0038_HASH,FDR_008_HASH,E6 Indiranagar synthetic mirror,North Circle Division synthetic,North Circle,North Circle,Hebbal,POLE_000045_HASH,13.0213,77.5919,2025-01-01,
SP_000046_HASH,MTR_000046_HASH,DT_0042_HASH,FDR_012_HASH,E6 Indiranagar synthetic mirror,East Circle Division synthetic,East Circle,East Circle,KR Puram,POLE_000046_HASH,13.0126,77.6968,2025-01-01,
SP_000047_HASH,MTR_000047_HASH,DT_0069_HASH,FDR_009_HASH,E6 Indiranagar synthetic mirror,North Circle Division synthetic,North Circle,North Circle,Yelahanka,POLE_000047_HASH,13.0849,77.59,2025-01-01,
SP_000048_HASH,MTR_000048_HASH,DT_0120_HASH,FDR_015_HASH,E6 Indiranagar synthetic mirror,South Circle Division synthetic,South Circle,South Circle,Jayanagar,POLE_000048_HASH,12.9152,77.5974,2025-01-01,
SP_000049_HASH,MTR_000049_HASH,DT_0095_HASH,FDR_005_HASH,E6 Indiranagar synthetic mirror,East Circle Division synthetic,East Circle,East Circle,Whitefield,POLE_000049_HASH,12.9616,77.763,2025-01-01,
SP_000050_HASH,MTR_000050_HASH,DT_0010_HASH,FDR_010_HASH,E6 Indiranagar synthetic mirror,South Circle Division synthetic,South Circle,South Circle,Banashankari,POLE_000050_HASH,12.9136,77.5255,2025-01-01,
SP_000051_HASH,MTR_000051_HASH,DT_0059_HASH,FDR_014_HASH,E6 Indiranagar synthetic mirror,East Circle Division synthetic,East Circle,East Circle,Domlur,POLE_000051_HASH,12.9559,77.656,2025-01-01,
SP_000052_HASH,MTR_000052_HASH,DT_0079_HASH,FDR_004_HASH,E6 Indiranagar synthetic mirror,South Circle Division synthetic,South Circle,South Circle,Koramangala,POLE_000052_HASH,12.9265,77.6083,2025-01-01,
SP_000053_HASH,MTR_000053_HASH,DT_0013_HASH,FDR_013_HASH,E6 Indiranagar synthetic mirror,East Circle Division synthetic,East Circle,East Circle,Indiranagar,POLE_000053_HASH,12.9909,77.6365,2025-01-01,
SP_000054_HASH,MTR_000054_HASH,DT_0095_HASH,FDR_005_HASH,E6 Indiranagar synthetic mirror,East Circle Division synthetic,East Circle,East Circle,Whitefield,POLE_000054_HASH,12.9843,77.7467,2025-01-01,
SP_000055_HASH,MTR_000055_HASH,DT_0115_HASH,FDR_010_HASH,E6 Indiranagar synthetic mirror,South Circle Division synthetic,South Circle,South Circle,Banashankari,POLE_000055_HASH,12.9211,77.5516,2025-01-01,
SP_000056_HASH,MTR_000056_HASH,DT_0102_HASH,FDR_012_HASH,E6 Indiranagar synthetic mirror,East Circle Division synthetic,East Circle,East Circle,KR Puram,POLE_000056_HASH,13.005,77.6939,2025-01-01,
SP_000057_HASH,MTR_000057_HASH,DT_0040_HASH,FDR_010_HASH,E6 Indiranagar synthetic mirror,South Circle Division synthetic,South Circle,South Circle,Banashankari,POLE_000057_HASH,12.9214,77.5633,2025-01-01,
SP_000058_HASH,MTR_000058_HASH,DT_0080_HASH,FDR_005_HASH,E6 Indiranagar synthetic mirror,East Circle Division synthetic,East Circle,East Circle,Whitefield,POLE_000058_HASH,12.98,77.7389,2025-01-01,
SP_000059_HASH,MTR_000059_HASH,DT_0046_HASH,FDR_001_HASH,E6 Indiranagar synthetic mirror,East Circle Division synthetic,East Circle,East Circle,Indiranagar,POLE_000059_HASH,12.9773,77.6496,2025-01-01,
SP_000060_HASH,MTR_000060_HASH,DT_0116_HASH,FDR_011_HASH,E6 Indiranagar synthetic mirror,West Circle Division synthetic,West Circle,West Circle,Rajajinagar,POLE_000060_HASH,12.9979,77.5602,2025-01-01,
SP_000061_HASH,MTR_000061_HASH,DT_0029_HASH,FDR_014_HASH,E6 Indiranagar synthetic mirror,East Circle Division synthetic,East Circle,East Circle,Domlur,POLE_000061_HASH,12.9679,77.6451,2025-01-01,
SP_000062_HASH,MTR_000062_HASH,DT_0038_HASH,FDR_008_HASH,E6 Indiranagar synthetic mirror,North Circle Division synthetic,North Circle,North Circle,Hebbal,POLE_000062_HASH,13.0329,77.606,2025-01-01,
SP_000063_HASH,MTR_000063_HASH,DT_0012_HASH,FDR_012_HASH,E6 Indiranagar synthetic mirror,East Circle Division synthetic,East Circle,East Circle,KR Puram,POLE_000063_HASH,12.9943,77.6918,2025-01-01,
SP_000064_HASH,MTR_000064_HASH,DT_0068_HASH,FDR_008_HASH,E6 Indiranagar synthetic mirror,North Circle Division synthetic,North Circle,North Circle,Hebbal,POLE_000064_HASH,13.0463,77.576,2025-01-01,
SP_000065_HASH,MTR_000065_HASH,DT_0096_HASH,FDR_006_HASH,E6 Indiranagar synthetic mirror,North Circle Division synthetic,North Circle,North Circle,Peenya,POLE_000065_HASH,13.0422,77.5048,2025-01-01,
SP_000066_HASH,MTR_000066_HASH,DT_0040_HASH,FDR_010_HASH,E6 Indiranagar synthetic mirror,South Circle Division synthetic,South Circle,South Circle,Banashankari,POLE_000066_HASH,12.932,77.5439,2025-01-01,
SP_000067_HASH,MTR_000067_HASH,DT_0027_HASH,FDR_012_HASH,E6 Indiranagar synthetic mirror,East Circle Division synthetic,East Circle,East Circle,KR Puram,POLE_000067_HASH,13.0366,77.6931,2025-01-01,
SP_000068_HASH,MTR_000068_HASH,DT_0110_HASH,FDR_005_HASH,E6 Indiranagar synthetic mirror,East Circle Division synthetic,East Circle,East Circle,Whitefield,POLE_000068_HASH,12.9652,77.7484,2025-01-01,
SP_000069_HASH,MTR_000069_HASH,DT_0016_HASH,FDR_001_HASH,E6 Indiranagar synthetic mirror,East Circle Division synthetic,East Circle,East Circle,Indiranagar,POLE_000069_HASH,12.9961,77.6403,2025-01-01,
SP_000070_HASH,MTR_000070_HASH,DT_0056_HASH,FDR_011_HASH,E6 Indiranagar synthetic mirror,West Circle Division synthetic,West Circle,West Circle,Rajajinagar,POLE_000070_HASH,12.9866,77.5473,2025-01-01,
SP_000071_HASH,MTR_000071_HASH,DT_0072_HASH,FDR_012_HASH,E6 Indiranagar synthetic mirror,East Circle Division synthetic,East Circle,East Circle,KR Puram,POLE_000071_HASH,12.994,77.7003,2025-01-01,
SP_000072_HASH,MTR_000072_HASH,DT_0114_HASH,FDR_009_HASH,E6 Indiranagar synthetic mirror,North Circle Division synthetic,North Circle,North Circle,Yelahanka,POLE_000072_HASH,13.1026,77.5908,2025-01-01,
SP_000073_HASH,MTR_000073_HASH,DT_0032_HASH,FDR_002_HASH,E6 Indiranagar synthetic mirror,East Circle Division synthetic,East Circle,East Circle,Domlur,POLE_000073_HASH,12.9703,77.6211,2025-01-01,
SP_000074_HASH,MTR_000074_HASH,DT_0065_HASH,FDR_005_HASH,E6 Indiranagar synthetic mirror,East Circle Division synthetic,East Circle,East Circle,Whitefield,POLE_000074_HASH,12.9737,77.7422,2025-01-01,
SP_000075_HASH,MTR_000075_HASH,DT_0071_HASH,FDR_011_HASH,E6 Indiranagar synthetic mirror,West Circle Division synthetic,West Circle,West Circle,Rajajinagar,POLE_000075_HASH,12.9955,77.5389,2025-01-01,
SP_000076_HASH,MTR_000076_HASH,DT_0092_HASH,FDR_002_HASH,E6 Indiranagar synthetic mirror,East Circle Division synthetic,East Circle,East Circle,Domlur,POLE_000076_HASH,12.9679,77.6408,2025-01-01,
SP_000077_HASH,MTR_000077_HASH,DT_0042_HASH,FDR_012_HASH,E6 Indiranagar synthetic mirror,East Circle Division synthetic,East Circle,East Circle,KR Puram,POLE_000077_HASH,13.0128,77.6883,2025-01-01,
SP_000078_HASH,MTR_000078_HASH,DT_0016_HASH,FDR_001_HASH,E6 Indiranagar synthetic mirror,East Circle Division synthetic,East Circle,East Circle,Indiranagar,POLE_000078_HASH,12.9863,77.621,2025-01-01,
SP_000079_HASH,MTR_000079_HASH,DT_0091_HASH,FDR_001_HASH,E6 Indiranagar synthetic mirror,East Circle Division synthetic,East Circle,East Circle,Indiranagar,POLE_000079_HASH,12.9819,77.6274,2025-01-01,
SP_000080_HASH,MTR_000080_HASH,DT_0120_HASH,FDR_015_HASH,E6 Indiranagar synthetic mirror,South Circle Division synthetic,South Circle,South Circle,Jayanagar,POLE_000080_HASH,12.9297,77.5877,2025-01-01,
SP_000081_HASH,MTR_000081_HASH,DT_0117_HASH,FDR_012_HASH,E6 Indiranagar synthetic mirror,East Circle Division synthetic,East Circle,East Circle,KR Puram,POLE_000081_HASH,13.0085,77.7216,2025-01-01,
SP_000082_HASH,MTR_000082_HASH,DT_0098_HASH,FDR_008_HASH,E6 Indiranagar synthetic mirror,North Circle Division synthetic,North Circle,North Circle,Hebbal,POLE_000082_HASH,13.025,77.5946,2025-01-01,
SP_000083_HASH,MTR_000083_HASH,DT_0050_HASH,FDR_005_HASH,E6 Indiranagar synthetic mirror,East Circle Division synthetic,East Circle,East Circle,Whitefield,POLE_000083_HASH,12.9602,77.7552,2025-01-01,
SP_000084_HASH,MTR_000084_HASH,DT_0036_HASH,FDR_006_HASH,E6 Indiranagar synthetic mirror,North Circle Division synthetic,North Circle,North Circle,Peenya,POLE_000084_HASH,13.0235,77.5166,2025-01-01,
SP_000085_HASH,MTR_000085_HASH,DT_0053_HASH,FDR_008_HASH,E6 Indiranagar synthetic mirror,North Circle Division synthetic,North Circle,North Circle,Hebbal,POLE_000085_HASH,13.0405,77.5931,2025-01-01,
SP_000086_HASH,MTR_000086_HASH,DT_0052_HASH,FDR_007_HASH,E6 Indiranagar synthetic mirror,South Circle Division synthetic,South Circle,South Circle,Electronic City,POLE_000086_HASH,12.8604,77.6716,2025-01-01,
SP_000087_HASH,MTR_000087_HASH,DT_0002_HASH,FDR_002_HASH,E6 Indiranagar synthetic mirror,East Circle Division synthetic,East Circle,East Circle,Domlur,POLE_000087_HASH,12.9724,77.6433,2025-01-01,
SP_000088_HASH,MTR_000088_HASH,DT_0095_HASH,FDR_005_HASH,E6 Indiranagar synthetic mirror,East Circle Division synthetic,East Circle,East Circle,Whitefield,POLE_000088_HASH,12.9899,77.7545,2025-01-01,
SP_000089_HASH,MTR_000089_HASH,DT_0037_HASH,FDR_007_HASH,E6 Indiranagar synthetic mirror,South Circle Division synthetic,South Circle,South Circle,Electronic City,POLE_000089_HASH,12.847,77.6803,2025-01-01,
SP_000090_HASH,MTR_000090_HASH,DT_0046_HASH,FDR_001_HASH,E6 Indiranagar synthetic mirror,East Circle Division synthetic,East Circle,East Circle,Indiranagar,POLE_000090_HASH,12.9655,77.6529,2025-01-01,
SP_000091_HASH,MTR_000091_HASH,DT_0038_HASH,FDR_008_HASH,E6 Indiranagar synthetic mirror,North Circle Division synthetic,North Circle,North Circle,Hebbal,POLE_000091_HASH,13.0572,77.5975,2025-01-01,
SP_000092_HASH,MTR_000092_HASH,DT_0050_HASH,FDR_005_HASH,E6 Indiranagar synthetic mirror,East Circle Division synthetic,East Circle,East Circle,Whitefield,POLE_000092_HASH,12.9834,77.7514,2025-01-01,
SP_000093_HASH,MTR_000093_HASH,DT_0110_HASH,FDR_005_HASH,E6 Indiranagar synthetic mirror,East Circle Division synthetic,East Circle,East Circle,Whitefield,POLE_000093_HASH,12.9665,77.7358,2025-01-01,
SP_000094_HASH,MTR_000094_HASH,DT_0082_HASH,FDR_007_HASH,E6 Indiranagar synthetic mirror,South Circle Division synthetic,South Circle,South Circle,Electronic City,POLE_000094_HASH,12.8382,77.6817,2025-01-01,
SP_000095_HASH,MTR_000095_HASH,DT_0095_HASH,FDR_005_HASH,E6 Indiranagar synthetic mirror,East Circle Division synthetic,East Circle,East Circle,Whitefield,POLE_000095_HASH,12.9694,77.7588,2025-01-01,
SP_000096_HASH,MTR_000096_HASH,DT_0059_HASH,FDR_014_HASH,E6 Indiranagar synthetic mirror,East Circle Division synthetic,East Circle,East Circle,Domlur,POLE_000096_HASH,12.9664,77.6445,2025-01-01,
SP_000097_HASH,MTR_000097_HASH,DT_0102_HASH,FDR_012_HASH,E6 Indiranagar synthetic mirror,East Circle Division synthetic,East Circle,East Circle,KR Puram,POLE_000097_HASH,13.0043,77.7115,2025-01-01,
SP_000098_HASH,MTR_000098_HASH,DT_0013_HASH,FDR_013_HASH,E6 Indiranagar synthetic mirror,East Circle Division synthetic,East Circle,East Circle,Indiranagar,POLE_000098_HASH,12.9894,77.6441,2025-01-01,
SP_000099_HASH,MTR_000099_HASH,DT_0079_HASH,FDR_004_HASH,E6 Indiranagar synthetic mirror,South Circle Division synthetic,South Circle,South Circle,Koramangala,POLE_000099_HASH,12.9221,77.6283,2025-01-01,
SP_000100_HASH,MTR_000100_HASH,DT_0061_HASH,FDR_001_HASH,E6 Indiranagar synthetic mirror,East Circle Division synthetic,East Circle,East Circle,Indiranagar,POLE_000100_HASH,12.9666,77.6471,2025-01-01,
SP_000101_HASH,MTR_000101_HASH,DT_0064_HASH,FDR_004_HASH,E6 Indiranagar synthetic mirror,South Circle Division synthetic,South Circle,South Circle,Koramangala,POLE_000101_HASH,12.9216,77.6224,2025-01-01,
SP_000102_HASH,MTR_000102_HASH,DT_0101_HASH,FDR_011_HASH,E6 Indiranagar synthetic mirror,West Circle Division synthetic,West Circle,West Circle,Rajajinagar,POLE_000102_HASH,13.0061,77.5405,2025-01-01,
SP_000103_HASH,MTR_000103_HASH,DT_0040_HASH,FDR_010_HASH,E6 Indiranagar synthetic mirror,South Circle Division synthetic,South Circle,South Circle,Banashankari,POLE_000103_HASH,12.9136,77.5585,2025-01-01,
SP_000104_HASH,MTR_000104_HASH,DT_0117_HASH,FDR_012_HASH,E6 Indiranagar synthetic mirror,East Circle Division synthetic,East Circle,East Circle,KR Puram,POLE_000104_HASH,12.9845,77.6906,2025-01-01,
SP_000105_HASH,MTR_000105_HASH,DT_0011_HASH,FDR_011_HASH,E6 Indiranagar synthetic mirror,West Circle Division synthetic,West Circle,West Circle,Rajajinagar,POLE_000105_HASH,12.9869,77.553,2025-01-01,
SP_000106_HASH,MTR_000106_HASH,DT_0113_HASH,FDR_008_HASH,E6 Indiranagar synthetic mirror,North Circle Division synthetic,North Circle,North Circle,Hebbal,POLE_000106_HASH,13.0274,77.6073,2025-01-01,
SP_000107_HASH,MTR_000107_HASH,DT_0027_HASH,FDR_012_HASH,E6 Indiranagar synthetic mirror,East Circle Division synthetic,East Circle,East Circle,KR Puram,POLE_000107_HASH,12.9976,77.684,2025-01-01,
SP_000108_HASH,MTR_000108_HASH,DT_0098_HASH,FDR_008_HASH,E6 Indiranagar synthetic mirror,North Circle Division synthetic,North Circle,North Circle,Hebbal,POLE_000108_HASH,13.0515,77.5843,2025-01-01,
SP_000109_HASH,MTR_000109_HASH,DT_0020_HASH,FDR_005_HASH,E6 Indiranagar synthetic mirror,East Circle Division synthetic,East Circle,East Circle,Whitefield,POLE_000109_HASH,12.9683,77.756,2025-01-01,
SP_000110_HASH,MTR_000110_HASH,DT_0026_HASH,FDR_011_HASH,E6 Indiranagar synthetic mirror,West Circle Division synthetic,West Circle,West Circle,Rajajinagar,POLE_000110_HASH,12.9598,77.5706,2025-01-01,
SP_000111_HASH,MTR_000111_HASH,DT_0116_HASH,FDR_011_HASH,E6 Indiranagar synthetic mirror,West Circle Division synthetic,West Circle,West Circle,Rajajinagar,POLE_000111_HASH,12.9736,77.5514,2025-01-01,
SP_000112_HASH,MTR_000112_HASH,DT_0055_HASH,FDR_010_HASH,E6 Indiranagar synthetic mirror,South Circle Division synthetic,South Circle,South Circle,Banashankari,POLE_000112_HASH,12.9377,77.5419,2025-01-01,
SP_000113_HASH,MTR_000113_HASH,DT_0095_HASH,FDR_005_HASH,E6 Indiranagar synthetic mirror,East Circle Division synthetic,East Circle,East Circle,Whitefield,POLE_000113_HASH,12.9618,77.7585,2025-01-01,
SP_000114_HASH,MTR_000114_HASH,DT_0008_HASH,FDR_008_HASH,E6 Indiranagar synthetic mirror,North Circle Division synthetic,North Circle,North Circle,Hebbal,POLE_000114_HASH,13.0401,77.5838,2025-01-01,
SP_000115_HASH,MTR_000115_HASH,DT_0096_HASH,FDR_006_HASH,E6 Indiranagar synthetic mirror,North Circle Division synthetic,North Circle,North Circle,Peenya,POLE_000115_HASH,13.0328,77.5139,2025-01-01,
SP_000116_HASH,MTR_000116_HASH,DT_0079_HASH,FDR_004_HASH,E6 Indiranagar synthetic mirror,South Circle Division synthetic,South Circle,South Circle,Koramangala,POLE_000116_HASH,12.9299,77.622,2025-01-01,
SP_000117_HASH,MTR_000117_HASH,DT_0020_HASH,FDR_005_HASH,E6 Indiranagar synthetic mirror,East Circle Division synthetic,East Circle,East Circle,Whitefield,POLE_000117_HASH,12.963,77.7547,2025-01-01,
SP_000118_HASH,MTR_000118_HASH,DT_0107_HASH,FDR_002_HASH,E6 Indiranagar synthetic mirror,East Circle Division synthetic,East Circle,East Circle,Domlur,POLE_000118_HASH,12.9448,77.6538,2025-01-01,
SP_000119_HASH,MTR_000119_HASH,DT_0053_HASH,FDR_008_HASH,E6 Indiranagar synthetic mirror,North Circle Division synthetic,North Circle,North Circle,Hebbal,POLE_000119_HASH,13.0176,77.6098,2025-01-01,
SP_000120_HASH,MTR_000120_HASH,DT_0111_HASH,FDR_006_HASH,E6 Indiranagar synthetic mirror,North Circle Division synthetic,North Circle,North Circle,Peenya,POLE_000120_HASH,13.0221,77.5061,2025-01-01,
SP_000121_HASH,MTR_000121_HASH,DT_0115_HASH,FDR_010_HASH,E6 Indiranagar synthetic mirror,South Circle Division synthetic,South Circle,South Circle,Banashankari,POLE_000121_HASH,12.9398,77.5366,2025-01-01,
SP_000122_HASH,MTR_000122_HASH,DT_0089_HASH,FDR_014_HASH,E6 Indiranagar synthetic mirror,East Circle Division synthetic,East Circle,East Circle,Domlur,POLE_000122_HASH,12.9584,77.6404,2025-01-01,
SP_000123_HASH,MTR_000123_HASH,DT_0089_HASH,FDR_014_HASH,E6 Indiranagar synthetic mirror,East Circle Division synthetic,East Circle,East Circle,Domlur,POLE_000123_HASH,12.9594,77.6389,2025-01-01,
SP_000124_HASH,MTR_000124_HASH,DT_0028_HASH,FDR_013_HASH,E6 Indiranagar synthetic mirror,East Circle Division synthetic,East Circle,East Circle,Indiranagar,POLE_000124_HASH,12.9812,77.6274,2025-01-01,
SP_000125_HASH,MTR_000125_HASH,DT_0042_HASH,FDR_012_HASH,E6 Indiranagar synthetic mirror,East Circle Division synthetic,East Circle,East Circle,KR Puram,POLE_000125_HASH,13.0049,77.6768,2025-01-01,
SP_000126_HASH,MTR_000126_HASH,DT_0085_HASH,FDR_010_HASH,E6 Indiranagar synthetic mirror,South Circle Division synthetic,South Circle,South Circle,Banashankari,POLE_000126_HASH,12.9206,77.5312,2025-01-01,
SP_000127_HASH,MTR_000127_HASH,DT_0007_HASH,FDR_007_HASH,E6 Indiranagar synthetic mirror,South Circle Division synthetic,South Circle,South Circle,Electronic City,POLE_000127_HASH,12.8436,77.672,2025-01-01,
SP_000128_HASH,MTR_000128_HASH,DT_0068_HASH,FDR_008_HASH,E6 Indiranagar synthetic mirror,North Circle Division synthetic,North Circle,North Circle,Hebbal,POLE_000128_HASH,13.0263,77.6074,2025-01-01,
SP_000129_HASH,MTR_000129_HASH,DT_0090_HASH,FDR_015_HASH,E6 Indiranagar synthetic mirror,South Circle Division synthetic,South Circle,South Circle,Jayanagar,POLE_000129_HASH,12.9186,77.6035,2025-01-01,
SP_000130_HASH,MTR_000130_HASH,DT_0040_HASH,FDR_010_HASH,E6 Indiranagar synthetic mirror,South Circle Division synthetic,South Circle,South Circle,Banashankari,POLE_000130_HASH,12.9224,77.5506,2025-01-01,
SP_000131_HASH,MTR_000131_HASH,DT_0006_HASH,FDR_006_HASH,E6 Indiranagar synthetic mirror,North Circle Division synthetic,North Circle,North Circle,Peenya,POLE_000131_HASH,13.028,77.5261,2025-01-01,
SP_000132_HASH,MTR_000132_HASH,DT_0008_HASH,FDR_008_HASH,E6 Indiranagar synthetic mirror,North Circle Division synthetic,North Circle,North Circle,Hebbal,POLE_000132_HASH,13.0407,77.6095,2025-01-01,
SP_000133_HASH,MTR_000133_HASH,DT_0061_HASH,FDR_001_HASH,E6 Indiranagar synthetic mirror,East Circle Division synthetic,East Circle,East Circle,Indiranagar,POLE_000133_HASH,12.9973,77.6553,2025-01-01,
SP_000134_HASH,MTR_000134_HASH,DT_0035_HASH,FDR_005_HASH,E6 Indiranagar synthetic mirror,East Circle Division synthetic,East Circle,East Circle,Whitefield,POLE_000134_HASH,12.9634,77.742,2025-01-01,
SP_000135_HASH,MTR_000135_HASH,DT_0043_HASH,FDR_013_HASH,E6 Indiranagar synthetic mirror,East Circle Division synthetic,East Circle,East Circle,Indiranagar,POLE_000135_HASH,12.9956,77.6199,2025-01-01,
SP_000136_HASH,MTR_000136_HASH,DT_0012_HASH,FDR_012_HASH,E6 Indiranagar synthetic mirror,East Circle Division synthetic,East Circle,East Circle,KR Puram,POLE_000136_HASH,13.0049,77.6914,2025-01-01,
SP_000137_HASH,MTR_000137_HASH,DT_0054_HASH,FDR_009_HASH,E6 Indiranagar synthetic mirror,North Circle Division synthetic,North Circle,North Circle,Yelahanka,POLE_000137_HASH,13.0962,77.6009,2025-01-01,
SP_000138_HASH,MTR_000138_HASH,DT_0051_HASH,FDR_006_HASH,E6 Indiranagar synthetic mirror,North Circle Division synthetic,North Circle,North Circle,Peenya,POLE_000138_HASH,13.0236,77.5168,2025-01-01,
SP_000139_HASH,MTR_000139_HASH,DT_0102_HASH,FDR_012_HASH,E6 Indiranagar synthetic mirror,East Circle Division synthetic,East Circle,East Circle,KR Puram,POLE_000139_HASH,12.9907,77.6981,2025-01-01,
SP_000140_HASH,MTR_000140_HASH,DT_0050_HASH,FDR_005_HASH,E6 Indiranagar synthetic mirror,East Circle Division synthetic,East Circle,East Circle,Whitefield,POLE_000140_HASH,12.9543,77.7512,2025-01-01,
SP_000141_HASH,MTR_000141_HASH,DT_0048_HASH,FDR_003_HASH,E6 Indiranagar synthetic mirror,South Circle Division synthetic,South Circle,South Circle,Jayanagar,POLE_000141_HASH,12.9336,77.6075,2025-01-01,
SP_000142_HASH,MTR_000142_HASH,DT_0072_HASH,FDR_012_HASH,E6 Indiranagar synthetic mirror,East Circle Division synthetic,East Circle,East Circle,KR Puram,POLE_000142_HASH,12.9981,77.6889,2025-01-01,
SP_000143_HASH,MTR_000143_HASH,DT_0080_HASH,FDR_005_HASH,E6 Indiranagar synthetic mirror,East Circle Division synthetic,East Circle,East Circle,Whitefield,POLE_000143_HASH,12.9575,77.7494,2025-01-01,
SP_000144_HASH,MTR_000144_HASH,DT_0117_HASH,FDR_012_HASH,E6 Indiranagar synthetic mirror,East Circle Division synthetic,East Circle,East Circle,KR Puram,POLE_000144_HASH,13.0119,77.7148,2025-01-01,
SP_000145_HASH,MTR_000145_HASH,DT_0120_HASH,FDR_015_HASH,E6 Indiranagar synthetic mirror,South Circle Division synthetic,South Circle,South Circle,Jayanagar,POLE_000145_HASH,12.9003,77.5908,2025-01-01,
SP_000146_HASH,MTR_000146_HASH,DT_0120_HASH,FDR_015_HASH,E6 Indiranagar synthetic mirror,South Circle Division synthetic,South Circle,South Circle,Jayanagar,POLE_000146_HASH,12.9369,77.5839,2025-01-01,
SP_000147_HASH,MTR_000147_HASH,DT_0032_HASH,FDR_002_HASH,E6 Indiranagar synthetic mirror,East Circle Division synthetic,East Circle,East Circle,Domlur,POLE_000147_HASH,12.9553,77.6432,2025-01-01,
SP_000148_HASH,MTR_000148_HASH,DT_0035_HASH,FDR_005_HASH,E6 Indiranagar synthetic mirror,East Circle Division synthetic,East Circle,East Circle,Whitefield,POLE_000148_HASH,12.9746,77.7514,2025-01-01,
SP_000149_HASH,MTR_000149_HASH,DT_0021_HASH,FDR_006_HASH,E6 Indiranagar synthetic mirror,North Circle Division synthetic,North Circle,North Circle,Peenya,POLE_000149_HASH,13.0367,77.508,2025-01-01,
SP_000150_HASH,MTR_000150_HASH,DT_0042_HASH,FDR_012_HASH,E6 Indiranagar synthetic mirror,East Circle Division synthetic,East Circle,East Circle,KR Puram,POLE_000150_HASH,13.0021,77.6912,2025-01-01,
SP_000151_HASH,MTR_000151_HASH,DT_0073_HASH,FDR_013_HASH,E6 Indiranagar synthetic mirror,East Circle Division synthetic,East Circle,East Circle,Indiranagar,POLE_000151_HASH,12.9854,77.653,2025-01-01,
SP_000152_HASH,MTR_000152_HASH,DT_0020_HASH,FDR_005_HASH,E6 Indiranagar synthetic mirror,East Circle Division synthetic,East Circle,East Circle,Whitefield,POLE_000152_HASH,12.9701,77.7635,2025-01-01,
SP_000153_HASH,MTR_000153_HASH,DT_0020_HASH,FDR_005_HASH,E6 Indiranagar synthetic mirror,East Circle Division synthetic,East Circle,East Circle,Whitefield,POLE_000153_HASH,12.9663,77.7474,2025-01-01,
SP_000154_HASH,MTR_000154_HASH,DT_0071_HASH,FDR_011_HASH,E6 Indiranagar synthetic mirror,West Circle Division synthetic,West Circle,West Circle,Rajajinagar,POLE_000154_HASH,12.9848,77.5536,2025-01-01,
SP_000155_HASH,MTR_000155_HASH,DT_0082_HASH,FDR_007_HASH,E6 Indiranagar synthetic mirror,South Circle Division synthetic,South Circle,South Circle,Electronic City,POLE_000155_HASH,12.8361,77.6734,2025-01-01,
SP_000156_HASH,MTR_000156_HASH,DT_0035_HASH,FDR_005_HASH,E6 Indiranagar synthetic mirror,East Circle Division synthetic,East Circle,East Circle,Whitefield,POLE_000156_HASH,12.9753,77.7497,2025-01-01,
SP_000157_HASH,MTR_000157_HASH,DT_0047_HASH,FDR_002_HASH,E6 Indiranagar synthetic mirror,East Circle Division synthetic,East Circle,East Circle,Domlur,POLE_000157_HASH,12.9695,77.6126,2025-01-01,
SP_000158_HASH,MTR_000158_HASH,DT_0022_HASH,FDR_007_HASH,E6 Indiranagar synthetic mirror,South Circle Division synthetic,South Circle,South Circle,Electronic City,POLE_000158_HASH,12.8405,77.6622,2025-01-01,
SP_000159_HASH,MTR_000159_HASH,DT_0055_HASH,FDR_010_HASH,E6 Indiranagar synthetic mirror,South Circle Division synthetic,South Circle,South Circle,Banashankari,POLE_000159_HASH,12.9257,77.5463,2025-01-01,
SP_000160_HASH,MTR_000160_HASH,DT_0031_HASH,FDR_001_HASH,E6 Indiranagar synthetic mirror,East Circle Division synthetic,East Circle,East Circle,Indiranagar,POLE_000160_HASH,12.9871,77.6278,2025-01-01,
SP_000161_HASH,MTR_000161_HASH,DT_0037_HASH,FDR_007_HASH,E6 Indiranagar synthetic mirror,South Circle Division synthetic,South Circle,South Circle,Electronic City,POLE_000161_HASH,12.837,77.6762,2025-01-01,
SP_000162_HASH,MTR_000162_HASH,DT_0019_HASH,FDR_004_HASH,E6 Indiranagar synthetic mirror,South Circle Division synthetic,South Circle,South Circle,Koramangala,POLE_000162_HASH,12.93,77.6372,2025-01-01,
SP_000163_HASH,MTR_000163_HASH,DT_0070_HASH,FDR_010_HASH,E6 Indiranagar synthetic mirror,South Circle Division synthetic,South Circle,South Circle,Banashankari,POLE_000163_HASH,12.922,77.5358,2025-01-01,
SP_000164_HASH,MTR_000164_HASH,DT_0022_HASH,FDR_007_HASH,E6 Indiranagar synthetic mirror,South Circle Division synthetic,South Circle,South Circle,Electronic City,POLE_000164_HASH,12.8308,77.6821,2025-01-01,
SP_000165_HASH,MTR_000165_HASH,DT_0020_HASH,FDR_005_HASH,E6 Indiranagar synthetic mirror,East Circle Division synthetic,East Circle,East Circle,Whitefield,POLE_000165_HASH,12.9819,77.7469,2025-01-01,
SP_000166_HASH,MTR_000166_HASH,DT_0020_HASH,FDR_005_HASH,E6 Indiranagar synthetic mirror,East Circle Division synthetic,East Circle,East Circle,Whitefield,POLE_000166_HASH,12.9691,77.7403,2025-01-01,
SP_000167_HASH,MTR_000167_HASH,DT_0085_HASH,FDR_010_HASH,E6 Indiranagar synthetic mirror,South Circle Division synthetic,South Circle,South Circle,Banashankari,POLE_000167_HASH,12.9225,77.5606,2025-01-01,
SP_000168_HASH,MTR_000168_HASH,DT_0113_HASH,FDR_008_HASH,E6 Indiranagar synthetic mirror,North Circle Division synthetic,North Circle,North Circle,Hebbal,POLE_000168_HASH,13.042,77.592,2025-01-01,
SP_000169_HASH,MTR_000169_HASH,DT_0042_HASH,FDR_012_HASH,E6 Indiranagar synthetic mirror,East Circle Division synthetic,East Circle,East Circle,KR Puram,POLE_000169_HASH,13.0103,77.6962,2025-01-01,
SP_000170_HASH,MTR_000170_HASH,DT_0098_HASH,FDR_008_HASH,E6 Indiranagar synthetic mirror,North Circle Division synthetic,North Circle,North Circle,Hebbal,POLE_000170_HASH,13.0206,77.601,2025-01-01,
SP_000171_HASH,MTR_000171_HASH,DT_0101_HASH,FDR_011_HASH,E6 Indiranagar synthetic mirror,West Circle Division synthetic,West Circle,West Circle,Rajajinagar,POLE_000171_HASH,12.9983,77.5592,2025-01-01,
SP_000172_HASH,MTR_000172_HASH,DT_0086_HASH,FDR_011_HASH,E6 Indiranagar synthetic mirror,West Circle Division synthetic,West Circle,West Circle,Rajajinagar,POLE_000172_HASH,12.9824,77.5442,2025-01-01,
SP_000173_HASH,MTR_000173_HASH,DT_0103_HASH,FDR_013_HASH,E6 Indiranagar synthetic mirror,East Circle Division synthetic,East Circle,East Circle,Indiranagar,POLE_000173_HASH,12.9503,77.6591,2025-01-01,
SP_000174_HASH,MTR_000174_HASH,DT_0066_HASH,FDR_006_HASH,E6 Indiranagar synthetic mirror,North Circle Division synthetic,North Circle,North Circle,Peenya,POLE_000174_HASH,13.0313,77.5152,2025-01-01,
SP_000175_HASH,MTR_000175_HASH,DT_0102_HASH,FDR_012_HASH,E6 Indiranagar synthetic mirror,East Circle Division synthetic,East Circle,East Circle,KR Puram,POLE_000175_HASH,12.987,77.7088,2025-01-01,
SP_000176_HASH,MTR_000176_HASH,DT_0069_HASH,FDR_009_HASH,E6 Indiranagar synthetic mirror,North Circle Division synthetic,North Circle,North Circle,Yelahanka,POLE_000176_HASH,13.1015,77.6142,2025-01-01,
SP_000177_HASH,MTR_000177_HASH,DT_0023_HASH,FDR_008_HASH,E6 Indiranagar synthetic mirror,North Circle Division synthetic,North Circle,North Circle,Hebbal,POLE_000177_HASH,13.0184,77.6057,2025-01-01,
SP_000178_HASH,MTR_000178_HASH,DT_0096_HASH,FDR_006_HASH,E6 Indiranagar synthetic mirror,North Circle Division synthetic,North Circle,North Circle,Peenya,POLE_000178_HASH,13.0386,77.5139,2025-01-01,
SP_000179_HASH,MTR_000179_HASH,DT_0024_HASH,FDR_009_HASH,E6 Indiranagar synthetic mirror,North Circle Division synthetic,North Circle,North Circle,Yelahanka,POLE_000179_HASH,13.0975,77.6011,2025-01-01,
SP_000180_HASH,MTR_000180_HASH,DT_0112_HASH,FDR_007_HASH,E6 Indiranagar synthetic mirror,South Circle Division synthetic,South Circle,South Circle,Electronic City,POLE_000180_HASH,12.8342,77.6795,2025-01-01,
SP_000181_HASH,MTR_000181_HASH,DT_0081_HASH,FDR_006_HASH,E6 Indiranagar synthetic mirror,North Circle Division synthetic,North Circle,North Circle,Peenya,POLE_000181_HASH,13.0231,77.5306,2025-01-01,
SP_000182_HASH,MTR_000182_HASH,DT_0069_HASH,FDR_009_HASH,E6 Indiranagar synthetic mirror,North Circle Division synthetic,North Circle,North Circle,Yelahanka,POLE_000182_HASH,13.0888,77.6007,2025-01-01,
SP_000183_HASH,MTR_000183_HASH,DT_0082_HASH,FDR_007_HASH,E6 Indiranagar synthetic mirror,South Circle Division synthetic,South Circle,South Circle,Electronic City,POLE_000183_HASH,12.8352,77.6664,2025-01-01,
SP_000184_HASH,MTR_000184_HASH,DT_0092_HASH,FDR_002_HASH,E6 Indiranagar synthetic mirror,East Circle Division synthetic,East Circle,East Circle,Domlur,POLE_000184_HASH,12.9757,77.6416,2025-01-01,
SP_000185_HASH,MTR_000185_HASH,DT_0108_HASH,FDR_003_HASH,E6 Indiranagar synthetic mirror,South Circle Division synthetic,South Circle,South Circle,Jayanagar,POLE_000185_HASH,12.9282,77.5886,2025-01-01,
SP_000186_HASH,MTR_000186_HASH,DT_0044_HASH,FDR_014_HASH,E6 Indiranagar synthetic mirror,East Circle Division synthetic,East Circle,East Circle,Domlur,POLE_000186_HASH,12.9419,77.646,2025-01-01,
SP_000187_HASH,MTR_000187_HASH,DT_0041_HASH,FDR_011_HASH,E6 Indiranagar synthetic mirror,West Circle Division synthetic,West Circle,West Circle,Rajajinagar,POLE_000187_HASH,12.9978,77.55,2025-01-01,
SP_000188_HASH,MTR_000188_HASH,DT_0020_HASH,FDR_005_HASH,E6 Indiranagar synthetic mirror,East Circle Division synthetic,East Circle,East Circle,Whitefield,POLE_000188_HASH,12.9861,77.7437,2025-01-01,
SP_000189_HASH,MTR_000189_HASH,DT_0039_HASH,FDR_009_HASH,E6 Indiranagar synthetic mirror,North Circle Division synthetic,North Circle,North Circle,Yelahanka,POLE_000189_HASH,13.1031,77.6173,2025-01-01,
SP_000190_HASH,MTR_000190_HASH,DT_0019_HASH,FDR_004_HASH,E6 Indiranagar synthetic mirror,South Circle Division synthetic,South Circle,South Circle,Koramangala,POLE_000190_HASH,12.9435,77.6191,2025-01-01,
SP_000191_HASH,MTR_000191_HASH,DT_0101_HASH,FDR_011_HASH,E6 Indiranagar synthetic mirror,West Circle Division synthetic,West Circle,West Circle,Rajajinagar,POLE_000191_HASH,12.9795,77.5514,2025-01-01,
SP_000192_HASH,MTR_000192_HASH,DT_0008_HASH,FDR_008_HASH,E6 Indiranagar synthetic mirror,North Circle Division synthetic,North Circle,North Circle,Hebbal,POLE_000192_HASH,13.0397,77.5925,2025-01-01,
SP_000193_HASH,MTR_000193_HASH,DT_0101_HASH,FDR_011_HASH,E6 Indiranagar synthetic mirror,West Circle Division synthetic,West Circle,West Circle,Rajajinagar,POLE_000193_HASH,13.003,77.5566,2025-01-01,
SP_000194_HASH,MTR_000194_HASH,DT_0082_HASH,FDR_007_HASH,E6 Indiranagar synthetic mirror,South Circle Division synthetic,South Circle,South Circle,Electronic City,POLE_000194_HASH,12.8396,77.6799,2025-01-01,
SP_000195_HASH,MTR_000195_HASH,DT_0099_HASH,FDR_009_HASH,E6 Indiranagar synthetic mirror,North Circle Division synthetic,North Circle,North Circle,Yelahanka,POLE_000195_HASH,13.1111,77.5825,2025-01-01,
SP_000196_HASH,MTR_000196_HASH,DT_0112_HASH,FDR_007_HASH,E6 Indiranagar synthetic mirror,South Circle Division synthetic,South Circle,South Circle,Electronic City,POLE_000196_HASH,12.8306,77.6747,2025-01-01,
SP_000197_HASH,MTR_000197_HASH,DT_0025_HASH,FDR_010_HASH,E6 Indiranagar synthetic mirror,South Circle Division synthetic,South Circle,South Circle,Banashankari,POLE_000197_HASH,12.9333,77.5532,2025-01-01,
SP_000198_HASH,MTR_000198_HASH,DT_0068_HASH,FDR_008_HASH,E6 Indiranagar synthetic mirror,North Circle Division synthetic,North Circle,North Circle,Hebbal,POLE_000198_HASH,13.031,77.593,2025-01-01,
SP_000199_HASH,MTR_000199_HASH,DT_0117_HASH,FDR_012_HASH,E6 Indiranagar synthetic mirror,East Circle Division synthetic,East Circle,East Circle,KR Puram,POLE_000199_HASH,13.0165,77.6943,2025-01-01,
SP_000200_HASH,MTR_000200_HASH,DT_0091_HASH,FDR_001_HASH,E6 Indiranagar synthetic mirror,East Circle Division synthetic,East Circle,East Circle,Indiranagar,POLE_000200_HASH,12.987,77.6352,2025-01-01,
SP_000201_HASH,MTR_000201_HASH,DT_0048_HASH,FDR_003_HASH,E6 Indiranagar synthetic mirror,South Circle Division synthetic,South Circle,South Circle,Jayanagar,POLE_000201_HASH,12.9258,77.5899,2025-01-01,
SP_000202_HASH,MTR_000202_HASH,DT_0053_HASH,FDR_008_HASH,E6 Indiranagar synthetic mirror,North Circle Division synthetic,North Circle,North Circle,Hebbal,POLE_000202_HASH,13.0148,77.598,2025-01-01,
SP_000203_HASH,MTR_000203_HASH,DT_0082_HASH,FDR_007_HASH,E6 Indiranagar synthetic mirror,South Circle Division synthetic,South Circle,South Circle,Electronic City,POLE_000203_HASH,12.8463,77.6968,2025-01-01,
SP_000204_HASH,MTR_000204_HASH,DT_0097_HASH,FDR_007_HASH,E6 Indiranagar synthetic mirror,South Circle Division synthetic,South Circle,South Circle,Electronic City,POLE_000204_HASH,12.8378,77.6712,2025-01-01,
SP_000205_HASH,MTR_000205_HASH,DT_0019_HASH,FDR_004_HASH,E6 Indiranagar synthetic mirror,South Circle Division synthetic,South Circle,South Circle,Koramangala,POLE_000205_HASH,12.9361,77.6004,2025-01-01,
SP_000206_HASH,MTR_000206_HASH,DT_0067_HASH,FDR_007_HASH,E6 Indiranagar synthetic mirror,South Circle Division synthetic,South Circle,South Circle,Electronic City,POLE_000206_HASH,12.8308,77.6703,2025-01-01,
SP_000207_HASH,MTR_000207_HASH,DT_0081_HASH,FDR_006_HASH,E6 Indiranagar synthetic mirror,North Circle Division synthetic,North Circle,North Circle,Peenya,POLE_000207_HASH,13.015,77.5194,2025-01-01,
SP_000208_HASH,MTR_000208_HASH,DT_0088_HASH,FDR_013_HASH,E6 Indiranagar synthetic mirror,East Circle Division synthetic,East Circle,East Circle,Indiranagar,POLE_000208_HASH,12.9845,77.6374,2025-01-01,
SP_000209_HASH,MTR_000209_HASH,DT_0118_HASH,FDR_013_HASH,E6 Indiranagar synthetic mirror,East Circle Division synthetic,East Circle,East Circle,Indiranagar,POLE_000209_HASH,12.9726,77.6415,2025-01-01,
SP_000210_HASH,MTR_000210_HASH,DT_0054_HASH,FDR_009_HASH,E6 Indiranagar synthetic mirror,North Circle Division synthetic,North Circle,North Circle,Yelahanka,POLE_000210_HASH,13.1052,77.5935,2025-01-01,
SP_000211_HASH,MTR_000211_HASH,DT_0013_HASH,FDR_013_HASH,E6 Indiranagar synthetic mirror,East Circle Division synthetic,East Circle,East Circle,Indiranagar,POLE_000211_HASH,12.9816,77.6393,2025-01-01,
SP_000212_HASH,MTR_000212_HASH,DT_0010_HASH,FDR_010_HASH,E6 Indiranagar synthetic mirror,South Circle Division synthetic,South Circle,South Circle,Banashankari,POLE_000212_HASH,12.9346,77.5574,2025-01-01,
SP_000213_HASH,MTR_000213_HASH,DT_0043_HASH,FDR_013_HASH,E6 Indiranagar synthetic mirror,East Circle Division synthetic,East Circle,East Circle,Indiranagar,POLE_000213_HASH,12.9855,77.639,2025-01-01,
SP_000214_HASH,MTR_000214_HASH,DT_0077_HASH,FDR_002_HASH,E6 Indiranagar synthetic mirror,East Circle Division synthetic,East Circle,East Circle,Domlur,POLE_000214_HASH,12.945,77.6512,2025-01-01,
SP_000215_HASH,MTR_000215_HASH,DT_0056_HASH,FDR_011_HASH,E6 Indiranagar synthetic mirror,West Circle Division synthetic,West Circle,West Circle,Rajajinagar,POLE_000215_HASH,12.9946,77.5569,2025-01-01,
SP_000216_HASH,MTR_000216_HASH,DT_0008_HASH,FDR_008_HASH,E6 Indiranagar synthetic mirror,North Circle Division synthetic,North Circle,North Circle,Hebbal,POLE_000216_HASH,13.0465,77.603,2025-01-01,
SP_000217_HASH,MTR_000217_HASH,DT_0080_HASH,FDR_005_HASH,E6 Indiranagar synthetic mirror,East Circle Division synthetic,East Circle,East Circle,Whitefield,POLE_000217_HASH,12.9719,77.7269,2025-01-01,
SP_000218_HASH,MTR_000218_HASH,DT_0008_HASH,FDR_008_HASH,E6 Indiranagar synthetic mirror,North Circle Division synthetic,North Circle,North Circle,Hebbal,POLE_000218_HASH,13.0267,77.5926,2025-01-01,
SP_000219_HASH,MTR_000219_HASH,DT_0073_HASH,FDR_013_HASH,E6 Indiranagar synthetic mirror,East Circle Division synthetic,East Circle,East Circle,Indiranagar,POLE_000219_HASH,12.9792,77.6246,2025-01-01,
SP_000220_HASH,MTR_000220_HASH,DT_0089_HASH,FDR_014_HASH,E6 Indiranagar synthetic mirror,East Circle Division synthetic,East Circle,East Circle,Domlur,POLE_000220_HASH,12.963,77.6378,2025-01-01,
SP_000221_HASH,MTR_000221_HASH,DT_0032_HASH,FDR_002_HASH,E6 Indiranagar synthetic mirror,East Circle Division synthetic,East Circle,East Circle,Domlur,POLE_000221_HASH,12.9409,77.6275,2025-01-01,
SP_000222_HASH,MTR_000222_HASH,DT_0045_HASH,FDR_015_HASH,E6 Indiranagar synthetic mirror,South Circle Division synthetic,South Circle,South Circle,Jayanagar,POLE_000222_HASH,12.9155,77.5932,2025-01-01,
SP_000223_HASH,MTR_000223_HASH,DT_0106_HASH,FDR_001_HASH,E6 Indiranagar synthetic mirror,East Circle Division synthetic,East Circle,East Circle,Indiranagar,POLE_000223_HASH,12.9724,77.6488,2025-01-01,
SP_000224_HASH,MTR_000224_HASH,DT_0041_HASH,FDR_011_HASH,E6 Indiranagar synthetic mirror,West Circle Division synthetic,West Circle,West Circle,Rajajinagar,POLE_000224_HASH,12.9881,77.5537,2025-01-01,
SP_000225_HASH,MTR_000225_HASH,DT_0079_HASH,FDR_004_HASH,E6 Indiranagar synthetic mirror,South Circle Division synthetic,South Circle,South Circle,Koramangala,POLE_000225_HASH,12.9307,77.6349,2025-01-01,
SP_000226_HASH,MTR_000226_HASH,DT_0088_HASH,FDR_013_HASH,E6 Indiranagar synthetic mirror,East Circle Division synthetic,East Circle,East Circle,Indiranagar,POLE_000226_HASH,12.9755,77.652,2025-01-01,
SP_000227_HASH,MTR_000227_HASH,DT_0041_HASH,FDR_011_HASH,E6 Indiranagar synthetic mirror,West Circle Division synthetic,West Circle,West Circle,Rajajinagar,POLE_000227_HASH,12.9884,77.5371,2025-01-01,
SP_000228_HASH,MTR_000228_HASH,DT_0034_HASH,FDR_004_HASH,E6 Indiranagar synthetic mirror,South Circle Division synthetic,South Circle,South Circle,Koramangala,POLE_000228_HASH,12.9445,77.6216,2025-01-01,
SP_000229_HASH,MTR_000229_HASH,DT_0057_HASH,FDR_012_HASH,E6 Indiranagar synthetic mirror,East Circle Division synthetic,East Circle,East Circle,KR Puram,POLE_000229_HASH,13.0232,77.699,2025-01-01,
SP_000230_HASH,MTR_000230_HASH,DT_0081_HASH,FDR_006_HASH,E6 Indiranagar synthetic mirror,North Circle Division synthetic,North Circle,North Circle,Peenya,POLE_000230_HASH,13.0178,77.5076,2025-01-01,
SP_000231_HASH,MTR_000231_HASH,DT_0084_HASH,FDR_009_HASH,E6 Indiranagar synthetic mirror,North Circle Division synthetic,North Circle,North Circle,Yelahanka,POLE_000231_HASH,13.0848,77.5971,2025-01-01,
SP_000232_HASH,MTR_000232_HASH,DT_0096_HASH,FDR_006_HASH,E6 Indiranagar synthetic mirror,North Circle Division synthetic,North Circle,North Circle,Peenya,POLE_000232_HASH,13.0342,77.5267,2025-01-01,
SP_000233_HASH,MTR_000233_HASH,DT_0056_HASH,FDR_011_HASH,E6 Indiranagar synthetic mirror,West Circle Division synthetic,West Circle,West Circle,Rajajinagar,POLE_000233_HASH,12.9721,77.5548,2025-01-01,
SP_000234_HASH,MTR_000234_HASH,DT_0024_HASH,FDR_009_HASH,E6 Indiranagar synthetic mirror,North Circle Division synthetic,North Circle,North Circle,Yelahanka,POLE_000234_HASH,13.0819,77.6047,2025-01-01,
SP_000235_HASH,MTR_000235_HASH,DT_0022_HASH,FDR_007_HASH,E6 Indiranagar synthetic mirror,South Circle Division synthetic,South Circle,South Circle,Electronic City,POLE_000235_HASH,12.8594,77.6638,2025-01-01,
SP_000236_HASH,MTR_000236_HASH,DT_0044_HASH,FDR_014_HASH,E6 Indiranagar synthetic mirror,East Circle Division synthetic,East Circle,East Circle,Domlur,POLE_000236_HASH,12.9496,77.6464,2025-01-01,
SP_000237_HASH,MTR_000237_HASH,DT_0034_HASH,FDR_004_HASH,E6 Indiranagar synthetic mirror,South Circle Division synthetic,South Circle,South Circle,Koramangala,POLE_000237_HASH,12.9412,77.63,2025-01-01,
SP_000238_HASH,MTR_000238_HASH,DT_0026_HASH,FDR_011_HASH,E6 Indiranagar synthetic mirror,West Circle Division synthetic,West Circle,West Circle,Rajajinagar,POLE_000238_HASH,12.9957,77.5592,2025-01-01,
SP_000239_HASH,MTR_000239_HASH,DT_0065_HASH,FDR_005_HASH,E6 Indiranagar synthetic mirror,East Circle Division synthetic,East Circle,East Circle,Whitefield,POLE_000239_HASH,12.9828,77.737,2025-01-01,
SP_000240_HASH,MTR_000240_HASH,DT_0103_HASH,FDR_013_HASH,E6 Indiranagar synthetic mirror,East Circle Division synthetic,East Circle,East Circle,Indiranagar,POLE_000240_HASH,12.9887,77.6342,2025-01-01,
SP_000241_HASH,MTR_000241_HASH,DT_0027_HASH,FDR_012_HASH,E6 Indiranagar synthetic mirror,East Circle Division synthetic,East Circle,East Circle,KR Puram,POLE_000241_HASH,12.994,77.6976,2025-01-01,
SP_000242_HASH,MTR_000242_HASH,DT_0009_HASH,FDR_009_HASH,E6 Indiranagar synthetic mirror,North Circle Division synthetic,North Circle,North Circle,Yelahanka,POLE_000242_HASH,13.1004,77.6036,2025-01-01,
SP_000243_HASH,MTR_000243_HASH,DT_0024_HASH,FDR_009_HASH,E6 Indiranagar synthetic mirror,North Circle Division synthetic,North Circle,North Circle,Yelahanka,POLE_000243_HASH,13.1089,77.576,2025-01-01,
SP_000244_HASH,MTR_000244_HASH,DT_0052_HASH,FDR_007_HASH,E6 Indiranagar synthetic mirror,South Circle Division synthetic,South Circle,South Circle,Electronic City,POLE_000244_HASH,12.8324,77.6863,2025-01-01,
SP_000245_HASH,MTR_000245_HASH,DT_0069_HASH,FDR_009_HASH,E6 Indiranagar synthetic mirror,North Circle Division synthetic,North Circle,North Circle,Yelahanka,POLE_000245_HASH,13.0976,77.6074,2025-01-01,
SP_000246_HASH,MTR_000246_HASH,DT_0033_HASH,FDR_003_HASH,E6 Indiranagar synthetic mirror,South Circle Division synthetic,South Circle,South Circle,Jayanagar,POLE_000246_HASH,12.9292,77.6004,2025-01-01,
SP_000247_HASH,MTR_000247_HASH,DT_0009_HASH,FDR_009_HASH,E6 Indiranagar synthetic mirror,North Circle Division synthetic,North Circle,North Circle,Yelahanka,POLE_000247_HASH,13.0859,77.6044,2025-01-01,
SP_000248_HASH,MTR_000248_HASH,DT_0006_HASH,FDR_006_HASH,E6 Indiranagar synthetic mirror,North Circle Division synthetic,North Circle,North Circle,Peenya,POLE_000248_HASH,13.0322,77.5177,2025-01-01,
SP_000249_HASH,MTR_000249_HASH,DT_0085_HASH,FDR_010_HASH,E6 Indiranagar synthetic mirror,South Circle Division synthetic,South Circle,South Circle,Banashankari,POLE_000249_HASH,12.9212,77.5349,2025-01-01,
SP_000250_HASH,MTR_000250_HASH,DT_0095_HASH,FDR_005_HASH,E6 Indiranagar synthetic mirror,East Circle Division synthetic,East Circle,East Circle,Whitefield,POLE_000250_HASH,12.9722,77.756,2025-01-01,
SP_000251_HASH,MTR_000251_HASH,DT_0079_HASH,FDR_004_HASH,E6 Indiranagar synthetic mirror,South Circle Division synthetic,South Circle,South Circle,Koramangala,POLE_000251_HASH,12.9459,77.6382,2025-01-01,
SP_000252_HASH,MTR_000252_HASH,DT_0015_HASH,FDR_015_HASH,E6 Indiranagar synthetic mirror,South Circle Division synthetic,South Circle,South Circle,Jayanagar,POLE_000252_HASH,12.9226,77.5976,2025-01-01,
SP_000253_HASH,MTR_000253_HASH,DT_0108_HASH,FDR_003_HASH,E6 Indiranagar synthetic mirror,South Circle Division synthetic,South Circle,South Circle,Jayanagar,POLE_000253_HASH,12.9284,77.6013,2025-01-01,
SP_000254_HASH,MTR_000254_HASH,DT_0040_HASH,FDR_010_HASH,E6 Indiranagar synthetic mirror,South Circle Division synthetic,South Circle,South Circle,Banashankari,POLE_000254_HASH,12.9167,77.5454,2025-01-01,
SP_000255_HASH,MTR_000255_HASH,DT_0096_HASH,FDR_006_HASH,E6 Indiranagar synthetic mirror,North Circle Division synthetic,North Circle,North Circle,Peenya,POLE_000255_HASH,13.031,77.5194,2025-01-01,
SP_000256_HASH,MTR_000256_HASH,DT_0095_HASH,FDR_005_HASH,E6 Indiranagar synthetic mirror,East Circle Division synthetic,East Circle,East Circle,Whitefield,POLE_000256_HASH,12.9683,77.744,2025-01-01,
SP_000257_HASH,MTR_000257_HASH,DT_0109_HASH,FDR_004_HASH,E6 Indiranagar synthetic mirror,South Circle Division synthetic,South Circle,South Circle,Koramangala,POLE_000257_HASH,12.9368,77.6404,2025-01-01,
SP_000258_HASH,MTR_000258_HASH,DT_0023_HASH,FDR_008_HASH,E6 Indiranagar synthetic mirror,North Circle Division synthetic,North Circle,North Circle,Hebbal,POLE_000258_HASH,13.0299,77.6064,2025-01-01,
SP_000259_HASH,MTR_000259_HASH,DT_0019_HASH,FDR_004_HASH,E6 Indiranagar synthetic mirror,South Circle Division synthetic,South Circle,South Circle,Koramangala,POLE_000259_HASH,12.9143,77.6143,2025-01-01,
SP_000260_HASH,MTR_000260_HASH,DT_0080_HASH,FDR_005_HASH,E6 Indiranagar synthetic mirror,East Circle Division synthetic,East Circle,East Circle,Whitefield,POLE_000260_HASH,12.9774,77.7668,2025-01-01,
SP_000261_HASH,MTR_000261_HASH,DT_0020_HASH,FDR_005_HASH,E6 Indiranagar synthetic mirror,East Circle Division synthetic,East Circle,East Circle,Whitefield,POLE_000261_HASH,12.9752,77.7546,2025-01-01,
SP_000262_HASH,MTR_000262_HASH,DT_0017_HASH,FDR_002_HASH,E6 Indiranagar synthetic mirror,East Circle Division synthetic,East Circle,East Circle,Domlur,POLE_000262_HASH,12.9669,77.6327,2025-01-01,
SP_000263_HASH,MTR_000263_HASH,DT_0082_HASH,FDR_007_HASH,E6 Indiranagar synthetic mirror,South Circle Division synthetic,South Circle,South Circle,Electronic City,POLE_000263_HASH,12.8375,77.677,2025-01-01,
SP_000264_HASH,MTR_000264_HASH,DT_0002_HASH,FDR_002_HASH,E6 Indiranagar synthetic mirror,East Circle Division synthetic,East Circle,East Circle,Domlur,POLE_000264_HASH,12.955,77.6239,2025-01-01,
SP_000265_HASH,MTR_000265_HASH,DT_0104_HASH,FDR_014_HASH,E6 Indiranagar synthetic mirror,East Circle Division synthetic,East Circle,East Circle,Domlur,POLE_000265_HASH,12.9532,77.6374,2025-01-01,
SP_000266_HASH,MTR_000266_HASH,DT_0103_HASH,FDR_013_HASH,E6 Indiranagar synthetic mirror,East Circle Division synthetic,East Circle,East Circle,Indiranagar,POLE_000266_HASH,12.9711,77.6441,2025-01-01,
SP_000267_HASH,MTR_000267_HASH,DT_0087_HASH,FDR_012_HASH,E6 Indiranagar synthetic mirror,East Circle Division synthetic,East Circle,East Circle,KR Puram,POLE_000267_HASH,13.0248,77.7065,2025-01-01,
SP_000268_HASH,MTR_000268_HASH,DT_0050_HASH,FDR_005_HASH,E6 Indiranagar synthetic mirror,East Circle Division synthetic,East Circle,East Circle,Whitefield,POLE_000268_HASH,12.9464,77.7504,2025-01-01,
SP_000269_HASH,MTR_000269_HASH,DT_0053_HASH,FDR_008_HASH,E6 Indiranagar synthetic mirror,North Circle Division synthetic,North Circle,North Circle,Hebbal,POLE_000269_HASH,13.0317,77.6118,2025-01-01,
SP_000270_HASH,MTR_000270_HASH,DT_0082_HASH,FDR_007_HASH,E6 Indiranagar synthetic mirror,South Circle Division synthetic,South Circle,South Circle,Electronic City,POLE_000270_HASH,12.8404,77.6811,2025-01-01,
SP_000271_HASH,MTR_000271_HASH,DT_0070_HASH,FDR_010_HASH,E6 Indiranagar synthetic mirror,South Circle Division synthetic,South Circle,South Circle,Banashankari,POLE_000271_HASH,12.9159,77.5455,2025-01-01,
SP_000272_HASH,MTR_000272_HASH,DT_0066_HASH,FDR_006_HASH,E6 Indiranagar synthetic mirror,North Circle Division synthetic,North Circle,North Circle,Peenya,POLE_000272_HASH,13.0249,77.5171,2025-01-01,
SP_000273_HASH,MTR_000273_HASH,DT_0049_HASH,FDR_004_HASH,E6 Indiranagar synthetic mirror,South Circle Division synthetic,South Circle,South Circle,Koramangala,POLE_000273_HASH,12.9289,77.6231,2025-01-01,
SP_000274_HASH,MTR_000274_HASH,DT_0105_HASH,FDR_015_HASH,E6 Indiranagar synthetic mirror,South Circle Division synthetic,South Circle,South Circle,Jayanagar,POLE_000274_HASH,12.928,77.5981,2025-01-01,
SP_000275_HASH,MTR_000275_HASH,DT_0014_HASH,FDR_014_HASH,E6 Indiranagar synthetic mirror,East Circle Division synthetic,East Circle,East Circle,Domlur,POLE_000275_HASH,12.9568,77.6399,2025-01-01,
SP_000276_HASH,MTR_000276_HASH,DT_0008_HASH,FDR_008_HASH,E6 Indiranagar synthetic mirror,North Circle Division synthetic,North Circle,North Circle,Hebbal,POLE_000276_HASH,13.0397,77.5918,2025-01-01,
SP_000277_HASH,MTR_000277_HASH,DT_0095_HASH,FDR_005_HASH,E6 Indiranagar synthetic mirror,East Circle Division synthetic,East Circle,East Circle,Whitefield,POLE_000277_HASH,12.9827,77.7537,2025-01-01,
SP_000278_HASH,MTR_000278_HASH,DT_0057_HASH,FDR_012_HASH,E6 Indiranagar synthetic mirror,East Circle Division synthetic,East Circle,East Circle,KR Puram,POLE_000278_HASH,12.9947,77.6805,2025-01-01,
SP_000279_HASH,MTR_000279_HASH,DT_0096_HASH,FDR_006_HASH,E6 Indiranagar synthetic mirror,North Circle Division synthetic,North Circle,North Circle,Peenya,POLE_000279_HASH,13.0246,77.5162,2025-01-01,
SP_000280_HASH,MTR_000280_HASH,DT_0087_HASH,FDR_012_HASH,E6 Indiranagar synthetic mirror,East Circle Division synthetic,East Circle,East Circle,KR Puram,POLE_000280_HASH,13.0006,77.684,2025-01-01,
SP_000281_HASH,MTR_000281_HASH,DT_0011_HASH,FDR_011_HASH,E6 Indiranagar synthetic mirror,West Circle Division synthetic,West Circle,West Circle,Rajajinagar,POLE_000281_HASH,12.9861,77.5474,2025-01-01,
SP_000282_HASH,MTR_000282_HASH,DT_0114_HASH,FDR_009_HASH,E6 Indiranagar synthetic mirror,North Circle Division synthetic,North Circle,North Circle,Yelahanka,POLE_000282_HASH,13.105,77.5961,2025-01-01,
SP_000283_HASH,MTR_000283_HASH,DT_0078_HASH,FDR_003_HASH,E6 Indiranagar synthetic mirror,South Circle Division synthetic,South Circle,South Circle,Jayanagar,POLE_000283_HASH,12.9272,77.598,2025-01-01,
SP_000284_HASH,MTR_000284_HASH,DT_0010_HASH,FDR_010_HASH,E6 Indiranagar synthetic mirror,South Circle Division synthetic,South Circle,South Circle,Banashankari,POLE_000284_HASH,12.9302,77.5455,2025-01-01,
SP_000285_HASH,MTR_000285_HASH,DT_0064_HASH,FDR_004_HASH,E6 Indiranagar synthetic mirror,South Circle Division synthetic,South Circle,South Circle,Koramangala,POLE_000285_HASH,12.9226,77.6369,2025-01-01,
SP_000286_HASH,MTR_000286_HASH,DT_0109_HASH,FDR_004_HASH,E6 Indiranagar synthetic mirror,South Circle Division synthetic,South Circle,South Circle,Koramangala,POLE_000286_HASH,12.9379,77.6293,2025-01-01,
SP_000287_HASH,MTR_000287_HASH,DT_0085_HASH,FDR_010_HASH,E6 Indiranagar synthetic mirror,South Circle Division synthetic,South Circle,South Circle,Banashankari,POLE_000287_HASH,12.8962,77.5685,2025-01-01,
SP_000288_HASH,MTR_000288_HASH,DT_0102_HASH,FDR_012_HASH,E6 Indiranagar synthetic mirror,East Circle Division synthetic,East Circle,East Circle,KR Puram,POLE_000288_HASH,12.9994,77.698,2025-01-01,
SP_000289_HASH,MTR_000289_HASH,DT_0116_HASH,FDR_011_HASH,E6 Indiranagar synthetic mirror,West Circle Division synthetic,West Circle,West Circle,Rajajinagar,POLE_000289_HASH,13.0119,77.5611,2025-01-01,
SP_000290_HASH,MTR_000290_HASH,DT_0099_HASH,FDR_009_HASH,E6 Indiranagar synthetic mirror,North Circle Division synthetic,North Circle,North Circle,Yelahanka,POLE_000290_HASH,13.1157,77.6004,2025-01-01,
SP_000291_HASH,MTR_000291_HASH,DT_0113_HASH,FDR_008_HASH,E6 Indiranagar synthetic mirror,North Circle Division synthetic,North Circle,North Circle,Hebbal,POLE_000291_HASH,13.0386,77.6054,2025-01-01,
SP_000292_HASH,MTR_000292_HASH,DT_0038_HASH,FDR_008_HASH,E6 Indiranagar synthetic mirror,North Circle Division synthetic,North Circle,North Circle,Hebbal,POLE_000292_HASH,13.0329,77.6043,2025-01-01,
SP_000293_HASH,MTR_000293_HASH,DT_0057_HASH,FDR_012_HASH,E6 Indiranagar synthetic mirror,East Circle Division synthetic,East Circle,East Circle,KR Puram,POLE_000293_HASH,12.9996,77.6649,2025-01-01,
SP_000294_HASH,MTR_000294_HASH,DT_0109_HASH,FDR_004_HASH,E6 Indiranagar synthetic mirror,South Circle Division synthetic,South Circle,South Circle,Koramangala,POLE_000294_HASH,12.9331,77.6314,2025-01-01,
SP_000295_HASH,MTR_000295_HASH,DT_0043_HASH,FDR_013_HASH,E6 Indiranagar synthetic mirror,East Circle Division synthetic,East Circle,East Circle,Indiranagar,POLE_000295_HASH,12.9797,77.6635,2025-01-01,
SP_000296_HASH,MTR_000296_HASH,DT_0080_HASH,FDR_005_HASH,E6 Indiranagar synthetic mirror,East Circle Division synthetic,East Circle,East Circle,Whitefield,POLE_000296_HASH,12.9849,77.7543,2025-01-01,
SP_000297_HASH,MTR_000297_HASH,DT_0035_HASH,FDR_005_HASH,E6 Indiranagar synthetic mirror,East Circle Division synthetic,East Circle,East Circle,Whitefield,POLE_000297_HASH,12.9728,77.7559,2025-01-01,
SP_000298_HASH,MTR_000298_HASH,DT_0027_HASH,FDR_012_HASH,E6 Indiranagar synthetic mirror,East Circle Division synthetic,East Circle,East Circle,KR Puram,POLE_000298_HASH,13.0268,77.6926,2025-01-01,
SP_000299_HASH,MTR_000299_HASH,DT_0029_HASH,FDR_014_HASH,E6 Indiranagar synthetic mirror,East Circle Division synthetic,East Circle,East Circle,Domlur,POLE_000299_HASH,12.9552,77.6523,2025-01-01,
SP_000300_HASH,MTR_000300_HASH,DT_0027_HASH,FDR_012_HASH,E6 Indiranagar synthetic mirror,East Circle Division synthetic,East Circle,East Circle,KR Puram,POLE_000300_HASH,13.0105,77.7022,2025-01-01,
SP_000301_HASH,MTR_000301_HASH,DT_0066_HASH,FDR_006_HASH,E6 Indiranagar synthetic mirror,North Circle Division synthetic,North Circle,North Circle,Peenya,POLE_000301_HASH,13.0272,77.5137,2025-01-01,
SP_000302_HASH,MTR_000302_HASH,DT_0059_HASH,FDR_014_HASH,E6 Indiranagar synthetic mirror,East Circle Division synthetic,East Circle,East Circle,Domlur,POLE_000302_HASH,12.9606,77.655,2025-01-01,
SP_000303_HASH,MTR_000303_HASH,DT_0057_HASH,FDR_012_HASH,E6 Indiranagar synthetic mirror,East Circle Division synthetic,East Circle,East Circle,KR Puram,POLE_000303_HASH,13.0098,77.697,2025-01-01,
SP_000304_HASH,MTR_000304_HASH,DT_0016_HASH,FDR_001_HASH,E6 Indiranagar synthetic mirror,East Circle Division synthetic,East Circle,East Circle,Indiranagar,POLE_000304_HASH,12.9767,77.6354,2025-01-01,
SP_000305_HASH,MTR_000305_HASH,DT_0097_HASH,FDR_007_HASH,E6 Indiranagar synthetic mirror,South Circle Division synthetic,South Circle,South Circle,Electronic City,POLE_000305_HASH,12.8444,77.6648,2025-01-01,
SP_000306_HASH,MTR_000306_HASH,DT_0075_HASH,FDR_015_HASH,E6 Indiranagar synthetic mirror,South Circle Division synthetic,South Circle,South Circle,Jayanagar,POLE_000306_HASH,12.9381,77.5793,2025-01-01,
SP_000307_HASH,MTR_000307_HASH,DT_0093_HASH,FDR_003_HASH,E6 Indiranagar synthetic mirror,South Circle Division synthetic,South Circle,South Circle,Jayanagar,POLE_000307_HASH,12.9272,77.5844,2025-01-01,
SP_000308_HASH,MTR_000308_HASH,DT_0013_HASH,FDR_013_HASH,E6 Indiranagar synthetic mirror,East Circle Division synthetic,East Circle,East Circle,Indiranagar,POLE_000308_HASH,12.9882,77.6472,2025-01-01,
SP_000309_HASH,MTR_000309_HASH,DT_0083_HASH,FDR_008_HASH,E6 Indiranagar synthetic mirror,North Circle Division synthetic,North Circle,North Circle,Hebbal,POLE_000309_HASH,13.0435,77.603,2025-01-01,
SP_000310_HASH,MTR_000310_HASH,DT_0054_HASH,FDR_009_HASH,E6 Indiranagar synthetic mirror,North Circle Division synthetic,North Circle,North Circle,Yelahanka,POLE_000310_HASH,13.1101,77.5753,2025-01-01,
SP_000311_HASH,MTR_000311_HASH,DT_0056_HASH,FDR_011_HASH,E6 Indiranagar synthetic mirror,West Circle Division synthetic,West Circle,West Circle,Rajajinagar,POLE_000311_HASH,12.9841,77.5587,2025-01-01,
SP_000312_HASH,MTR_000312_HASH,DT_0034_HASH,FDR_004_HASH,E6 Indiranagar synthetic mirror,South Circle Division synthetic,South Circle,South Circle,Koramangala,POLE_000312_HASH,12.929,77.6516,2025-01-01,
SP_000313_HASH,MTR_000313_HASH,DT_0088_HASH,FDR_013_HASH,E6 Indiranagar synthetic mirror,East Circle Division synthetic,East Circle,East Circle,Indiranagar,POLE_000313_HASH,12.978,77.6442,2025-01-01,
SP_000314_HASH,MTR_000314_HASH,DT_0069_HASH,FDR_009_HASH,E6 Indiranagar synthetic mirror,North Circle Division synthetic,North Circle,North Circle,Yelahanka,POLE_000314_HASH,13.1018,77.5921,2025-01-01,
SP_000315_HASH,MTR_000315_HASH,DT_0012_HASH,FDR_012_HASH,E6 Indiranagar synthetic mirror,East Circle Division synthetic,East Circle,East Circle,KR Puram,POLE_000315_HASH,13.0048,77.7014,2025-01-01,
SP_000316_HASH,MTR_000316_HASH,DT_0085_HASH,FDR_010_HASH,E6 Indiranagar synthetic mirror,South Circle Division synthetic,South Circle,South Circle,Banashankari,POLE_000316_HASH,12.9293,77.541,2025-01-01,
SP_000317_HASH,MTR_000317_HASH,DT_0071_HASH,FDR_011_HASH,E6 Indiranagar synthetic mirror,West Circle Division synthetic,West Circle,West Circle,Rajajinagar,POLE_000317_HASH,12.976,77.5545,2025-01-01,
SP_000318_HASH,MTR_000318_HASH,DT_0092_HASH,FDR_002_HASH,E6 Indiranagar synthetic mirror,East Circle Division synthetic,East Circle,East Circle,Domlur,POLE_000318_HASH,12.9557,77.628,2025-01-01,
SP_000319_HASH,MTR_000319_HASH,DT_0066_HASH,FDR_006_HASH,E6 Indiranagar synthetic mirror,North Circle Division synthetic,North Circle,North Circle,Peenya,POLE_000319_HASH,13.032,77.5182,2025-01-01,
SP_000320_HASH,MTR_000320_HASH,DT_0083_HASH,FDR_008_HASH,E6 Indiranagar synthetic mirror,North Circle Division synthetic,North Circle,North Circle,Hebbal,POLE_000320_HASH,13.036,77.5873,2025-01-01,
SP_000321_HASH,MTR_000321_HASH,DT_0019_HASH,FDR_004_HASH,E6 Indiranagar synthetic mirror,South Circle Division synthetic,South Circle,South Circle,Koramangala,POLE_000321_HASH,12.9283,77.6117,2025-01-01,
SP_000322_HASH,MTR_000322_HASH,DT_0004_HASH,FDR_004_HASH,E6 Indiranagar synthetic mirror,South Circle Division synthetic,South Circle,South Circle,Koramangala,POLE_000322_HASH,12.9435,77.6125,2025-01-01,
SP_000323_HASH,MTR_000323_HASH,DT_0107_HASH,FDR_002_HASH,E6 Indiranagar synthetic mirror,East Circle Division synthetic,East Circle,East Circle,Domlur,POLE_000323_HASH,12.9477,77.6406,2025-01-01,
SP_000324_HASH,MTR_000324_HASH,DT_0028_HASH,FDR_013_HASH,E6 Indiranagar synthetic mirror,East Circle Division synthetic,East Circle,East Circle,Indiranagar,POLE_000324_HASH,12.9829,77.6214,2025-01-01,
SP_000325_HASH,MTR_000325_HASH,DT_0039_HASH,FDR_009_HASH,E6 Indiranagar synthetic mirror,North Circle Division synthetic,North Circle,North Circle,Yelahanka,POLE_000325_HASH,13.0929,77.5819,2025-01-01,
SP_000326_HASH,MTR_000326_HASH,DT_0078_HASH,FDR_003_HASH,E6 Indiranagar synthetic mirror,South Circle Division synthetic,South Circle,South Circle,Jayanagar,POLE_000326_HASH,12.909,77.6011,2025-01-01,
SP_000327_HASH,MTR_000327_HASH,DT_0009_HASH,FDR_009_HASH,E6 Indiranagar synthetic mirror,North Circle Division synthetic,North Circle,North Circle,Yelahanka,POLE_000327_HASH,13.0917,77.5942,2025-01-01,
SP_000328_HASH,MTR_000328_HASH,DT_0069_HASH,FDR_009_HASH,E6 Indiranagar synthetic mirror,North Circle Division synthetic,North Circle,North Circle,Yelahanka,POLE_000328_HASH,13.0856,77.5984,2025-01-01,
SP_000329_HASH,MTR_000329_HASH,DT_0093_HASH,FDR_003_HASH,E6 Indiranagar synthetic mirror,South Circle Division synthetic,South Circle,South Circle,Jayanagar,POLE_000329_HASH,12.9138,77.5737,2025-01-01,
SP_000330_HASH,MTR_000330_HASH,DT_0116_HASH,FDR_011_HASH,E6 Indiranagar synthetic mirror,West Circle Division synthetic,West Circle,West Circle,Rajajinagar,POLE_000330_HASH,12.991,77.5545,2025-01-01,
SP_000331_HASH,MTR_000331_HASH,DT_0079_HASH,FDR_004_HASH,E6 Indiranagar synthetic mirror,South Circle Division synthetic,South Circle,South Circle,Koramangala,POLE_000331_HASH,12.937,77.6178,2025-01-01,
SP_000332_HASH,MTR_000332_HASH,DT_0059_HASH,FDR_014_HASH,E6 Indiranagar synthetic mirror,East Circle Division synthetic,East Circle,East Circle,Domlur,POLE_000332_HASH,12.9696,77.6358,2025-01-01,
SP_000333_HASH,MTR_000333_HASH,DT_0008_HASH,FDR_008_HASH,E6 Indiranagar synthetic mirror,North Circle Division synthetic,North Circle,North Circle,Hebbal,POLE_000333_HASH,13.0506,77.5865,2025-01-01,
SP_000334_HASH,MTR_000334_HASH,DT_0050_HASH,FDR_005_HASH,E6 Indiranagar synthetic mirror,East Circle Division synthetic,East Circle,East Circle,Whitefield,POLE_000334_HASH,12.9784,77.7528,2025-01-01,
SP_000335_HASH,MTR_000335_HASH,DT_0050_HASH,FDR_005_HASH,E6 Indiranagar synthetic mirror,East Circle Division synthetic,East Circle,East Circle,Whitefield,POLE_000335_HASH,12.9716,77.7391,2025-01-01,
SP_000336_HASH,MTR_000336_HASH,DT_0083_HASH,FDR_008_HASH,E6 Indiranagar synthetic mirror,North Circle Division synthetic,North Circle,North Circle,Hebbal,POLE_000336_HASH,13.0425,77.5766,2025-01-01,
SP_000337_HASH,MTR_000337_HASH,DT_0022_HASH,FDR_007_HASH,E6 Indiranagar synthetic mirror,South Circle Division synthetic,South Circle,South Circle,Electronic City,POLE_000337_HASH,12.8668,77.6782,2025-01-01,
SP_000338_HASH,MTR_000338_HASH,DT_0090_HASH,FDR_015_HASH,E6 Indiranagar synthetic mirror,South Circle Division synthetic,South Circle,South Circle,Jayanagar,POLE_000338_HASH,12.9085,77.6145,2025-01-01,
SP_000339_HASH,MTR_000339_HASH,DT_0110_HASH,FDR_005_HASH,E6 Indiranagar synthetic mirror,East Circle Division synthetic,East Circle,East Circle,Whitefield,POLE_000339_HASH,12.9746,77.77,2025-01-01,
SP_000340_HASH,MTR_000340_HASH,DT_0048_HASH,FDR_003_HASH,E6 Indiranagar synthetic mirror,South Circle Division synthetic,South Circle,South Circle,Jayanagar,POLE_000340_HASH,12.9303,77.5927,2025-01-01,
SP_000341_HASH,MTR_000341_HASH,DT_0050_HASH,FDR_005_HASH,E6 Indiranagar synthetic mirror,East Circle Division synthetic,East Circle,East Circle,Whitefield,POLE_000341_HASH,12.9715,77.7541,2025-01-01,
SP_000342_HASH,MTR_000342_HASH,DT_0014_HASH,FDR_014_HASH,E6 Indiranagar synthetic mirror,East Circle Division synthetic,East Circle,East Circle,Domlur,POLE_000342_HASH,12.964,77.6464,2025-01-01,
SP_000343_HASH,MTR_000343_HASH,DT_0069_HASH,FDR_009_HASH,E6 Indiranagar synthetic mirror,North Circle Division synthetic,North Circle,North Circle,Yelahanka,POLE_000343_HASH,13.1052,77.5984,2025-01-01,
SP_000344_HASH,MTR_000344_HASH,DT_0079_HASH,FDR_004_HASH,E6 Indiranagar synthetic mirror,South Circle Division synthetic,South Circle,South Circle,Koramangala,POLE_000344_HASH,12.9301,77.636,2025-01-01,
SP_000345_HASH,MTR_000345_HASH,DT_0102_HASH,FDR_012_HASH,E6 Indiranagar synthetic mirror,East Circle Division synthetic,East Circle,East Circle,KR Puram,POLE_000345_HASH,13.0171,77.6974,2025-01-01,
SP_000346_HASH,MTR_000346_HASH,DT_0029_HASH,FDR_014_HASH,E6 Indiranagar synthetic mirror,East Circle Division synthetic,East Circle,East Circle,Domlur,POLE_000346_HASH,12.9714,77.637,2025-01-01,
SP_000347_HASH,MTR_000347_HASH,DT_0054_HASH,FDR_009_HASH,E6 Indiranagar synthetic mirror,North Circle Division synthetic,North Circle,North Circle,Yelahanka,POLE_000347_HASH,13.1083,77.6085,2025-01-01,
SP_000348_HASH,MTR_000348_HASH,DT_0009_HASH,FDR_009_HASH,E6 Indiranagar synthetic mirror,North Circle Division synthetic,North Circle,North Circle,Yelahanka,POLE_000348_HASH,13.1123,77.6006,2025-01-01,
SP_000349_HASH,MTR_000349_HASH,DT_0056_HASH,FDR_011_HASH,E6 Indiranagar synthetic mirror,West Circle Division synthetic,West Circle,West Circle,Rajajinagar,POLE_000349_HASH,13.0023,77.5495,2025-01-01,
SP_000350_HASH,MTR_000350_HASH,DT_0102_HASH,FDR_012_HASH,E6 Indiranagar synthetic mirror,East Circle Division synthetic,East Circle,East Circle,KR Puram,POLE_000350_HASH,13.0032,77.6973,2025-01-01,
SP_000351_HASH,MTR_000351_HASH,DT_0081_HASH,FDR_006_HASH,E6 Indiranagar synthetic mirror,North Circle Division synthetic,North Circle,North Circle,Peenya,POLE_000351_HASH,13.0129,77.5303,2025-01-01,
SP_000352_HASH,MTR_000352_HASH,DT_0077_HASH,FDR_002_HASH,E6 Indiranagar synthetic mirror,East Circle Division synthetic,East Circle,East Circle,Domlur,POLE_000352_HASH,12.963,77.6312,2025-01-01,
SP_000353_HASH,MTR_000353_HASH,DT_0007_HASH,FDR_007_HASH,E6 Indiranagar synthetic mirror,South Circle Division synthetic,South Circle,South Circle,Electronic City,POLE_000353_HASH,12.8414,77.6769,2025-01-01,
SP_000354_HASH,MTR_000354_HASH,DT_0113_HASH,FDR_008_HASH,E6 Indiranagar synthetic mirror,North Circle Division synthetic,North Circle,North Circle,Hebbal,POLE_000354_HASH,13.025,77.5915,2025-01-01,
SP_000355_HASH,MTR_000355_HASH,DT_0007_HASH,FDR_007_HASH,E6 Indiranagar synthetic mirror,South Circle Division synthetic,South Circle,South Circle,Electronic City,POLE_000355_HASH,12.8651,77.6722,2025-01-01,
SP_000356_HASH,MTR_000356_HASH,DT_0097_HASH,FDR_007_HASH,E6 Indiranagar synthetic mirror,South Circle Division synthetic,South Circle,South Circle,Electronic City,POLE_000356_HASH,12.8196,77.665,2025-01-01,
SP_000357_HASH,MTR_000357_HASH,DT_0004_HASH,FDR_004_HASH,E6 Indiranagar synthetic mirror,South Circle Division synthetic,South Circle,South Circle,Koramangala,POLE_000357_HASH,12.9377,77.6245,2025-01-01,
SP_000358_HASH,MTR_000358_HASH,DT_0068_HASH,FDR_008_HASH,E6 Indiranagar synthetic mirror,North Circle Division synthetic,North Circle,North Circle,Hebbal,POLE_000358_HASH,13.0175,77.5892,2025-01-01,
SP_000359_HASH,MTR_000359_HASH,DT_0095_HASH,FDR_005_HASH,E6 Indiranagar synthetic mirror,East Circle Division synthetic,East Circle,East Circle,Whitefield,POLE_000359_HASH,12.9574,77.7645,2025-01-01,
SP_000360_HASH,MTR_000360_HASH,DT_0034_HASH,FDR_004_HASH,E6 Indiranagar synthetic mirror,South Circle Division synthetic,South Circle,South Circle,Koramangala,POLE_000360_HASH,12.922,77.6258,2025-01-01,
