meter_id_hash,service_point_id_hash,locality,zone,feeder_id_hash,dt_id_hash,consumer_category,premise_subtype,tariff_category,first30_kwh,prev30_kwh,last30_kwh,drop_first_to_last_pct,drop_prev_to_last_pct,missing_pct,outage_pct,after_hours_ratio,avg_power_factor,min_power_factor,plateau_max_run_intervals,monthly_baseline_units,sanctioned_load_kw,gruha_jyothi_eligible,solar_capacity_kw,ev_flag,occupancy_pattern,peer_group,peer_group_level,peer_group_size,peer_rank_first30,peer_rank_last30,peer_rank_drop_points
MTR_000001_HASH,SP_000001_HASH,KR Puram,East Circle,FDR_012_HASH,DT_0012_HASH,RESIDENTIAL,3BHK_FAMILY,LT2A_RESIDENTIAL,311.59,0.0,0.0,100.0,0.0,0.0,0.0,8.11,0.96,0.87,7201,234.18,3.0,1,0.0,1,MIXED_USE,KR Puram|RESIDENTIAL|3BHK_FAMILY,1,7,57.1,14.3,42.8
MTR_000002_HASH,SP_000002_HASH,Hebbal,North Circle,FDR_008_HASH,DT_0023_HASH,RESIDENTIAL,2BHK_SMALL_FAMILY,LT2A_RESIDENTIAL,94.35,0.0,0.0,100.0,0.0,0.0,0.05,2.97,0.96,0.89,7201,96.03,2.0,1,0.0,0,FAMILY,Hebbal|RESIDENTIAL|2BHK_SMALL_FAMILY,1,7,42.9,14.3,28.6
MTR_000003_HASH,SP_000003_HASH,Electronic City,South Circle,FDR_007_HASH,DT_0037_HASH,RESIDENTIAL,2BHK_SMALL_FAMILY,LT2A_RESIDENTIAL,232.44,0.0,0.0,100.0,0.0,0.0,0.07,3.03,0.96,0.89,7201,238.54,5.0,0,0.0,0,FAMILY,Electronic City|RESIDENTIAL|2BHK_SMALL_FAMILY,1,7,100.0,21.4,78.6
MTR_000004_HASH,SP_000004_HASH,Domlur,East Circle,FDR_014_HASH,DT_0119_HASH,RESIDENTIAL,3BHK_FAMILY,LT2A_RESIDENTIAL,215.9,194.13,196.2,9.12,-1.07,0.0,0.07,3.27,0.96,0.89,6,222.96,5.0,0,0.0,0,WORKING_COUPLE,Domlur|RESIDENTIAL|3BHK_FAMILY,1,4,25.0,25.0,0.0
MTR_000005_HASH,SP_000005_HASH,Indiranagar,East Circle,FDR_013_HASH,DT_0073_HASH,RESIDENTIAL,2BHK_SMALL_FAMILY,LT2A_RESIDENTIAL,134.06,0.0,0.0,100.0,0.0,0.0,0.0,2.98,0.96,0.9,7201,137.3,3.0,1,0.0,0,SENIOR_CITIZEN,Indiranagar|RESIDENTIAL|2BHK_SMALL_FAMILY,1,6,100.0,16.7,83.3
MTR_000006_HASH,SP_000006_HASH,Banashankari,South Circle,FDR_010_HASH,DT_0070_HASH,COMMERCIAL,SMALL_OFFICE,LT3_COMMERCIAL,257.63,0.0,0.0,100.0,0.0,0.0,0.0,0.73,0.91,0.84,7201,274.21,3.0,0,0.0,0,FAMILY,Banashankari|COMMERCIAL,2,4,25.0,25.0,0.0
MTR_000007_HASH,SP_000007_HASH,KR Puram,East Circle,FDR_012_HASH,DT_0042_HASH,RESIDENTIAL,1BHK_SINGLE_OR_COUPLE,LT2A_RESIDENTIAL,14.78,0.0,0.0,100.0,0.0,0.0,0.0,4.11,0.96,0.89,7201,33.17,2.0,0,0.0,0,FAMILY,KR Puram|RESIDENTIAL|1BHK_SINGLE_OR_COUPLE,1,6,16.7,16.7,0.0
MTR_000008_HASH,SP_000008_HASH,Yelahanka,North Circle,FDR_009_HASH,DT_0069_HASH,SMALL_INDUSTRY,WELDING_WORKSHOP,LT5_SMALL_INDUSTRY,1657.48,0.0,0.0,100.0,0.0,0.0,0.0,0.75,0.86,0.79,7201,1668.94,30.0,0,0.0,0,FAMILY,Yelahanka|SMALL_INDUSTRY|WELDING_WORKSHOP,1,3,66.7,33.3,33.4
MTR_000009_HASH,SP_000009_HASH,Electronic City,South Circle,FDR_007_HASH,DT_0067_HASH,COMMERCIAL,CLINIC,LT3_COMMERCIAL,234.29,167.5,110.98,52.63,33.74,0.0,0.0,0.92,0.91,0.84,10,231.21,5.0,0,0.0,0,FAMILY,Electronic City|COMMERCIAL,2,6,33.3,16.7,16.6
MTR_000010_HASH,SP_000010_HASH,KR Puram,East Circle,FDR_012_HASH,DT_0027_HASH,APARTMENT_COMMON_AREA,APARTMENT_COMMON_PUMP_LIFT,APARTMENT_COMMON,2166.25,0.0,0.0,100.0,0.0,0.0,0.0,3.04,0.91,0.84,7201,2163.16,25.0,0,0.0,0,MIXED_USE,KR Puram|APARTMENT_COMMON_AREA,2,3,100.0,33.3,66.7
MTR_000011_HASH,SP_000011_HASH,Peenya,North Circle,FDR_006_HASH,DT_0036_HASH,COMMERCIAL,CLINIC,LT3_COMMERCIAL,441.76,0.0,0.0,100.0,0.0,0.0,0.14,0.88,0.91,0.84,8545,457.72,8.0,0,0.0,0,FAMILY,Peenya|COMMERCIAL,2,3,66.7,33.3,33.4
MTR_000012_HASH,SP_000012_HASH,Electronic City,South Circle,FDR_007_HASH,DT_0067_HASH,RESIDENTIAL,2BHK_SMALL_FAMILY,LT2A_RESIDENTIAL,180.16,0.0,0.0,100.0,0.0,0.0,0.0,2.99,0.96,0.89,8545,181.43,3.0,1,0.0,0,MIXED_USE,Electronic City|RESIDENTIAL|2BHK_SMALL_FAMILY,1,7,85.7,21.4,64.3
MTR_000013_HASH,SP_000013_HASH,Rajajinagar,West Circle,FDR_011_HASH,DT_0101_HASH,SMALL_INDUSTRY,MACHINE_SHOP,LT5_SMALL_INDUSTRY,1034.78,0.0,0.0,100.0,0.0,0.0,0.1,0.81,0.86,0.79,8545,1050.08,10.0,0,0.0,0,FAMILY,Rajajinagar|SMALL_INDUSTRY,2,3,66.7,33.3,33.4
MTR_000014_HASH,SP_000014_HASH,Koramangala,South Circle,FDR_004_HASH,DT_0079_HASH,RESIDENTIAL,1BHK_SINGLE_OR_COUPLE,LT2A_RESIDENTIAL,162.9,115.02,76.8,52.85,33.23,0.0,0.0,3.33,0.96,0.89,11,9.0,1.0,0,0.0,0,VACANT,Koramangala|RESIDENTIAL,2,12,25.0,8.3,16.7
MTR_000015_HASH,SP_000015_HASH,Hebbal,North Circle,FDR_008_HASH,DT_0008_HASH,RESIDENTIAL,4BHK_VILLA_HIGH_LOAD,LT2A_RESIDENTIAL,397.86,0.0,0.0,100.0,0.0,0.0,0.05,2.36,0.96,0.88,8545,417.76,5.0,0,0.0,0,MIXED_USE,Hebbal|RESIDENTIAL,2,24,95.8,6.2,89.6
MTR_000016_HASH,SP_000016_HASH,Peenya,North Circle,FDR_006_HASH,DT_0021_HASH,SMALL_INDUSTRY,GARMENT_UNIT,LT5_SMALL_INDUSTRY,882.73,0.0,0.0,100.0,0.0,0.0,0.03,0.61,0.86,0.79,8545,891.34,10.0,0,0.0,0,FAMILY,Peenya|SMALL_INDUSTRY,2,10,10.0,10.0,0.0
MTR_000017_HASH,SP_000017_HASH,KR Puram,East Circle,FDR_012_HASH,DT_0072_HASH,RESIDENTIAL,4BHK_VILLA_HIGH_LOAD,LT2A_RESIDENTIAL,422.42,117.26,0.0,100.0,100.0,0.0,0.0,10.8,0.96,0.89,4993,508.84,6.0,1,2.0,0,FAMILY,KR Puram|RESIDENTIAL,2,26,100.0,7.7,92.3
MTR_000018_HASH,SP_000018_HASH,Koramangala,South Circle,FDR_004_HASH,DT_0079_HASH,COMMERCIAL,SALON,LT3_COMMERCIAL,288.46,254.94,232.74,19.32,8.71,0.0,0.0,1.24,0.91,0.84,8,298.38,5.0,0,0.0,0,VACANT,Koramangala|COMMERCIAL,2,12,16.7,25.0,-8.3
MTR_000019_HASH,SP_000019_HASH,Domlur,East Circle,FDR_002_HASH,DT_0032_HASH,PUBLIC_LIGHTING,STREET_LIGHTING_FEED,PUBLIC_LIGHTING,305.78,78.92,0.0,100.0,100.0,0.0,0.0,48.02,0.86,0.79,4993,304.97,2.0,0,0.0,0,FAMILY,East Circle|PUBLIC_LIGHTING,3,3,66.7,33.3,33.4
MTR_000020_HASH,SP_000020_HASH,Domlur,East Circle,FDR_002_HASH,DT_0047_HASH,RESIDENTIAL,1BHK_SINGLE_OR_COUPLE,LT2A_RESIDENTIAL,30.55,8.26,0.0,100.0,100.0,0.0,0.0,4.31,0.96,0.88,4993,68.42,1.0,1,0.0,0,SENIOR_CITIZEN,Domlur|RESIDENTIAL,2,11,9.1,13.6,-4.5
MTR_000021_HASH,SP_000021_HASH,Whitefield,East Circle,FDR_005_HASH,DT_0050_HASH,RESIDENTIAL,PG_OR_HOSTEL,LT2A_RESIDENTIAL,445.2,122.4,0.0,100.0,100.0,0.0,0.0,2.73,0.96,0.9,4993,453.71,5.0,0,0.0,0,FAMILY,Whitefield|RESIDENTIAL|PG_OR_HOSTEL,1,3,100.0,33.3,66.7
MTR_000022_HASH,SP_000022_HASH,Jayanagar,South Circle,FDR_015_HASH,DT_0105_HASH,COMMERCIAL,RESTAURANT_CAFE,LT3_COMMERCIAL,635.34,0.0,0.0,100.0,0.0,0.0,0.0,1.39,0.91,0.84,5857,655.91,8.0,0,0.0,0,FAMILY,Jayanagar|COMMERCIAL,2,7,71.4,14.3,57.1
MTR_000023_HASH,SP_000023_HASH,Domlur,East Circle,FDR_002_HASH,DT_0002_HASH,RESIDENTIAL,PG_OR_HOSTEL,LT2A_RESIDENTIAL,245.83,0.0,0.0,100.0,0.0,0.0,0.0,2.65,0.96,0.89,5857,247.09,5.0,0,0.0,0,MIXED_USE,Domlur|RESIDENTIAL,2,11,54.5,13.6,40.9
MTR_000024_HASH,SP_000024_HASH,Jayanagar,South Circle,FDR_015_HASH,DT_0075_HASH,RESIDENTIAL,2BHK_SMALL_FAMILY,LT2A_RESIDENTIAL,162.52,97.06,55.98,65.55,42.33,0.0,0.0,12.89,0.96,0.89,36,226.88,3.0,0,2.0,0,WORKING_COUPLE,Jayanagar|RESIDENTIAL|2BHK_SMALL_FAMILY,1,3,33.3,33.3,0.0
MTR_000025_HASH,SP_000025_HASH,Jayanagar,South Circle,FDR_003_HASH,DT_0048_HASH,RESIDENTIAL,3BHK_FAMILY,LT2A_RESIDENTIAL,6.46,0.0,0.0,100.0,0.0,0.0,0.0,0.0,0.96,0.87,5857,67.7,5.0,1,2.0,0,VACANT,Jayanagar|RESIDENTIAL|3BHK_FAMILY,1,6,33.3,16.7,16.6
MTR_000026_HASH,SP_000026_HASH,Banashankari,South Circle,FDR_010_HASH,DT_0100_HASH,RESIDENTIAL,3BHK_FAMILY,LT2A_RESIDENTIAL,298.87,317.58,316.69,-5.96,0.28,0.0,0.0,2.76,0.96,0.9,5,309.73,5.0,1,0.0,0,FAMILY,Banashankari|RESIDENTIAL|3BHK_FAMILY,1,4,50.0,75.0,-25.0
MTR_000027_HASH,SP_000027_HASH,Domlur,East Circle,FDR_002_HASH,DT_0017_HASH,COMMERCIAL,BAKERY,LT3_COMMERCIAL,422.94,273.3,161.91,61.72,40.76,0.0,0.0,1.73,0.91,0.83,8,449.74,3.0,0,0.0,0,MIXED_USE,Domlur|COMMERCIAL,2,20,70.0,10.0,60.0
MTR_000028_HASH,SP_000028_HASH,Hebbal,North Circle,FDR_008_HASH,DT_0068_HASH,RESIDENTIAL,2BHK_SMALL_FAMILY,LT2A_RESIDENTIAL,228.9,235.68,234.3,-2.36,0.59,0.0,0.05,3.04,0.96,0.88,10,232.8,3.0,0,0.0,0,WORKING_COUPLE,Hebbal|RESIDENTIAL|2BHK_SMALL_FAMILY,1,7,85.7,100.0,-14.3
MTR_000029_HASH,SP_000029_HASH,Koramangala,South Circle,FDR_004_HASH,DT_0109_HASH,COMMERCIAL,SUPERMARKET_MINI_MART,LT3_COMMERCIAL,1182.95,1210.09,1253.33,-5.95,-3.57,0.0,0.0,1.2,0.91,0.84,4,1220.41,15.0,0,0.0,0,FAMILY,Koramangala|COMMERCIAL,2,12,91.7,91.7,0.0
MTR_000030_HASH,SP_000030_HASH,Domlur,East Circle,FDR_014_HASH,DT_0014_HASH,COMMERCIAL,SMALL_OFFICE,LT3_COMMERCIAL,596.53,323.03,172.26,71.12,46.67,0.0,0.0,1.25,0.91,0.83,36,587.56,8.0,0,0.0,0,SENIOR_CITIZEN,Domlur|COMMERCIAL|SMALL_OFFICE,1,6,83.3,33.3,50.0
MTR_000031_HASH,SP_000031_HASH,Rajajinagar,West Circle,FDR_011_HASH,DT_0116_HASH,RESIDENTIAL,1BHK_SINGLE_OR_COUPLE,LT2A_RESIDENTIAL,113.29,115.14,114.1,-0.71,0.91,0.0,0.1,4.21,0.96,0.89,16,114.32,2.0,1,0.0,0,MIXED_USE,Rajajinagar|RESIDENTIAL|1BHK_SINGLE_OR_COUPLE,1,6,66.7,83.3,-16.6
MTR_000032_HASH,SP_000032_HASH,Rajajinagar,West Circle,FDR_011_HASH,DT_0116_HASH,SMALL_INDUSTRY,GARMENT_UNIT,LT5_SMALL_INDUSTRY,994.79,977.28,1008.67,-1.39,-3.21,0.0,0.1,0.66,0.86,0.79,8,1001.85,10.0,0,0.0,0,SENIOR_CITIZEN,Rajajinagar|SMALL_INDUSTRY,2,3,33.3,66.7,-33.4
MTR_000033_HASH,SP_000033_HASH,Yelahanka,North Circle,FDR_009_HASH,DT_0054_HASH,RESIDENTIAL,2BHK_SMALL_FAMILY,LT2A_RESIDENTIAL,119.41,120.5,119.7,-0.24,0.66,0.0,0.0,3.13,0.96,0.89,14,119.85,3.0,1,0.0,0,MIXED_USE,Yelahanka|RESIDENTIAL|2BHK_SMALL_FAMILY,1,8,50.0,50.0,0.0
MTR_000034_HASH,SP_000034_HASH,Indiranagar,East Circle,FDR_013_HASH,DT_0088_HASH,RESIDENTIAL,3BHK_FAMILY,LT2A_RESIDENTIAL,346.24,373.4,373.73,-7.94,-0.09,0.0,0.0,2.7,0.96,0.89,5,362.5,3.0,1,0.0,0,FAMILY,Indiranagar|RESIDENTIAL|3BHK_FAMILY,1,7,85.7,85.7,0.0
MTR_000035_HASH,SP_000035_HASH,Rajajinagar,West Circle,FDR_011_HASH,DT_0116_HASH,RESIDENTIAL,4BHK_VILLA_HIGH_LOAD,LT2A_RESIDENTIAL,402.87,448.86,447.38,-11.05,0.33,0.0,0.1,2.38,0.96,0.89,8,430.6,8.0,1,0.0,0,FAMILY,Rajajinagar|RESIDENTIAL,2,18,94.4,94.4,0.0
MTR_000036_HASH,SP_000036_HASH,Jayanagar,South Circle,FDR_003_HASH,DT_0063_HASH,PUBLIC_LIGHTING,STREET_LIGHTING_FEED,PUBLIC_LIGHTING,271.46,270.98,270.81,0.24,0.06,0.0,0.07,47.49,0.86,0.79,49,271.04,3.0,0,0.0,0,FAMILY,PUBLIC_LIGHTING,4,7,28.6,42.9,-14.3
MTR_000037_HASH,SP_000037_HASH,Domlur,East Circle,FDR_014_HASH,DT_0014_HASH,COMMERCIAL,SALON,LT3_COMMERCIAL,697.82,734.26,742.07,-6.34,-1.06,0.0,0.0,0.98,0.91,0.84,10,723.97,5.0,0,0.0,0,WORKING_COUPLE,Domlur|COMMERCIAL,2,20,85.0,85.0,0.0
MTR_000038_HASH,SP_000038_HASH,KR Puram,East Circle,FDR_012_HASH,DT_0057_HASH,RESIDENTIAL,3BHK_FAMILY,LT2A_RESIDENTIAL,259.32,268.14,268.25,-3.45,-0.04,0.0,0.0,2.82,0.96,0.89,7,264.4,5.0,0,0.0,0,FAMILY,KR Puram|RESIDENTIAL|3BHK_FAMILY,1,7,28.6,42.9,-14.3
MTR_000039_HASH,SP_000039_HASH,KR Puram,East Circle,FDR_012_HASH,DT_0027_HASH,COMMERCIAL,SMALL_OFFICE,LT3_COMMERCIAL,703.84,760.4,768.16,-9.14,-1.02,0.0,0.0,0.78,0.91,0.85,6,748.05,8.0,0,0.0,0,FAMILY,KR Puram|COMMERCIAL,2,7,42.9,57.1,-14.2
MTR_000040_HASH,SP_000040_HASH,Rajajinagar,West Circle,FDR_011_HASH,DT_0041_HASH,COMMERCIAL,RESTAURANT_CAFE,LT3_COMMERCIAL,1037.7,1060.29,1093.49,-5.38,-3.13,0.0,0.1,1.5,0.91,0.84,8,1029.39,15.0,0,0.0,0,FAMILY,Rajajinagar|COMMERCIAL,2,8,100.0,100.0,0.0
MTR_000041_HASH,SP_000041_HASH,Yelahanka,North Circle,FDR_009_HASH,DT_0114_HASH,APARTMENT_COMMON_AREA,APARTMENT_COMMON_PUMP_LIFT,APARTMENT_COMMON,751.35,753.34,752.27,-0.12,0.14,0.0,0.1,3.14,0.91,0.85,12,752.54,20.0,0,0.0,0,WORKING_COUPLE,North Circle|APARTMENT_COMMON_AREA,3,5,40.0,40.0,0.0
MTR_000042_HASH,SP_000042_HASH,Indiranagar,East Circle,FDR_013_HASH,DT_0028_HASH,RESIDENTIAL,2BHK_SMALL_FAMILY,LT2A_RESIDENTIAL,35.69,36.23,35.96,-0.76,0.76,0.0,0.0,3.13,0.96,0.9,27,79.88,2.0,1,0.0,0,WORKING_COUPLE,Indiranagar|RESIDENTIAL|2BHK_SMALL_FAMILY,1,6,50.0,66.7,-16.7
MTR_000043_HASH,SP_000043_HASH,Whitefield,East Circle,FDR_005_HASH,DT_0065_HASH,RESIDENTIAL,1BHK_SINGLE_OR_COUPLE,LT2A_RESIDENTIAL,7.98,8.05,8.0,-0.22,0.57,0.0,0.0,4.22,0.96,0.9,96,17.79,2.0,1,0.0,0,MIXED_USE,Whitefield|RESIDENTIAL|1BHK_SINGLE_OR_COUPLE,1,4,25.0,25.0,0.0
MTR_000044_HASH,SP_000044_HASH,Whitefield,East Circle,FDR_005_HASH,DT_0020_HASH,APARTMENT_COMMON_AREA,APARTMENT_COMMON_PUMP_LIFT,APARTMENT_COMMON,2327.29,2342.32,2339.17,-0.51,0.13,0.0,0.0,3.13,0.91,0.85,3,2337.41,30.0,0,0.0,0,SENIOR_CITIZEN,Whitefield|APARTMENT_COMMON_AREA|APARTMENT_COMMON_PUMP_LIFT,1,5,100.0,100.0,0.0
MTR_000045_HASH,SP_000045_HASH,Hebbal,North Circle,FDR_008_HASH,DT_0038_HASH,RESIDENTIAL,1BHK_SINGLE_OR_COUPLE,LT2A_RESIDENTIAL,144.47,146.65,144.99,-0.36,1.13,0.0,0.16,4.22,0.96,0.89,14,145.56,3.0,1,0.0,0,FAMILY,Hebbal|RESIDENTIAL|1BHK_SINGLE_OR_COUPLE,1,7,100.0,100.0,0.0
MTR_000046_HASH,SP_000046_HASH,KR Puram,East Circle,FDR_012_HASH,DT_0042_HASH,RESIDENTIAL,2BHK_SMALL_FAMILY,LT2A_RESIDENTIAL,116.16,104.43,105.6,9.09,-1.12,0.0,0.0,3.28,0.96,0.88,13,80.75,5.0,1,0.0,0,FAMILY,KR Puram|RESIDENTIAL|2BHK_SMALL_FAMILY,1,10,30.0,30.0,0.0
MTR_000047_HASH,SP_000047_HASH,Yelahanka,North Circle,FDR_009_HASH,DT_0069_HASH,APARTMENT_COMMON_AREA,APARTMENT_COMMON_PUMP_LIFT,APARTMENT_COMMON,1204.29,1208.09,1203.61,0.06,0.37,0.0,0.0,3.13,0.91,0.83,3,1207.03,25.0,0,0.0,0,FAMILY,North Circle|APARTMENT_COMMON_AREA,3,5,80.0,80.0,0.0
MTR_000048_HASH,SP_000048_HASH,Jayanagar,South Circle,FDR_015_HASH,DT_0120_HASH,RESIDENTIAL,3BHK_FAMILY,LT2A_RESIDENTIAL,44.78,46.43,45.91,-2.54,1.11,0.0,0.07,65.66,0.96,0.89,43,53.73,3.0,1,1.0,0,VACANT,Jayanagar|RESIDENTIAL|3BHK_FAMILY,1,6,50.0,50.0,0.0
MTR_000049_HASH,SP_000049_HASH,Whitefield,East Circle,FDR_005_HASH,DT_0095_HASH,RESIDENTIAL,2BHK_SMALL_FAMILY,LT2A_RESIDENTIAL,246.94,254.38,253.27,-2.57,0.43,0.0,0.0,3.05,0.96,0.89,7,251.06,5.0,1,0.0,0,FAMILY,Whitefield|RESIDENTIAL|2BHK_SMALL_FAMILY,1,10,90.0,80.0,10.0
MTR_000050_HASH,SP_000050_HASH,Banashankari,South Circle,FDR_010_HASH,DT_0010_HASH,RESIDENTIAL,1BHK_SINGLE_OR_COUPLE,LT2A_RESIDENTIAL,8.93,9.02,8.98,-0.48,0.5,0.0,0.0,4.21,0.96,0.89,96,19.95,1.0,1,0.0,0,SENIOR_CITIZEN,Banashankari|RESIDENTIAL|1BHK_SINGLE_OR_COUPLE,1,4,25.0,25.0,0.0
MTR_000051_HASH,SP_000051_HASH,Domlur,East Circle,FDR_014_HASH,DT_0059_HASH,RESIDENTIAL,1BHK_SINGLE_OR_COUPLE,LT2A_RESIDENTIAL,142.58,128.19,129.57,9.12,-1.08,0.0,0.0,3.28,0.96,0.89,10,147.24,2.0,1,0.0,0,FAMILY,Domlur|RESIDENTIAL,2,11,18.2,27.3,-9.1
MTR_000052_HASH,SP_000052_HASH,Koramangala,South Circle,FDR_004_HASH,DT_0079_HASH,RESIDENTIAL,2BHK_SMALL_FAMILY,LT2A_RESIDENTIAL,203.54,178.64,163.96,19.44,8.22,0.0,0.0,3.31,0.96,0.89,7,210.21,5.0,1,0.0,0,FAMILY,Koramangala|RESIDENTIAL|2BHK_SMALL_FAMILY,1,5,60.0,40.0,20.0
MTR_000053_HASH,SP_000053_HASH,Indiranagar,East Circle,FDR_013_HASH,DT_0013_HASH,COMMERCIAL,SUPERMARKET_MINI_MART,LT3_COMMERCIAL,638.15,667.84,674.7,-5.73,-1.03,0.0,0.0,1.53,0.91,0.84,6,573.78,8.0,0,0.0,0,VACANT,Indiranagar|COMMERCIAL,2,12,83.3,83.3,0.0
MTR_000054_HASH,SP_000054_HASH,Whitefield,East Circle,FDR_005_HASH,DT_0095_HASH,COMMERCIAL,SMALL_OFFICE,LT3_COMMERCIAL,447.38,483.23,491.91,-9.95,-1.8,0.0,0.0,0.78,0.91,0.84,24,479.41,5.0,0,0.0,0,SENIOR_CITIZEN,Whitefield|COMMERCIAL,2,7,57.1,57.1,0.0
MTR_000055_HASH,SP_000055_HASH,Banashankari,South Circle,FDR_010_HASH,DT_0115_HASH,RESIDENTIAL,1BHK_SINGLE_OR_COUPLE,LT2A_RESIDENTIAL,123.01,124.24,123.8,-0.65,0.35,0.0,0.0,4.22,0.96,0.89,11,123.56,2.0,1,0.0,0,SENIOR_CITIZEN,Banashankari|RESIDENTIAL|1BHK_SINGLE_OR_COUPLE,1,4,75.0,100.0,-25.0
MTR_000056_HASH,SP_000056_HASH,KR Puram,East Circle,FDR_012_HASH,DT_0102_HASH,RESIDENTIAL,1BHK_SINGLE_OR_COUPLE,LT2A_RESIDENTIAL,98.81,100.25,99.93,-1.13,0.32,0.0,0.1,4.23,0.96,0.89,17,99.6,3.0,1,0.0,0,FAMILY,KR Puram|RESIDENTIAL|1BHK_SINGLE_OR_COUPLE,1,6,83.3,100.0,-16.7
MTR_000057_HASH,SP_000057_HASH,Banashankari,South Circle,FDR_010_HASH,DT_0040_HASH,RESIDENTIAL,2BHK_SMALL_FAMILY,LT2A_RESIDENTIAL,27.29,27.53,27.39,-0.35,0.5,0.0,0.07,3.13,0.96,0.89,32,27.39,5.0,0,0.0,0,VACANT,Banashankari|RESIDENTIAL|2BHK_SMALL_FAMILY,1,8,12.5,12.5,0.0
MTR_000058_HASH,SP_000058_HASH,Whitefield,East Circle,FDR_005_HASH,DT_0080_HASH,RESIDENTIAL,3BHK_FAMILY,LT2A_RESIDENTIAL,331.82,350.95,352.68,-6.29,-0.49,0.0,0.14,2.76,0.96,0.89,16,344.4,5.0,0,0.0,0,FAMILY,Whitefield|RESIDENTIAL|3BHK_FAMILY,1,4,50.0,100.0,-50.0
MTR_000059_HASH,SP_000059_HASH,Indiranagar,East Circle,FDR_001_HASH,DT_0046_HASH,RESIDENTIAL,3BHK_FAMILY,LT2A_RESIDENTIAL,261.98,268.23,265.91,-1.5,0.87,0.0,0.07,33.74,0.96,0.9,36,304.68,5.0,0,3.0,0,FAMILY,Indiranagar|RESIDENTIAL|3BHK_FAMILY,1,7,71.4,71.4,0.0
MTR_000060_HASH,SP_000060_HASH,Rajajinagar,West Circle,FDR_011_HASH,DT_0116_HASH,COMMERCIAL,KIRANA_RETAIL_SHOP,LT3_COMMERCIAL,260.1,159.75,105.46,59.45,33.98,0.0,0.1,1.28,0.91,0.84,13,256.31,8.0,0,0.0,0,VACANT,Rajajinagar|COMMERCIAL,2,8,12.5,12.5,0.0
MTR_000061_HASH,SP_000061_HASH,Domlur,East Circle,FDR_014_HASH,DT_0029_HASH,COMMERCIAL,SMALL_OFFICE,LT3_COMMERCIAL,247.88,258.56,265.98,-7.3,-2.87,0.0,0.0,0.78,0.91,0.83,15,258.48,3.0,0,0.0,0,FAMILY,Domlur|COMMERCIAL|SMALL_OFFICE,1,6,33.3,50.0,-16.7
MTR_000062_HASH,SP_000062_HASH,Hebbal,North Circle,FDR_008_HASH,DT_0038_HASH,COMMERCIAL,BAKERY,LT3_COMMERCIAL,482.63,506.55,500.35,-3.67,1.23,0.0,0.16,1.57,0.91,0.84,12,499.13,3.0,0,0.0,0,MIXED_USE,Hebbal|COMMERCIAL,2,4,50.0,50.0,0.0
MTR_000063_HASH,SP_000063_HASH,KR Puram,East Circle,FDR_012_HASH,DT_0012_HASH,COMMERCIAL,RESTAURANT_CAFE,LT3_COMMERCIAL,819.17,443.36,236.77,71.1,46.6,0.0,0.0,1.43,0.91,0.84,36,806.68,8.0,0,0.0,0,WORKING_COUPLE,KR Puram|COMMERCIAL,2,7,71.4,14.3,57.1
MTR_000064_HASH,SP_000064_HASH,Hebbal,North Circle,FDR_008_HASH,DT_0068_HASH,RESIDENTIAL,3BHK_FAMILY,LT2A_RESIDENTIAL,220.22,229.91,226.83,-3.0,1.34,0.0,0.05,37.18,0.96,0.9,36,261.1,5.0,1,3.0,0,VACANT,Hebbal|RESIDENTIAL|3BHK_FAMILY,1,6,50.0,50.0,0.0
MTR_000065_HASH,SP_000065_HASH,Peenya,North Circle,FDR_006_HASH,DT_0096_HASH,RESIDENTIAL,3BHK_FAMILY,LT2A_RESIDENTIAL,285.69,293.83,294.21,-2.98,-0.13,0.0,0.03,2.82,0.96,0.89,7,290.68,5.0,0,0.0,0,WORKING_COUPLE,Peenya|RESIDENTIAL|3BHK_FAMILY,1,3,33.3,33.3,0.0
MTR_000066_HASH,SP_000066_HASH,Banashankari,South Circle,FDR_010_HASH,DT_0040_HASH,RESIDENTIAL,1BHK_SINGLE_OR_COUPLE,LT2A_RESIDENTIAL,15.8,16.12,16.04,-1.56,0.45,0.0,0.07,4.23,0.96,0.9,73,15.97,1.0,0,0.0,0,VACANT,Banashankari|RESIDENTIAL|1BHK_SINGLE_OR_COUPLE,1,4,50.0,50.0,0.0
MTR_000067_HASH,SP_000067_HASH,KR Puram,East Circle,FDR_012_HASH,DT_0027_HASH,APARTMENT_COMMON_AREA,APARTMENT_COMMON_PUMP_LIFT,APARTMENT_COMMON,820.7,826.7,826.33,-0.69,0.04,0.0,0.0,3.14,0.91,0.84,5,824.78,20.0,0,0.0,0,FAMILY,KR Puram|APARTMENT_COMMON_AREA,2,3,66.7,100.0,-33.3
MTR_000068_HASH,SP_000068_HASH,Whitefield,East Circle,FDR_005_HASH,DT_0110_HASH,RESIDENTIAL,2BHK_SMALL_FAMILY,LT2A_RESIDENTIAL,29.71,30.31,30.16,-1.49,0.52,0.0,0.0,3.13,0.96,0.89,31,66.71,2.0,1,0.0,0,WORKING_COUPLE,Whitefield|RESIDENTIAL|2BHK_SMALL_FAMILY,1,10,10.0,10.0,0.0
MTR_000069_HASH,SP_000069_HASH,Indiranagar,East Circle,FDR_001_HASH,DT_0016_HASH,COMMERCIAL,CLINIC,LT3_COMMERCIAL,498.75,512.59,531.18,-6.5,-3.63,0.0,0.0,0.75,0.91,0.84,10,515.86,5.0,0,0.0,0,WORKING_COUPLE,Indiranagar|COMMERCIAL,2,12,41.7,50.0,-8.3
MTR_000070_HASH,SP_000070_HASH,Rajajinagar,West Circle,FDR_011_HASH,DT_0056_HASH,RESIDENTIAL,2BHK_SMALL_FAMILY,LT2A_RESIDENTIAL,28.22,29.17,28.89,-2.37,0.94,0.0,0.1,3.04,0.96,0.89,36,28.77,5.0,1,0.0,0,VACANT,Rajajinagar|RESIDENTIAL|2BHK_SMALL_FAMILY,1,7,28.6,28.6,0.0
MTR_000071_HASH,SP_000071_HASH,KR Puram,East Circle,FDR_012_HASH,DT_0072_HASH,APARTMENT_COMMON_AREA,GATED_COMMUNITY_COMMON_AREA,APARTMENT_COMMON,625.8,625.5,623.62,0.35,0.3,0.0,0.0,5.91,0.91,0.85,4,500.07,10.0,0,0.0,1,FAMILY,KR Puram|APARTMENT_COMMON_AREA,2,3,33.3,66.7,-33.4
MTR_000072_HASH,SP_000072_HASH,Yelahanka,North Circle,FDR_009_HASH,DT_0114_HASH,RESIDENTIAL,PG_OR_HOSTEL,LT2A_RESIDENTIAL,172.11,175.16,174.42,-1.34,0.42,0.0,0.1,2.73,0.96,0.9,12,173.79,5.0,1,0.0,0,FAMILY,Yelahanka|RESIDENTIAL,2,21,47.6,52.4,-4.8
MTR_000073_HASH,SP_000073_HASH,Domlur,East Circle,FDR_002_HASH,DT_0032_HASH,COMMERCIAL,CLINIC,LT3_COMMERCIAL,348.05,374.4,370.04,-6.32,1.16,0.0,0.0,0.97,0.91,0.83,17,366.32,5.0,0,0.0,0,WORKING_COUPLE,Domlur|COMMERCIAL,2,20,55.0,70.0,-15.0
MTR_000074_HASH,SP_000074_HASH,Whitefield,East Circle,FDR_005_HASH,DT_0065_HASH,APARTMENT_COMMON_AREA,APARTMENT_COMMON_PUMP_LIFT,APARTMENT_COMMON,542.22,541.76,539.35,0.53,0.44,0.0,0.0,3.14,0.91,0.85,4,541.74,15.0,0,0.0,0,SENIOR_CITIZEN,Whitefield|APARTMENT_COMMON_AREA|APARTMENT_COMMON_PUMP_LIFT,1,5,20.0,20.0,0.0
MTR_000075_HASH,SP_000075_HASH,Rajajinagar,West Circle,FDR_011_HASH,DT_0071_HASH,RESIDENTIAL,3BHK_FAMILY,LT2A_RESIDENTIAL,319.1,346.59,343.68,-7.7,0.84,0.0,0.1,2.68,0.96,0.9,8,335.21,5.0,0,0.0,0,MIXED_USE,Rajajinagar|RESIDENTIAL|3BHK_FAMILY,1,3,33.3,33.3,0.0
MTR_000076_HASH,SP_000076_HASH,Domlur,East Circle,FDR_002_HASH,DT_0092_HASH,COMMERCIAL,KIRANA_RETAIL_SHOP,LT3_COMMERCIAL,236.75,254.4,252.61,-6.7,0.7,0.0,0.14,1.16,0.91,0.83,18,249.65,3.0,0,0.0,0,FAMILY,Domlur|COMMERCIAL|KIRANA_RETAIL_SHOP,1,7,14.3,28.6,-14.3
MTR_000077_HASH,SP_000077_HASH,KR Puram,East Circle,FDR_012_HASH,DT_0042_HASH,RESIDENTIAL,2BHK_SMALL_FAMILY,LT2A_RESIDENTIAL,143.71,153.31,152.82,-6.34,0.32,0.0,0.0,2.97,0.96,0.89,11,149.33,5.0,1,0.0,0,FAMILY,KR Puram|RESIDENTIAL|2BHK_SMALL_FAMILY,1,10,50.0,50.0,0.0
MTR_000078_HASH,SP_000078_HASH,Indiranagar,East Circle,FDR_001_HASH,DT_0016_HASH,PUBLIC_LIGHTING,STREET_LIGHTING_FEED,PUBLIC_LIGHTING,863.34,870.31,866.32,-0.34,0.46,0.0,0.0,47.32,0.86,0.79,15,866.13,5.0,0,0.0,0,WORKING_COUPLE,East Circle|PUBLIC_LIGHTING,3,3,100.0,100.0,0.0
MTR_000079_HASH,SP_000079_HASH,Indiranagar,East Circle,FDR_001_HASH,DT_0091_HASH,COMMERCIAL,SALON,LT3_COMMERCIAL,389.12,335.64,270.58,30.46,19.38,0.0,0.0,1.29,0.91,0.84,5,402.55,5.0,0,0.0,0,WORKING_COUPLE,Indiranagar|COMMERCIAL,2,12,16.7,16.7,0.0
MTR_000080_HASH,SP_000080_HASH,Jayanagar,South Circle,FDR_015_HASH,DT_0120_HASH,COMMERCIAL,SMALL_OFFICE,LT3_COMMERCIAL,642.0,508.3,377.86,41.14,25.66,0.0,0.07,0.59,0.91,0.83,11,668.62,8.0,0,0.0,0,MIXED_USE,Jayanagar|COMMERCIAL|SMALL_OFFICE,1,3,100.0,66.7,33.3
MTR_000081_HASH,SP_000081_HASH,KR Puram,East Circle,FDR_012_HASH,DT_0117_HASH,COMMERCIAL,RESTAURANT_CAFE,LT3_COMMERCIAL,768.04,809.28,811.68,-5.68,-0.3,0.0,0.0,1.71,0.91,0.82,6,794.69,5.0,0,0.0,0,WORKING_COUPLE,KR Puram|COMMERCIAL,2,7,57.1,71.4,-14.3
MTR_000082_HASH,SP_000082_HASH,Hebbal,North Circle,FDR_008_HASH,DT_0098_HASH,COMMERCIAL,SMALL_OFFICE,LT3_COMMERCIAL,270.23,211.55,201.28,25.52,4.86,0.0,0.05,1.25,0.91,0.84,8,279.55,5.0,0,0.0,0,WORKING_COUPLE,Hebbal|COMMERCIAL,2,4,25.0,25.0,0.0
MTR_000083_HASH,SP_000083_HASH,Whitefield,East Circle,FDR_005_HASH,DT_0050_HASH,RESIDENTIAL,3BHK_FAMILY,LT2A_RESIDENTIAL,305.71,324.22,322.29,-5.42,0.6,0.0,0.0,2.75,0.96,0.89,7,316.22,5.0,0,0.0,0,WORKING_COUPLE,Whitefield|RESIDENTIAL|3BHK_FAMILY,1,4,25.0,50.0,-25.0
MTR_000084_HASH,SP_000084_HASH,Peenya,North Circle,FDR_006_HASH,DT_0036_HASH,SMALL_INDUSTRY,WELDING_WORKSHOP,LT5_SMALL_INDUSTRY,1133.38,1133.21,1179.75,-4.09,-4.11,0.0,0.14,0.78,0.8,0.64,12,1151.44,15.0,0,0.0,0,FAMILY,Peenya|SMALL_INDUSTRY|WELDING_WORKSHOP,1,3,33.3,33.3,0.0
MTR_000085_HASH,SP_000085_HASH,Hebbal,North Circle,FDR_008_HASH,DT_0053_HASH,RESIDENTIAL,3BHK_FAMILY,LT2A_RESIDENTIAL,44.21,46.74,46.77,-5.78,-0.05,0.0,0.12,2.76,0.96,0.88,21,45.8,5.0,0,0.0,0,VACANT,Hebbal|RESIDENTIAL|3BHK_FAMILY,1,6,33.3,33.3,0.0
MTR_000086_HASH,SP_000086_HASH,Electronic City,South Circle,FDR_007_HASH,DT_0052_HASH,SMALL_INDUSTRY,WELDING_WORKSHOP,LT5_SMALL_INDUSTRY,1601.18,1636.46,1659.19,-3.62,-1.39,0.0,0.07,0.78,0.82,0.64,8,1635.45,25.0,0,0.0,0,FAMILY,Electronic City|SMALL_INDUSTRY,2,6,33.3,33.3,0.0
MTR_000087_HASH,SP_000087_HASH,Domlur,East Circle,FDR_002_HASH,DT_0002_HASH,COMMERCIAL,KIRANA_RETAIL_SHOP,LT3_COMMERCIAL,294.0,301.61,311.31,-5.89,-3.22,0.0,0.0,0.92,0.91,0.84,36,303.59,5.0,0,0.0,0,FAMILY,Domlur|COMMERCIAL|KIRANA_RETAIL_SHOP,1,7,57.1,71.4,-14.3
MTR_000088_HASH,SP_000088_HASH,Whitefield,East Circle,FDR_005_HASH,DT_0095_HASH,RESIDENTIAL,3BHK_FAMILY,LT2A_RESIDENTIAL,332.35,344.55,342.06,-2.92,0.72,0.0,0.0,2.82,0.96,0.88,7,339.09,5.0,0,0.0,0,FAMILY,Whitefield|RESIDENTIAL|3BHK_FAMILY,1,4,75.0,75.0,0.0
MTR_000089_HASH,SP_000089_HASH,Electronic City,South Circle,FDR_007_HASH,DT_0037_HASH,COMMERCIAL,KIRANA_RETAIL_SHOP,LT3_COMMERCIAL,391.29,411.57,418.82,-7.04,-1.76,0.0,0.07,0.92,0.91,0.85,9,406.35,5.0,0,0.0,0,WORKING_COUPLE,Electronic City|COMMERCIAL,2,6,50.0,66.7,-16.7
MTR_000090_HASH,SP_000090_HASH,Indiranagar,East Circle,FDR_001_HASH,DT_0046_HASH,RESIDENTIAL,2BHK_SMALL_FAMILY,LT2A_RESIDENTIAL,2.14,2.16,2.15,-0.72,0.15,0.0,0.07,3.14,0.96,0.88,11520,17.91,5.0,1,0.0,0,VACANT,Indiranagar|RESIDENTIAL|2BHK_SMALL_FAMILY,1,6,16.7,33.3,-16.6
MTR_000091_HASH,SP_000091_HASH,Hebbal,North Circle,FDR_008_HASH,DT_0038_HASH,SMALL_INDUSTRY,GARMENT_UNIT,LT5_SMALL_INDUSTRY,2065.65,2102.52,2133.47,-3.28,-1.47,0.0,0.16,0.66,0.86,0.79,12,2104.96,15.0,0,0.0,0,WORKING_COUPLE,North Circle|SMALL_INDUSTRY,3,16,75.0,75.0,0.0
MTR_000092_HASH,SP_000092_HASH,Whitefield,East Circle,FDR_005_HASH,DT_0050_HASH,RESIDENTIAL,4BHK_VILLA_HIGH_LOAD,LT2A_RESIDENTIAL,487.45,540.99,539.01,-10.58,0.37,0.0,0.0,2.38,0.96,0.89,5,519.17,5.0,1,0.0,0,MIXED_USE,Whitefield|RESIDENTIAL|4BHK_VILLA_HIGH_LOAD,1,5,100.0,100.0,0.0
MTR_000093_HASH,SP_000093_HASH,Whitefield,East Circle,FDR_005_HASH,DT_0110_HASH,RESIDENTIAL,1BHK_SINGLE_OR_COUPLE,LT2A_RESIDENTIAL,96.92,84.97,78.0,19.52,8.2,0.0,0.0,3.3,0.96,0.89,12,75.97,1.0,1,0.0,0,FAMILY,Whitefield|RESIDENTIAL|1BHK_SINGLE_OR_COUPLE,1,4,100.0,100.0,0.0
MTR_000094_HASH,SP_000094_HASH,Electronic City,South Circle,FDR_007_HASH,DT_0082_HASH,RESIDENTIAL,PG_OR_HOSTEL,LT2A_RESIDENTIAL,300.96,305.51,303.98,-1.0,0.5,0.0,0.0,2.72,0.96,0.89,6,303.26,8.0,1,0.0,0,FAMILY,Electronic City|RESIDENTIAL,2,15,93.3,93.3,0.0
MTR_000095_HASH,SP_000095_HASH,Whitefield,East Circle,FDR_005_HASH,DT_0095_HASH,COMMERCIAL,KIRANA_RETAIL_SHOP,LT3_COMMERCIAL,214.28,223.5,231.72,-8.13,-3.67,0.0,0.0,1.15,0.91,0.84,26,223.89,5.0,0,0.0,0,WORKING_COUPLE,Whitefield|COMMERCIAL|KIRANA_RETAIL_SHOP,1,3,100.0,100.0,0.0
MTR_000096_HASH,SP_000096_HASH,Domlur,East Circle,FDR_014_HASH,DT_0059_HASH,RESIDENTIAL,4BHK_VILLA_HIGH_LOAD,LT2A_RESIDENTIAL,389.65,409.24,410.03,-5.23,-0.19,0.0,0.0,24.26,0.96,0.89,41,471.8,8.0,1,5.0,0,FAMILY,Domlur|RESIDENTIAL,2,11,90.9,90.9,0.0
MTR_000097_HASH,SP_000097_HASH,KR Puram,East Circle,FDR_012_HASH,DT_0102_HASH,SMALL_INDUSTRY,GARMENT_UNIT,LT5_SMALL_INDUSTRY,1411.44,1427.01,1448.35,-2.62,-1.5,0.0,0.1,0.66,0.86,0.78,12,1432.73,15.0,0,0.0,0,FAMILY,East Circle|SMALL_INDUSTRY,3,8,37.5,37.5,0.0
MTR_000098_HASH,SP_000098_HASH,Indiranagar,East Circle,FDR_013_HASH,DT_0013_HASH,RESIDENTIAL,2BHK_SMALL_FAMILY,LT2A_RESIDENTIAL,91.06,92.18,91.52,-0.51,0.72,0.0,0.0,330.32,0.96,0.86,43,107.28,3.0,0,3.0,0,FAMILY,Indiranagar|RESIDENTIAL|2BHK_SMALL_FAMILY,1,6,83.3,100.0,-16.7
MTR_000099_HASH,SP_000099_HASH,Koramangala,South Circle,FDR_004_HASH,DT_0079_HASH,SMALL_INDUSTRY,MACHINE_SHOP,LT5_SMALL_INDUSTRY,2740.58,2419.44,2209.64,19.37,8.67,0.0,0.0,1.01,0.86,0.79,3,2832.87,30.0,0,0.0,0,VACANT,South Circle|SMALL_INDUSTRY,3,8,87.5,75.0,12.5
MTR_000100_HASH,SP_000100_HASH,Indiranagar,East Circle,FDR_001_HASH,DT_0061_HASH,RESIDENTIAL,PG_OR_HOSTEL,LT2A_RESIDENTIAL,241.96,217.47,219.94,9.1,-1.13,0.0,0.03,3.05,0.96,0.89,6,249.93,3.0,0,0.0,0,MIXED_USE,Indiranagar|RESIDENTIAL,2,17,70.6,64.7,5.9
MTR_000101_HASH,SP_000101_HASH,Koramangala,South Circle,FDR_004_HASH,DT_0064_HASH,COMMERCIAL,RESTAURANT_CAFE,LT3_COMMERCIAL,809.77,838.47,868.86,-7.3,-3.62,0.0,0.0,1.7,0.91,0.84,5,841.67,8.0,0,0.0,0,FAMILY,Koramangala|COMMERCIAL|RESTAURANT_CAFE,1,4,50.0,50.0,0.0
MTR_000102_HASH,SP_000102_HASH,Rajajinagar,West Circle,FDR_011_HASH,DT_0101_HASH,COMMERCIAL,CLINIC,LT3_COMMERCIAL,617.02,440.94,291.99,52.68,33.78,0.0,0.1,0.92,0.91,0.84,4,608.31,3.0,0,0.0,0,FAMILY,Rajajinagar|COMMERCIAL|CLINIC,1,3,100.0,33.3,66.7
MTR_000103_HASH,SP_000103_HASH,Banashankari,South Circle,FDR_010_HASH,DT_0040_HASH,RESIDENTIAL,1BHK_SINGLE_OR_COUPLE,LT2A_RESIDENTIAL,144.9,127.24,116.73,19.44,8.26,0.0,0.07,3.3,0.96,0.89,9,149.65,1.0,1,0.0,0,WORKING_COUPLE,Banashankari|RESIDENTIAL|1BHK_SINGLE_OR_COUPLE,1,4,100.0,75.0,25.0
MTR_000104_HASH,SP_000104_HASH,KR Puram,East Circle,FDR_012_HASH,DT_0117_HASH,RESIDENTIAL,1BHK_SINGLE_OR_COUPLE,LT2A_RESIDENTIAL,46.57,46.9,46.68,-0.24,0.47,0.0,0.0,4.22,0.96,0.89,25,46.7,2.0,1,0.0,0,FAMILY,KR Puram|RESIDENTIAL|1BHK_SINGLE_OR_COUPLE,1,6,33.3,33.3,0.0
MTR_000105_HASH,SP_000105_HASH,Rajajinagar,West Circle,FDR_011_HASH,DT_0011_HASH,RESIDENTIAL,1BHK_SINGLE_OR_COUPLE,LT2A_RESIDENTIAL,190.18,196.7,194.43,-2.23,1.15,0.0,0.17,4.1,0.96,0.9,10,193.71,1.0,1,0.0,0,FAMILY,Rajajinagar|RESIDENTIAL|1BHK_SINGLE_OR_COUPLE,1,6,100.0,100.0,0.0
MTR_000106_HASH,SP_000106_HASH,Hebbal,North Circle,FDR_008_HASH,DT_0113_HASH,APARTMENT_COMMON_AREA,GATED_COMMUNITY_COMMON_AREA,APARTMENT_COMMON,1811.88,1810.16,1802.16,0.54,0.44,0.0,0.05,3.13,0.91,0.85,6,1811.48,30.0,0,0.0,0,FAMILY,Hebbal|APARTMENT_COMMON_AREA,2,3,100.0,100.0,0.0
MTR_000107_HASH,SP_000107_HASH,KR Puram,East Circle,FDR_012_HASH,DT_0027_HASH,SMALL_INDUSTRY,SMALL_PACKAGING_UNIT,LT5_SMALL_INDUSTRY,1473.36,1457.48,1506.8,-2.27,-3.38,0.0,0.0,0.79,0.86,0.79,4,1490.8,20.0,0,0.0,0,FAMILY,East Circle|SMALL_INDUSTRY,3,8,50.0,50.0,0.0
MTR_000108_HASH,SP_000108_HASH,Hebbal,North Circle,FDR_008_HASH,DT_0098_HASH,RESIDENTIAL,4BHK_VILLA_HIGH_LOAD,LT2A_RESIDENTIAL,305.38,331.24,330.06,-8.08,0.36,0.0,0.05,2.42,0.96,0.89,6,320.94,5.0,0,0.0,0,FAMILY,Hebbal|RESIDENTIAL,2,24,87.5,91.7,-4.2
MTR_000109_HASH,SP_000109_HASH,Whitefield,East Circle,FDR_005_HASH,DT_0020_HASH,COMMERCIAL,RESTAURANT_CAFE,LT3_COMMERCIAL,611.66,623.89,644.2,-5.32,-3.26,0.0,0.0,1.41,0.91,0.84,8,629.74,8.0,0,0.0,0,WORKING_COUPLE,Whitefield|COMMERCIAL,2,7,71.4,71.4,0.0
MTR_000110_HASH,SP_000110_HASH,Rajajinagar,West Circle,FDR_011_HASH,DT_0026_HASH,COMMERCIAL,SALON,LT3_COMMERCIAL,399.96,410.4,424.08,-6.03,-3.33,0.0,0.1,0.98,0.91,0.85,12,413.02,5.0,0,0.0,0,FAMILY,Rajajinagar|COMMERCIAL,2,8,62.5,75.0,-12.5
MTR_000111_HASH,SP_000111_HASH,Rajajinagar,West Circle,FDR_011_HASH,DT_0116_HASH,RESIDENTIAL,2BHK_SMALL_FAMILY,LT2A_RESIDENTIAL,272.29,280.45,277.31,-1.84,1.12,0.0,0.1,3.04,0.96,0.89,8,276.61,2.0,1,0.0,0,FAMILY,Rajajinagar|RESIDENTIAL|2BHK_SMALL_FAMILY,1,7,100.0,100.0,0.0
MTR_000112_HASH,SP_000112_HASH,Banashankari,South Circle,FDR_010_HASH,DT_0055_HASH,RESIDENTIAL,2BHK_SMALL_FAMILY,LT2A_RESIDENTIAL,65.98,68.05,67.55,-2.38,0.73,0.0,0.0,3.04,0.96,0.9,24,67.28,3.0,1,0.0,0,FAMILY,Banashankari|RESIDENTIAL|2BHK_SMALL_FAMILY,1,8,62.5,62.5,0.0
MTR_000113_HASH,SP_000113_HASH,Whitefield,East Circle,FDR_005_HASH,DT_0095_HASH,RESIDENTIAL,2BHK_SMALL_FAMILY,LT2A_RESIDENTIAL,195.54,197.51,196.98,-0.73,0.27,0.0,0.0,3.12,0.96,0.89,10,196.46,3.0,0,0.0,0,FAMILY,Whitefield|RESIDENTIAL|2BHK_SMALL_FAMILY,1,10,70.0,70.0,0.0
MTR_000114_HASH,SP_000114_HASH,Hebbal,North Circle,FDR_008_HASH,DT_0008_HASH,RESIDENTIAL,1BHK_SINGLE_OR_COUPLE,LT2A_RESIDENTIAL,91.95,92.73,94.0,-2.23,-1.37,0.0,0.05,3.31,0.96,0.9,12,95.0,1.5,1,0.0,0,LOW_USE_GJ_ELIGIBLE,Hebbal|RESIDENTIAL|1BHK_SINGLE_OR_COUPLE,1,7,42.9,57.1,-14.2
MTR_000115_HASH,SP_000115_HASH,Peenya,North Circle,FDR_006_HASH,DT_0096_HASH,RESIDENTIAL,1BHK_SINGLE_OR_COUPLE,LT2A_RESIDENTIAL,15.52,15.62,15.54,-0.14,0.54,0.0,0.03,4.22,0.96,0.89,71,15.57,1.0,1,0.0,0,VACANT,Peenya|RESIDENTIAL,2,9,11.1,11.1,0.0
MTR_000116_HASH,SP_000116_HASH,Koramangala,South Circle,FDR_004_HASH,DT_0079_HASH,SMALL_INDUSTRY,MACHINE_SHOP,LT5_SMALL_INDUSTRY,1643.7,1666.17,1690.62,-2.85,-1.47,0.0,0.0,0.87,0.86,0.8,4,1670.94,25.0,0,0.0,0,WORKING_COUPLE,South Circle|SMALL_INDUSTRY,3,8,37.5,37.5,0.0
MTR_000117_HASH,SP_000117_HASH,Whitefield,East Circle,FDR_005_HASH,DT_0020_HASH,APARTMENT_COMMON_AREA,APARTMENT_COMMON_PUMP_LIFT,APARTMENT_COMMON,896.67,892.27,891.34,0.59,0.1,0.0,0.0,3.12,0.91,0.85,4,894.43,20.0,0,0.0,0,FAMILY,Whitefield|APARTMENT_COMMON_AREA|APARTMENT_COMMON_PUMP_LIFT,1,5,40.0,40.0,0.0
MTR_000118_HASH,SP_000118_HASH,Domlur,East Circle,FDR_002_HASH,DT_0107_HASH,SMALL_INDUSTRY,COLD_STORAGE,LT5_SMALL_INDUSTRY,2989.26,3173.5,3296.37,-10.27,-3.87,0.0,0.0,1.86,0.86,0.79,2,3163.07,30.0,0,0.0,0,SENIOR_CITIZEN,Domlur|SMALL_INDUSTRY,2,4,100.0,100.0,0.0
MTR_000119_HASH,SP_000119_HASH,Hebbal,North Circle,FDR_008_HASH,DT_0053_HASH,COMMERCIAL,RESTAURANT_CAFE,LT3_COMMERCIAL,629.81,666.69,660.65,-4.9,0.91,0.0,0.12,1.71,0.91,0.83,9,658.76,8.0,0,0.0,0,MIXED_USE,Hebbal|COMMERCIAL,2,4,100.0,100.0,0.0
MTR_000120_HASH,SP_000120_HASH,Peenya,North Circle,FDR_006_HASH,DT_0111_HASH,SMALL_INDUSTRY,WELDING_WORKSHOP,LT5_SMALL_INDUSTRY,1272.73,1234.88,1275.47,-0.21,-3.29,0.0,0.03,0.78,0.86,0.79,4,1278.44,20.0,0,0.0,0,FAMILY,Peenya|SMALL_INDUSTRY|WELDING_WORKSHOP,1,3,100.0,100.0,0.0
MTR_000121_HASH,SP_000121_HASH,Banashankari,South Circle,FDR_010_HASH,DT_0115_HASH,RESIDENTIAL,2BHK_SMALL_FAMILY,LT2A_RESIDENTIAL,74.76,75.66,75.53,-1.04,0.17,0.0,0.0,3.11,0.96,0.89,18,75.23,2.0,1,0.0,0,MIXED_USE,Banashankari|RESIDENTIAL|2BHK_SMALL_FAMILY,1,8,75.0,75.0,0.0
MTR_000122_HASH,SP_000122_HASH,Domlur,East Circle,FDR_014_HASH,DT_0089_HASH,COMMERCIAL,SMALL_OFFICE,LT3_COMMERCIAL,316.63,334.97,338.45,-6.89,-1.04,0.0,0.0,0.58,0.91,0.84,10,329.77,8.0,0,0.0,0,WORKING_COUPLE,Domlur|COMMERCIAL|SMALL_OFFICE,1,6,66.7,83.3,-16.6
MTR_000123_HASH,SP_000123_HASH,Domlur,East Circle,FDR_014_HASH,DT_0089_HASH,COMMERCIAL,KIRANA_RETAIL_SHOP,LT3_COMMERCIAL,416.2,297.37,196.94,52.68,33.77,0.0,0.0,1.26,0.91,0.83,7,410.29,5.0,0,0.0,0,FAMILY,Domlur|COMMERCIAL|KIRANA_RETAIL_SHOP,1,7,100.0,14.3,85.7
MTR_000124_HASH,SP_000124_HASH,Indiranagar,East Circle,FDR_013_HASH,DT_0028_HASH,COMMERCIAL,SMALL_OFFICE,LT3_COMMERCIAL,569.65,350.66,230.68,59.51,34.22,0.0,0.0,1.27,0.91,0.84,5,561.31,8.0,0,0.0,0,MIXED_USE,Indiranagar|COMMERCIAL|SMALL_OFFICE,1,3,100.0,33.3,66.7
MTR_000125_HASH,SP_000125_HASH,KR Puram,East Circle,FDR_012_HASH,DT_0042_HASH,RESIDENTIAL,2BHK_SMALL_FAMILY,LT2A_RESIDENTIAL,176.61,177.83,176.26,0.2,0.88,0.0,0.0,336.12,0.96,0.89,60,48.43,5.0,1,0.0,1,VACANT,KR Puram|RESIDENTIAL|2BHK_SMALL_FAMILY,1,10,90.0,80.0,10.0
MTR_000126_HASH,SP_000126_HASH,Banashankari,South Circle,FDR_010_HASH,DT_0085_HASH,RESIDENTIAL,2BHK_SMALL_FAMILY,LT2A_RESIDENTIAL,44.43,46.24,46.21,-3.99,0.07,0.0,0.0,3.05,0.96,0.88,26,101.06,3.0,0,0.0,0,FAMILY,Banashankari|RESIDENTIAL|2BHK_SMALL_FAMILY,1,8,25.0,25.0,0.0
MTR_000127_HASH,SP_000127_HASH,Electronic City,South Circle,FDR_007_HASH,DT_0007_HASH,RESIDENTIAL,1BHK_SINGLE_OR_COUPLE,LT2A_RESIDENTIAL,34.05,34.44,34.29,-0.71,0.45,0.0,0.0,4.22,0.96,0.89,31,34.23,2.0,1,0.0,0,FAMILY,Electronic City|RESIDENTIAL|1BHK_SINGLE_OR_COUPLE,1,4,50.0,50.0,0.0
MTR_000128_HASH,SP_000128_HASH,Hebbal,North Circle,FDR_008_HASH,DT_0068_HASH,PUBLIC_LIGHTING,STREET_LIGHTING_FEED,PUBLIC_LIGHTING,538.55,539.42,537.71,0.16,0.32,0.0,0.05,47.3,0.86,0.79,29,539.25,5.0,0,0.0,0,FAMILY,PUBLIC_LIGHTING,4,7,71.4,71.4,0.0
MTR_000129_HASH,SP_000129_HASH,Jayanagar,South Circle,FDR_015_HASH,DT_0090_HASH,APARTMENT_COMMON_AREA,APARTMENT_COMMON_PUMP_LIFT,APARTMENT_COMMON,1278.57,1280.3,1272.52,0.47,0.61,0.0,0.0,3.13,0.91,0.83,3,1278.72,20.0,0,0.0,0,FAMILY,Jayanagar|APARTMENT_COMMON_AREA,2,3,100.0,100.0,0.0
MTR_000130_HASH,SP_000130_HASH,Banashankari,South Circle,FDR_010_HASH,DT_0040_HASH,COMMERCIAL,SUPERMARKET_MINI_MART,LT3_COMMERCIAL,1095.52,1175.97,1166.43,-6.47,0.81,0.0,0.07,1.48,0.91,0.84,8,1153.07,12.0,0,0.0,0,FAMILY,Banashankari|COMMERCIAL,2,4,100.0,100.0,0.0
MTR_000131_HASH,SP_000131_HASH,Peenya,North Circle,FDR_006_HASH,DT_0006_HASH,RESIDENTIAL,2BHK_SMALL_FAMILY,LT2A_RESIDENTIAL,39.92,40.36,40.32,-1.0,0.09,0.0,0.1,3.11,0.96,0.89,25,89.36,2.0,1,0.0,0,SENIOR_CITIZEN,Peenya|RESIDENTIAL|2BHK_SMALL_FAMILY,1,4,25.0,25.0,0.0
MTR_000132_HASH,SP_000132_HASH,Hebbal,North Circle,FDR_008_HASH,DT_0008_HASH,RESIDENTIAL,2BHK_SMALL_FAMILY,LT2A_RESIDENTIAL,229.2,123.54,67.19,70.69,45.62,0.0,0.05,3.31,0.96,0.89,36,225.47,3.0,0,0.0,0,WORKING_COUPLE,Hebbal|RESIDENTIAL|2BHK_SMALL_FAMILY,1,7,100.0,42.9,57.1
MTR_000133_HASH,SP_000133_HASH,Indiranagar,East Circle,FDR_001_HASH,DT_0061_HASH,RESIDENTIAL,3BHK_FAMILY,LT2A_RESIDENTIAL,222.63,236.29,236.28,-6.13,0.01,0.0,0.03,2.75,0.96,0.89,7,230.79,5.0,0,0.0,0,FAMILY,Indiranagar|RESIDENTIAL|3BHK_FAMILY,1,7,28.6,57.1,-28.5
MTR_000134_HASH,SP_000134_HASH,Whitefield,East Circle,FDR_005_HASH,DT_0035_HASH,RESIDENTIAL,4BHK_VILLA_HIGH_LOAD,LT2A_RESIDENTIAL,359.91,389.24,386.65,-7.43,0.66,0.0,0.03,17.31,0.96,0.9,35,437.5,8.0,0,3.0,0,SENIOR_CITIZEN,Whitefield|RESIDENTIAL|4BHK_VILLA_HIGH_LOAD,1,5,20.0,20.0,0.0
MTR_000135_HASH,SP_000135_HASH,Indiranagar,East Circle,FDR_013_HASH,DT_0043_HASH,COMMERCIAL,SMALL_OFFICE,LT3_COMMERCIAL,361.16,381.36,379.03,-4.95,0.61,0.0,0.0,0.78,0.91,0.83,12,375.43,8.0,0,0.0,0,FAMILY,Indiranagar|COMMERCIAL|SMALL_OFFICE,1,3,33.3,66.7,-33.4
MTR_000136_HASH,SP_000136_HASH,KR Puram,East Circle,FDR_012_HASH,DT_0012_HASH,RESIDENTIAL,3BHK_FAMILY,LT2A_RESIDENTIAL,318.38,289.77,271.91,14.59,6.16,0.0,0.0,4.84,0.96,0.9,10,246.51,5.0,0,0.0,1,MIXED_USE,KR Puram|RESIDENTIAL|3BHK_FAMILY,1,7,71.4,57.1,14.3
MTR_000137_HASH,SP_000137_HASH,Yelahanka,North Circle,FDR_009_HASH,DT_0054_HASH,RESIDENTIAL,2BHK_SMALL_FAMILY,LT2A_RESIDENTIAL,151.19,156.23,155.9,-3.11,0.21,0.0,0.0,3.04,0.96,0.89,11,154.07,3.0,1,0.0,0,WORKING_COUPLE,Yelahanka|RESIDENTIAL|2BHK_SMALL_FAMILY,1,8,62.5,75.0,-12.5
MTR_000138_HASH,SP_000138_HASH,Peenya,North Circle,FDR_006_HASH,DT_0051_HASH,RESIDENTIAL,3BHK_FAMILY,LT2A_RESIDENTIAL,368.71,391.36,392.19,-6.37,-0.21,0.0,0.03,2.74,0.96,0.89,6,382.74,3.0,0,0.0,0,MIXED_USE,Peenya|RESIDENTIAL|3BHK_FAMILY,1,3,66.7,66.7,0.0
MTR_000139_HASH,SP_000139_HASH,KR Puram,East Circle,FDR_012_HASH,DT_0102_HASH,RESIDENTIAL,1BHK_SINGLE_OR_COUPLE,LT2A_RESIDENTIAL,90.93,92.16,91.82,-0.98,0.37,0.0,0.1,4.23,0.96,0.9,17,91.49,2.0,1,0.0,0,WORKING_COUPLE,KR Puram|RESIDENTIAL|1BHK_SINGLE_OR_COUPLE,1,6,66.7,66.7,0.0
MTR_000140_HASH,SP_000140_HASH,Whitefield,East Circle,FDR_005_HASH,DT_0050_HASH,RESIDENTIAL,2BHK_SMALL_FAMILY,LT2A_RESIDENTIAL,143.22,144.83,144.47,-0.87,0.24,0.0,0.0,3.12,0.96,0.89,10,144.16,3.0,1,0.0,0,FAMILY,Whitefield|RESIDENTIAL|2BHK_SMALL_FAMILY,1,10,40.0,40.0,0.0
MTR_000141_HASH,SP_000141_HASH,Jayanagar,South Circle,FDR_003_HASH,DT_0048_HASH,COMMERCIAL,SALON,LT3_COMMERCIAL,394.51,340.04,275.08,30.27,19.11,0.0,0.0,1.29,0.91,0.84,5,408.33,5.0,0,0.0,0,FAMILY,Jayanagar|COMMERCIAL,2,7,28.6,42.9,-14.3
MTR_000142_HASH,SP_000142_HASH,KR Puram,East Circle,FDR_012_HASH,DT_0072_HASH,RESIDENTIAL,2BHK_SMALL_FAMILY,LT2A_RESIDENTIAL,209.17,211.19,209.92,-0.36,0.6,0.0,0.0,3.13,0.96,0.88,8,210.0,3.0,1,0.0,0,FAMILY,KR Puram|RESIDENTIAL|2BHK_SMALL_FAMILY,1,10,100.0,100.0,0.0
MTR_000143_HASH,SP_000143_HASH,Whitefield,East Circle,FDR_005_HASH,DT_0080_HASH,RESIDENTIAL,1BHK_SINGLE_OR_COUPLE,LT2A_RESIDENTIAL,9.89,10.02,10.03,-1.44,-0.11,0.0,0.14,4.22,0.96,0.88,96,9.92,3.0,1,0.0,0,VACANT,Whitefield|RESIDENTIAL|1BHK_SINGLE_OR_COUPLE,1,4,50.0,50.0,0.0
MTR_000144_HASH,SP_000144_HASH,KR Puram,East Circle,FDR_012_HASH,DT_0117_HASH,RESIDENTIAL,1BHK_SINGLE_OR_COUPLE,LT2A_RESIDENTIAL,75.21,75.95,76.07,-1.14,-0.16,0.0,0.0,4.22,0.96,0.89,19,75.67,1.0,1,0.0,0,SENIOR_CITIZEN,KR Puram|RESIDENTIAL|1BHK_SINGLE_OR_COUPLE,1,6,50.0,50.0,0.0
MTR_000145_HASH,SP_000145_HASH,Jayanagar,South Circle,FDR_015_HASH,DT_0120_HASH,RESIDENTIAL,2BHK_SMALL_FAMILY,LT2A_RESIDENTIAL,194.85,202.97,201.72,-3.53,0.61,0.0,0.07,3.04,0.96,0.9,10,199.54,3.0,0,0.0,0,SENIOR_CITIZEN,Jayanagar|RESIDENTIAL|2BHK_SMALL_FAMILY,1,3,66.7,66.7,0.0
MTR_000146_HASH,SP_000146_HASH,Jayanagar,South Circle,FDR_015_HASH,DT_0120_HASH,COMMERCIAL,SALON,LT3_COMMERCIAL,731.28,744.57,770.83,-5.41,-3.53,0.0,0.07,0.98,0.91,0.84,8,752.62,12.0,0,0.0,0,FAMILY,Jayanagar|COMMERCIAL,2,7,100.0,100.0,0.0
MTR_000147_HASH,SP_000147_HASH,Domlur,East Circle,FDR_002_HASH,DT_0032_HASH,COMMERCIAL,CLINIC,LT3_COMMERCIAL,252.61,214.12,170.31,32.58,20.46,0.0,0.0,0.95,0.91,0.83,8,261.28,2.0,0,0.0,0,VACANT,Domlur|COMMERCIAL,2,20,25.0,15.0,10.0
MTR_000148_HASH,SP_000148_HASH,Whitefield,East Circle,FDR_005_HASH,DT_0035_HASH,APARTMENT_COMMON_AREA,APARTMENT_COMMON_PUMP_LIFT,APARTMENT_COMMON,1205.94,1212.47,1204.34,0.13,0.67,0.0,0.03,3.13,0.91,0.84,4,1209.15,30.0,0,0.0,0,FAMILY,Whitefield|APARTMENT_COMMON_AREA|APARTMENT_COMMON_PUMP_LIFT,1,5,80.0,80.0,0.0
MTR_000149_HASH,SP_000149_HASH,Peenya,North Circle,FDR_006_HASH,DT_0021_HASH,SMALL_INDUSTRY,COLD_STORAGE,LT5_SMALL_INDUSTRY,3682.39,3914.67,4066.62,-10.43,-3.88,0.0,0.03,1.87,0.86,0.79,4,3902.83,40.0,0,0.0,0,FAMILY,Peenya|SMALL_INDUSTRY,2,10,100.0,100.0,0.0
MTR_000150_HASH,SP_000150_HASH,KR Puram,East Circle,FDR_012_HASH,DT_0042_HASH,RESIDENTIAL,3BHK_FAMILY,LT2A_RESIDENTIAL,45.44,47.52,47.42,-4.35,0.22,0.0,0.0,250.68,0.96,0.89,43,55.77,3.0,0,2.0,0,VACANT,KR Puram|RESIDENTIAL|3BHK_FAMILY,1,7,14.3,28.6,-14.3
MTR_000151_HASH,SP_000151_HASH,Indiranagar,East Circle,FDR_013_HASH,DT_0073_HASH,PUBLIC_LIGHTING,STREET_LIGHTING_FEED,PUBLIC_LIGHTING,281.28,279.65,279.79,0.53,-0.05,0.0,0.0,47.42,0.86,0.79,49,280.35,3.0,0,0.0,0,SENIOR_CITIZEN,East Circle|PUBLIC_LIGHTING,3,3,33.3,66.7,-33.4
MTR_000152_HASH,SP_000152_HASH,Whitefield,East Circle,FDR_005_HASH,DT_0020_HASH,RESIDENTIAL,PG_OR_HOSTEL,LT2A_RESIDENTIAL,231.65,235.53,235.64,-1.72,-0.05,0.0,0.0,2.72,0.96,0.89,6,233.98,5.0,0,0.0,0,MIXED_USE,Whitefield|RESIDENTIAL|PG_OR_HOSTEL,1,3,33.3,66.7,-33.4
MTR_000153_HASH,SP_000153_HASH,Whitefield,East Circle,FDR_005_HASH,DT_0020_HASH,COMMERCIAL,KIRANA_RETAIL_SHOP,LT3_COMMERCIAL,147.94,155.34,153.57,-3.8,1.14,0.0,0.0,1.17,0.91,0.83,36,153.36,2.0,0,0.0,0,WORKING_COUPLE,Whitefield|COMMERCIAL|KIRANA_RETAIL_SHOP,1,3,33.3,66.7,-33.4
MTR_000154_HASH,SP_000154_HASH,Rajajinagar,West Circle,FDR_011_HASH,DT_0071_HASH,RESIDENTIAL,2BHK_SMALL_FAMILY,LT2A_RESIDENTIAL,162.3,169.0,167.23,-3.04,1.05,0.0,0.1,3.04,0.96,0.89,13,166.18,3.0,0,0.0,0,WORKING_COUPLE,Rajajinagar|RESIDENTIAL|2BHK_SMALL_FAMILY,1,7,85.7,85.7,0.0
MTR_000155_HASH,SP_000155_HASH,Electronic City,South Circle,FDR_007_HASH,DT_0082_HASH,RESIDENTIAL,3BHK_FAMILY,LT2A_RESIDENTIAL,221.97,230.57,230.32,-3.76,0.11,0.0,0.0,2.82,0.96,0.89,7,227.1,5.0,1,0.0,0,SENIOR_CITIZEN,Electronic City|RESIDENTIAL|3BHK_FAMILY,1,3,33.3,66.7,-33.4
MTR_000156_HASH,SP_000156_HASH,Whitefield,East Circle,FDR_005_HASH,DT_0035_HASH,RESIDENTIAL,2BHK_SMALL_FAMILY,LT2A_RESIDENTIAL,170.69,176.81,175.29,-2.69,0.86,0.0,0.03,3.04,0.96,0.89,12,173.92,3.0,0,0.0,0,FAMILY,Whitefield|RESIDENTIAL|2BHK_SMALL_FAMILY,1,10,60.0,60.0,0.0
MTR_000157_HASH,SP_000157_HASH,Domlur,East Circle,FDR_002_HASH,DT_0047_HASH,RESIDENTIAL,4BHK_VILLA_HIGH_LOAD,LT2A_RESIDENTIAL,295.93,319.67,317.52,-7.29,0.67,0.0,0.0,19.82,0.96,0.89,36,360.63,6.0,0,3.0,0,FAMILY,Domlur|RESIDENTIAL,2,11,63.6,63.6,0.0
MTR_000158_HASH,SP_000158_HASH,Electronic City,South Circle,FDR_007_HASH,DT_0022_HASH,RESIDENTIAL,1BHK_SINGLE_OR_COUPLE,LT2A_RESIDENTIAL,12.57,12.78,12.72,-1.17,0.48,0.0,0.0,4.21,0.96,0.89,84,12.68,1.0,0,0.0,0,VACANT,Electronic City|RESIDENTIAL|1BHK_SINGLE_OR_COUPLE,1,4,25.0,25.0,0.0
MTR_000159_HASH,SP_000159_HASH,Banashankari,South Circle,FDR_010_HASH,DT_0055_HASH,RESIDENTIAL,2BHK_SMALL_FAMILY,LT2A_RESIDENTIAL,256.69,266.16,264.37,-2.99,0.67,0.0,0.0,3.05,0.96,0.89,7,261.9,3.0,1,0.0,0,MIXED_USE,Banashankari|RESIDENTIAL|2BHK_SMALL_FAMILY,1,8,100.0,100.0,0.0
MTR_000160_HASH,SP_000160_HASH,Indiranagar,East Circle,FDR_001_HASH,DT_0031_HASH,COMMERCIAL,CLINIC,LT3_COMMERCIAL,509.73,529.06,545.17,-6.95,-3.05,0.0,0.0,0.97,0.91,0.85,13,530.47,5.0,0,0.0,0,FAMILY,Indiranagar|COMMERCIAL,2,12,50.0,58.3,-8.3
MTR_000161_HASH,SP_000161_HASH,Electronic City,South Circle,FDR_007_HASH,DT_0037_HASH,COMMERCIAL,SMALL_OFFICE,LT3_COMMERCIAL,391.82,421.4,418.55,-6.82,0.68,0.0,0.07,0.78,0.91,0.83,10,413.1,8.0,0,0.0,0,WORKING_COUPLE,Electronic City|COMMERCIAL|SMALL_OFFICE,1,3,66.7,66.7,0.0
MTR_000162_HASH,SP_000162_HASH,Koramangala,South Circle,FDR_004_HASH,DT_0019_HASH,RESIDENTIAL,1BHK_SINGLE_OR_COUPLE,LT2A_RESIDENTIAL,96.81,84.99,78.0,19.43,8.23,0.0,0.0,3.3,0.96,0.89,12,9.44,3.0,1,0.0,0,VACANT,Koramangala|RESIDENTIAL,2,12,8.3,16.7,-8.4
MTR_000163_HASH,SP_000163_HASH,Banashankari,South Circle,FDR_010_HASH,DT_0070_HASH,COMMERCIAL,SMALL_OFFICE,LT3_COMMERCIAL,474.23,489.54,506.64,-6.83,-3.49,0.0,0.0,0.58,0.91,0.83,8,492.02,5.0,0,0.0,0,FAMILY,Banashankari|COMMERCIAL,2,4,75.0,75.0,0.0
MTR_000164_HASH,SP_000164_HASH,Electronic City,South Circle,FDR_007_HASH,DT_0022_HASH,RESIDENTIAL,1BHK_SINGLE_OR_COUPLE,LT2A_RESIDENTIAL,123.52,124.68,123.91,-0.32,0.62,0.0,0.0,4.22,0.96,0.89,14,123.97,1.0,1,0.0,0,WORKING_COUPLE,Electronic City|RESIDENTIAL|1BHK_SINGLE_OR_COUPLE,1,4,100.0,100.0,0.0
MTR_000165_HASH,SP_000165_HASH,Whitefield,East Circle,FDR_005_HASH,DT_0020_HASH,APARTMENT_COMMON_AREA,GATED_COMMUNITY_COMMON_AREA,APARTMENT_COMMON,575.33,574.49,574.1,0.21,0.07,0.0,0.0,3.13,0.91,0.84,5,575.17,10.0,0,0.0,0,FAMILY,Whitefield|APARTMENT_COMMON_AREA,2,6,33.3,33.3,0.0
MTR_000166_HASH,SP_000166_HASH,Whitefield,East Circle,FDR_005_HASH,DT_0020_HASH,COMMERCIAL,SUPERMARKET_MINI_MART,LT3_COMMERCIAL,1425.73,1523.82,1514.68,-6.24,0.6,0.0,0.0,1.47,0.91,0.84,5,1495.93,15.0,0,0.0,0,FAMILY,Whitefield|COMMERCIAL,2,7,100.0,100.0,0.0
MTR_000167_HASH,SP_000167_HASH,Banashankari,South Circle,FDR_010_HASH,DT_0085_HASH,RESIDENTIAL,3BHK_FAMILY,LT2A_RESIDENTIAL,371.82,289.49,276.59,25.61,4.46,0.0,0.0,3.3,0.96,0.89,4,384.15,6.0,0,0.0,0,FAMILY,Banashankari|RESIDENTIAL|3BHK_FAMILY,1,4,75.0,50.0,25.0
MTR_000168_HASH,SP_000168_HASH,Hebbal,North Circle,FDR_008_HASH,DT_0113_HASH,RESIDENTIAL,1BHK_SINGLE_OR_COUPLE,LT2A_RESIDENTIAL,103.04,79.23,56.42,45.24,28.79,0.0,0.05,4.22,0.96,0.89,23,103.54,3.0,1,0.0,0,WORKING_COUPLE,Hebbal|RESIDENTIAL|1BHK_SINGLE_OR_COUPLE,1,7,71.4,42.9,28.5
MTR_000169_HASH,SP_000169_HASH,KR Puram,East Circle,FDR_012_HASH,DT_0042_HASH,RESIDENTIAL,2BHK_SMALL_FAMILY,LT2A_RESIDENTIAL,157.2,163.01,162.83,-3.58,0.11,0.0,0.0,3.04,0.96,0.88,11,160.52,5.0,1,0.0,0,FAMILY,KR Puram|RESIDENTIAL|2BHK_SMALL_FAMILY,1,10,60.0,60.0,0.0
MTR_000170_HASH,SP_000170_HASH,Hebbal,North Circle,FDR_008_HASH,DT_0098_HASH,RESIDENTIAL,3BHK_FAMILY,LT2A_RESIDENTIAL,30.64,31.94,31.75,-3.6,0.6,0.0,0.05,141289.53,0.96,0.89,44,37.6,3.0,0,2.0,0,VACANT,Hebbal|RESIDENTIAL|3BHK_FAMILY,1,6,16.7,16.7,0.0
MTR_000171_HASH,SP_000171_HASH,Rajajinagar,West Circle,FDR_011_HASH,DT_0101_HASH,RESIDENTIAL,3BHK_FAMILY,LT2A_RESIDENTIAL,338.55,358.04,356.15,-5.2,0.53,0.0,0.1,2.74,0.96,0.88,8,349.95,5.0,0,0.0,0,FAMILY,Rajajinagar|RESIDENTIAL|3BHK_FAMILY,1,3,66.7,66.7,0.0
MTR_000172_HASH,SP_000172_HASH,Rajajinagar,West Circle,FDR_011_HASH,DT_0086_HASH,RESIDENTIAL,1BHK_SINGLE_OR_COUPLE,LT2A_RESIDENTIAL,39.68,40.3,40.08,-0.99,0.55,0.0,0.1,4.21,0.96,0.89,30,40.07,1.0,1,0.0,0,MIXED_USE,Rajajinagar|RESIDENTIAL|1BHK_SINGLE_OR_COUPLE,1,6,50.0,50.0,0.0
MTR_000173_HASH,SP_000173_HASH,Indiranagar,East Circle,FDR_013_HASH,DT_0103_HASH,RESIDENTIAL,3BHK_FAMILY,LT2A_RESIDENTIAL,254.73,119.2,83.44,67.24,30.0,0.0,0.0,2.73,0.96,0.9,18,263.12,3.0,1,0.0,0,FAMILY,Indiranagar|RESIDENTIAL|3BHK_FAMILY,1,7,57.1,28.6,28.5
MTR_000174_HASH,SP_000174_HASH,Peenya,North Circle,FDR_006_HASH,DT_0066_HASH,SMALL_INDUSTRY,COLD_STORAGE,LT5_SMALL_INDUSTRY,3399.81,3689.13,3758.68,-10.56,-1.89,0.0,0.03,1.86,0.86,0.79,4,3609.12,25.0,0,0.0,0,FAMILY,Peenya|SMALL_INDUSTRY,2,10,90.0,90.0,0.0
MTR_000175_HASH,SP_000175_HASH,KR Puram,East Circle,FDR_012_HASH,DT_0102_HASH,RESIDENTIAL,1BHK_SINGLE_OR_COUPLE,LT2A_RESIDENTIAL,99.45,100.23,99.72,-0.28,0.5,0.0,0.1,4.23,0.96,0.89,17,99.75,2.0,1,0.0,0,VACANT,KR Puram|RESIDENTIAL|1BHK_SINGLE_OR_COUPLE,1,6,100.0,83.3,16.7
MTR_000176_HASH,SP_000176_HASH,Yelahanka,North Circle,FDR_009_HASH,DT_0069_HASH,SMALL_INDUSTRY,WELDING_WORKSHOP,LT5_SMALL_INDUSTRY,1207.89,1177.08,1217.51,-0.8,-3.43,0.0,0.0,0.78,0.82,0.62,4,1212.85,15.0,0,0.0,0,FAMILY,Yelahanka|SMALL_INDUSTRY|WELDING_WORKSHOP,1,3,33.3,66.7,-33.4
MTR_000177_HASH,SP_000177_HASH,Hebbal,North Circle,FDR_008_HASH,DT_0023_HASH,APARTMENT_COMMON_AREA,APARTMENT_COMMON_PUMP_LIFT,APARTMENT_COMMON,453.13,454.92,453.43,-0.07,0.33,0.0,0.05,3.13,0.91,0.84,6,454.83,10.0,0,0.0,0,FAMILY,Hebbal|APARTMENT_COMMON_AREA,2,3,33.3,33.3,0.0
MTR_000178_HASH,SP_000178_HASH,Peenya,North Circle,FDR_006_HASH,DT_0096_HASH,RESIDENTIAL,3BHK_FAMILY,LT2A_RESIDENTIAL,450.61,487.09,485.69,-7.79,0.29,0.0,0.03,2.69,0.96,0.89,6,472.45,5.0,0,0.0,0,FAMILY,Peenya|RESIDENTIAL|3BHK_FAMILY,1,3,100.0,100.0,0.0
MTR_000179_HASH,SP_000179_HASH,Yelahanka,North Circle,FDR_009_HASH,DT_0024_HASH,RESIDENTIAL,3BHK_FAMILY,LT2A_RESIDENTIAL,376.36,389.26,388.52,-3.23,0.19,0.0,0.0,6.52,0.96,0.89,9,258.33,5.0,0,0.0,1,FAMILY,Yelahanka|RESIDENTIAL|3BHK_FAMILY,1,4,100.0,100.0,0.0
MTR_000180_HASH,SP_000180_HASH,Electronic City,South Circle,FDR_007_HASH,DT_0112_HASH,SMALL_INDUSTRY,WELDING_WORKSHOP,LT5_SMALL_INDUSTRY,1230.34,1254.76,1257.38,-2.2,-0.21,0.0,0.14,0.76,0.86,0.79,16,1257.03,10.0,0,0.0,0,SENIOR_CITIZEN,Electronic City|SMALL_INDUSTRY,2,6,16.7,16.7,0.0
MTR_000181_HASH,SP_000181_HASH,Peenya,North Circle,FDR_006_HASH,DT_0081_HASH,RESIDENTIAL,2BHK_SMALL_FAMILY,LT2A_RESIDENTIAL,78.1,79.04,78.88,-1.0,0.21,0.0,0.03,3.13,0.96,0.89,19,78.62,5.0,1,0.0,0,MIXED_USE,Peenya|RESIDENTIAL|2BHK_SMALL_FAMILY,1,4,50.0,50.0,0.0
MTR_000182_HASH,SP_000182_HASH,Yelahanka,North Circle,FDR_009_HASH,DT_0069_HASH,RESIDENTIAL,3BHK_FAMILY,LT2A_RESIDENTIAL,27.28,27.86,27.75,-1.74,0.37,0.0,0.0,0.0,0.96,0.88,44,32.87,5.0,0,5.0,0,VACANT,Yelahanka|RESIDENTIAL|3BHK_FAMILY,1,4,25.0,25.0,0.0
MTR_000183_HASH,SP_000183_HASH,Electronic City,South Circle,FDR_007_HASH,DT_0082_HASH,RESIDENTIAL,2BHK_SMALL_FAMILY,LT2A_RESIDENTIAL,86.89,90.21,89.79,-3.33,0.47,0.0,0.0,3.04,0.96,0.9,18,88.75,3.0,1,0.0,0,FAMILY,Electronic City|RESIDENTIAL|2BHK_SMALL_FAMILY,1,7,28.6,57.1,-28.5
MTR_000184_HASH,SP_000184_HASH,Domlur,East Circle,FDR_002_HASH,DT_0092_HASH,COMMERCIAL,SUPERMARKET_MINI_MART,LT3_COMMERCIAL,1209.42,1238.7,1279.14,-5.76,-3.26,0.0,0.14,1.2,0.91,0.84,16,1251.21,12.0,0,0.0,0,WORKING_COUPLE,Domlur|COMMERCIAL,2,20,100.0,100.0,0.0
MTR_000185_HASH,SP_000185_HASH,Jayanagar,South Circle,FDR_003_HASH,DT_0108_HASH,RESIDENTIAL,2BHK_SMALL_FAMILY,LT2A_RESIDENTIAL,271.95,281.59,279.61,-2.82,0.7,0.0,0.0,3.05,0.96,0.88,10,277.12,2.0,1,0.0,0,FAMILY,Jayanagar|RESIDENTIAL|2BHK_SMALL_FAMILY,1,3,100.0,100.0,0.0
MTR_000186_HASH,SP_000186_HASH,Domlur,East Circle,FDR_014_HASH,DT_0044_HASH,COMMERCIAL,KIRANA_RETAIL_SHOP,LT3_COMMERCIAL,330.89,346.0,343.91,-3.94,0.6,0.0,0.07,1.16,0.91,0.83,18,342.3,5.0,0,0.0,0,FAMILY,Domlur|COMMERCIAL|KIRANA_RETAIL_SHOP,1,7,71.4,85.7,-14.3
MTR_000187_HASH,SP_000187_HASH,Rajajinagar,West Circle,FDR_011_HASH,DT_0041_HASH,RESIDENTIAL,2BHK_SMALL_FAMILY,LT2A_RESIDENTIAL,1.19,1.21,1.2,-1.17,0.8,0.0,0.1,3.11,0.96,0.9,9203,3.72,2.0,1,0.0,0,VACANT,Rajajinagar|RESIDENTIAL|2BHK_SMALL_FAMILY,1,7,14.3,14.3,0.0
MTR_000188_HASH,SP_000188_HASH,Whitefield,East Circle,FDR_005_HASH,DT_0020_HASH,APARTMENT_COMMON_AREA,APARTMENT_COMMON_PUMP_LIFT,APARTMENT_COMMON,1050.03,1053.68,1048.29,0.17,0.51,0.0,0.0,3.13,0.91,0.83,3,1052.5,25.0,0,0.0,0,WORKING_COUPLE,Whitefield|APARTMENT_COMMON_AREA|APARTMENT_COMMON_PUMP_LIFT,1,5,60.0,60.0,0.0
MTR_000189_HASH,SP_000189_HASH,Yelahanka,North Circle,FDR_009_HASH,DT_0039_HASH,RESIDENTIAL,1BHK_SINGLE_OR_COUPLE,LT2A_RESIDENTIAL,148.96,150.03,149.74,-0.52,0.19,0.0,0.0,4.22,0.96,0.9,9,149.37,1.0,0,0.0,0,FAMILY,Yelahanka|RESIDENTIAL,2,21,38.1,42.9,-4.8
MTR_000190_HASH,SP_000190_HASH,Koramangala,South Circle,FDR_004_HASH,DT_0019_HASH,COMMERCIAL,RESTAURANT_CAFE,LT3_COMMERCIAL,940.91,1007.5,1015.86,-7.97,-0.83,0.0,0.0,1.71,0.91,0.84,5,993.26,15.0,0,0.0,0,MIXED_USE,Koramangala|COMMERCIAL|RESTAURANT_CAFE,1,4,75.0,75.0,0.0
MTR_000191_HASH,SP_000191_HASH,Rajajinagar,West Circle,FDR_011_HASH,DT_0101_HASH,RESIDENTIAL,4BHK_VILLA_HIGH_LOAD,LT2A_RESIDENTIAL,573.16,633.46,627.96,-9.56,0.87,0.0,0.1,2.38,0.96,0.89,8,608.71,6.0,0,0.0,0,FAMILY,Rajajinagar|RESIDENTIAL,2,18,100.0,100.0,0.0
MTR_000192_HASH,SP_000192_HASH,Hebbal,North Circle,FDR_008_HASH,DT_0008_HASH,RESIDENTIAL,2BHK_SMALL_FAMILY,LT2A_RESIDENTIAL,51.51,53.46,52.95,-2.8,0.95,0.0,0.05,3.04,0.96,0.89,22,116.84,3.0,1,0.0,0,FAMILY,Hebbal|RESIDENTIAL|2BHK_SMALL_FAMILY,1,7,14.3,28.6,-14.3
MTR_000193_HASH,SP_000193_HASH,Rajajinagar,West Circle,FDR_011_HASH,DT_0101_HASH,SMALL_INDUSTRY,GARMENT_UNIT,LT5_SMALL_INDUSTRY,1382.2,1402.87,1422.44,-2.91,-1.39,0.0,0.1,0.66,0.86,0.79,8,1405.78,15.0,0,0.0,0,VACANT,Rajajinagar|SMALL_INDUSTRY,2,3,100.0,100.0,0.0
MTR_000194_HASH,SP_000194_HASH,Electronic City,South Circle,FDR_007_HASH,DT_0082_HASH,RESIDENTIAL,3BHK_FAMILY,LT2A_RESIDENTIAL,321.24,339.08,340.76,-6.08,-0.5,0.0,0.0,2.76,0.96,0.89,36,333.96,5.0,0,0.0,0,FAMILY,Electronic City|RESIDENTIAL|3BHK_FAMILY,1,3,100.0,100.0,0.0
MTR_000195_HASH,SP_000195_HASH,Yelahanka,North Circle,FDR_009_HASH,DT_0099_HASH,RESIDENTIAL,3BHK_FAMILY,LT2A_RESIDENTIAL,282.9,302.07,301.47,-6.56,0.2,0.0,0.0,2.76,0.96,0.89,6,294.26,5.0,0,0.0,0,SENIOR_CITIZEN,Yelahanka|RESIDENTIAL|3BHK_FAMILY,1,4,50.0,50.0,0.0
MTR_000196_HASH,SP_000196_HASH,Electronic City,South Circle,FDR_007_HASH,DT_0112_HASH,COMMERCIAL,RESTAURANT_CAFE,LT3_COMMERCIAL,922.69,987.91,1002.63,-8.66,-1.49,0.0,0.14,1.71,0.91,0.84,16,977.14,8.0,0,0.0,0,FAMILY,Electronic City|COMMERCIAL,2,6,100.0,100.0,0.0
MTR_000197_HASH,SP_000197_HASH,Banashankari,South Circle,FDR_010_HASH,DT_0025_HASH,RESIDENTIAL,2BHK_SMALL_FAMILY,LT2A_RESIDENTIAL,195.79,196.91,196.2,-0.21,0.36,0.0,0.0,3.12,0.96,0.89,7,196.26,3.0,1,0.0,0,SENIOR_CITIZEN,Banashankari|RESIDENTIAL|2BHK_SMALL_FAMILY,1,8,87.5,87.5,0.0
MTR_000198_HASH,SP_000198_HASH,Hebbal,North Circle,FDR_008_HASH,DT_0068_HASH,RESIDENTIAL,2BHK_SMALL_FAMILY,LT2A_RESIDENTIAL,87.55,90.8,89.45,-2.17,1.48,0.0,0.05,3.07,0.96,0.89,24,89.44,3.0,1,0.0,0,WORKING_COUPLE,Hebbal|RESIDENTIAL|2BHK_SMALL_FAMILY,1,7,28.6,57.1,-28.5
MTR_000199_HASH,SP_000199_HASH,KR Puram,East Circle,FDR_012_HASH,DT_0117_HASH,RESIDENTIAL,2BHK_SMALL_FAMILY,LT2A_RESIDENTIAL,160.46,161.55,164.65,-2.61,-1.92,0.0,0.0,30.12,0.96,0.89,36,183.62,3.0,0,1.0,0,FAMILY,KR Puram|RESIDENTIAL|2BHK_SMALL_FAMILY,1,10,70.0,70.0,0.0
MTR_000200_HASH,SP_000200_HASH,Indiranagar,East Circle,FDR_001_HASH,DT_0091_HASH,COMMERCIAL,KIRANA_RETAIL_SHOP,LT3_COMMERCIAL,577.26,621.85,631.65,-9.42,-1.58,0.0,0.0,1.16,0.91,0.84,8,612.85,5.0,0,0.0,0,WORKING_COUPLE,Indiranagar|COMMERCIAL,2,12,75.0,75.0,0.0
MTR_000201_HASH,SP_000201_HASH,Jayanagar,South Circle,FDR_003_HASH,DT_0048_HASH,RESIDENTIAL,3BHK_FAMILY,LT2A_RESIDENTIAL,361.97,385.85,385.38,-6.47,0.12,0.0,0.0,2.75,0.96,0.89,5,376.03,5.0,0,0.0,0,FAMILY,Jayanagar|RESIDENTIAL|3BHK_FAMILY,1,6,83.3,83.3,0.0
MTR_000202_HASH,SP_000202_HASH,Hebbal,North Circle,FDR_008_HASH,DT_0053_HASH,COMMERCIAL,RESTAURANT_CAFE,LT3_COMMERCIAL,554.91,578.84,572.43,-3.16,1.11,0.0,0.12,1.71,0.91,0.84,8,572.73,5.0,0,0.0,0,FAMILY,Hebbal|COMMERCIAL,2,4,75.0,75.0,0.0
MTR_000203_HASH,SP_000203_HASH,Electronic City,South Circle,FDR_007_HASH,DT_0082_HASH,SMALL_INDUSTRY,SMALL_PACKAGING_UNIT,LT5_SMALL_INDUSTRY,2134.57,2104.4,2170.83,-1.7,-3.16,0.0,0.0,0.8,0.86,0.79,3,2153.74,20.0,0,0.0,0,WORKING_COUPLE,Electronic City|SMALL_INDUSTRY,2,6,66.7,66.7,0.0
MTR_000204_HASH,SP_000204_HASH,Electronic City,South Circle,FDR_007_HASH,DT_0097_HASH,SMALL_INDUSTRY,GARMENT_UNIT,LT5_SMALL_INDUSTRY,3379.86,3345.12,3465.46,-2.53,-3.6,0.0,0.0,0.66,0.86,0.78,3,3427.43,30.0,0,0.0,0,WORKING_COUPLE,Electronic City|SMALL_INDUSTRY,2,6,100.0,100.0,0.0
MTR_000205_HASH,SP_000205_HASH,Koramangala,South Circle,FDR_004_HASH,DT_0019_HASH,COMMERCIAL,SUPERMARKET_MINI_MART,LT3_COMMERCIAL,1441.53,1499.91,1549.32,-7.48,-3.29,0.0,0.0,1.47,0.91,0.84,4,1502.61,20.0,0,0.0,0,FAMILY,Koramangala|COMMERCIAL,2,12,100.0,100.0,0.0
MTR_000206_HASH,SP_000206_HASH,Electronic City,South Circle,FDR_007_HASH,DT_0067_HASH,SMALL_INDUSTRY,COLD_STORAGE,LT5_SMALL_INDUSTRY,2577.22,2737.35,2827.1,-9.7,-3.28,0.0,0.0,1.87,0.86,0.79,3,2724.92,20.0,0,0.0,0,WORKING_COUPLE,Electronic City|SMALL_INDUSTRY,2,6,83.3,83.3,0.0
MTR_000207_HASH,SP_000207_HASH,Peenya,North Circle,FDR_006_HASH,DT_0081_HASH,SMALL_INDUSTRY,GARMENT_UNIT,LT5_SMALL_INDUSTRY,2668.0,2639.7,2723.85,-2.09,-3.19,0.0,0.03,0.66,0.83,0.67,4,2698.58,30.0,0,0.0,0,MIXED_USE,Peenya|SMALL_INDUSTRY,2,10,70.0,70.0,0.0
MTR_000208_HASH,SP_000208_HASH,Indiranagar,East Circle,FDR_013_HASH,DT_0088_HASH,RESIDENTIAL,3BHK_FAMILY,LT2A_RESIDENTIAL,372.06,395.79,393.94,-5.88,0.47,0.0,0.0,2.76,0.96,0.9,5,385.4,5.0,1,0.0,0,MIXED_USE,Indiranagar|RESIDENTIAL|3BHK_FAMILY,1,7,100.0,100.0,0.0
MTR_000209_HASH,SP_000209_HASH,Indiranagar,East Circle,FDR_013_HASH,DT_0118_HASH,COMMERCIAL,RESTAURANT_CAFE,LT3_COMMERCIAL,1053.37,1069.8,1105.85,-4.98,-3.37,0.0,0.0,1.41,0.91,0.83,24,1086.37,15.0,0,0.0,0,FAMILY,Indiranagar|COMMERCIAL|RESTAURANT_CAFE,1,3,100.0,100.0,0.0
MTR_000210_HASH,SP_000210_HASH,Yelahanka,North Circle,FDR_009_HASH,DT_0054_HASH,RESIDENTIAL,2BHK_SMALL_FAMILY,LT2A_RESIDENTIAL,1.34,1.38,1.37,-2.69,0.47,0.0,0.0,0.0,0.96,0.89,192,13.34,3.0,1,1.0,0,VACANT,Yelahanka|RESIDENTIAL|2BHK_SMALL_FAMILY,1,8,12.5,12.5,0.0
MTR_000211_HASH,SP_000211_HASH,Indiranagar,East Circle,FDR_013_HASH,DT_0013_HASH,COMMERCIAL,RESTAURANT_CAFE,LT3_COMMERCIAL,561.85,574.16,595.3,-5.95,-3.68,0.0,0.0,1.41,0.91,0.83,7,579.27,8.0,0,0.0,0,FAMILY,Indiranagar|COMMERCIAL|RESTAURANT_CAFE,1,3,33.3,33.3,0.0
MTR_000212_HASH,SP_000212_HASH,Banashankari,South Circle,FDR_010_HASH,DT_0010_HASH,COMMERCIAL,BAKERY,LT3_COMMERCIAL,450.65,462.83,477.73,-6.01,-3.22,0.0,0.0,1.28,0.91,0.84,9,466.13,3.0,0,0.0,0,FAMILY,Banashankari|COMMERCIAL,2,4,50.0,50.0,0.0
MTR_000213_HASH,SP_000213_HASH,Indiranagar,East Circle,FDR_013_HASH,DT_0043_HASH,RESIDENTIAL,3BHK_FAMILY,LT2A_RESIDENTIAL,40.99,43.66,43.63,-6.44,0.07,0.0,0.0,2.76,0.96,0.9,23,42.55,5.0,1,0.0,0,VACANT,Indiranagar|RESIDENTIAL|3BHK_FAMILY,1,7,14.3,14.3,0.0
MTR_000214_HASH,SP_000214_HASH,Domlur,East Circle,FDR_002_HASH,DT_0077_HASH,RESIDENTIAL,2BHK_SMALL_FAMILY,LT2A_RESIDENTIAL,237.94,246.94,246.77,-3.71,0.07,0.0,0.1,3.05,0.96,0.89,8,243.24,2.0,1,0.0,0,MIXED_USE,Domlur|RESIDENTIAL,2,11,45.5,54.5,-9.0
MTR_000215_HASH,SP_000215_HASH,Rajajinagar,West Circle,FDR_011_HASH,DT_0056_HASH,COMMERCIAL,SALON,LT3_COMMERCIAL,665.38,713.3,723.19,-8.69,-1.39,0.0,0.1,1.22,0.91,0.84,8,704.18,5.0,0,0.0,0,FAMILY,Rajajinagar|COMMERCIAL,2,8,87.5,87.5,0.0
MTR_000216_HASH,SP_000216_HASH,Hebbal,North Circle,FDR_008_HASH,DT_0008_HASH,RESIDENTIAL,1BHK_SINGLE_OR_COUPLE,LT2A_RESIDENTIAL,97.71,95.26,97.88,-0.17,-2.75,0.0,0.05,4.16,0.96,0.89,32,98.26,2.0,1,0.0,0,FAMILY,Hebbal|RESIDENTIAL|1BHK_SINGLE_OR_COUPLE,1,7,57.1,71.4,-14.3
MTR_000217_HASH,SP_000217_HASH,Whitefield,East Circle,FDR_005_HASH,DT_0080_HASH,RESIDENTIAL,2BHK_SMALL_FAMILY,LT2A_RESIDENTIAL,48.44,48.45,48.53,-0.19,-0.18,0.0,0.14,3.13,0.96,0.88,22,48.57,2.0,1,0.0,0,WORKING_COUPLE,Whitefield|RESIDENTIAL|2BHK_SMALL_FAMILY,1,10,20.0,20.0,0.0
MTR_000218_HASH,SP_000218_HASH,Hebbal,North Circle,FDR_008_HASH,DT_0008_HASH,RESIDENTIAL,3BHK_FAMILY,LT2A_RESIDENTIAL,297.25,314.48,311.79,-4.89,0.86,0.0,0.05,2.75,0.96,0.9,7,307.11,3.0,0,0.0,0,FAMILY,Hebbal|RESIDENTIAL|3BHK_FAMILY,1,6,66.7,66.7,0.0
MTR_000219_HASH,SP_000219_HASH,Indiranagar,East Circle,FDR_013_HASH,DT_0073_HASH,RESIDENTIAL,3BHK_FAMILY,LT2A_RESIDENTIAL,226.88,235.95,235.19,-3.66,0.32,0.0,0.0,2.82,0.96,0.9,9,232.09,6.0,0,0.0,0,SENIOR_CITIZEN,Indiranagar|RESIDENTIAL|3BHK_FAMILY,1,7,42.9,42.9,0.0
MTR_000220_HASH,SP_000220_HASH,Domlur,East Circle,FDR_014_HASH,DT_0089_HASH,COMMERCIAL,BAKERY,LT3_COMMERCIAL,780.53,809.08,839.01,-7.49,-3.7,0.0,0.0,1.56,0.91,0.83,5,812.21,3.0,0,0.0,0,FAMILY,Domlur|COMMERCIAL,2,20,90.0,90.0,0.0
MTR_000221_HASH,SP_000221_HASH,Domlur,East Circle,FDR_002_HASH,DT_0032_HASH,RESIDENTIAL,3BHK_FAMILY,LT2A_RESIDENTIAL,331.15,344.33,343.95,-3.86,0.11,0.0,0.0,2.82,0.96,0.88,6,338.6,3.0,1,0.0,0,FAMILY,Domlur|RESIDENTIAL|3BHK_FAMILY,1,4,50.0,50.0,0.0
MTR_000222_HASH,SP_000222_HASH,Jayanagar,South Circle,FDR_015_HASH,DT_0045_HASH,RESIDENTIAL,4BHK_VILLA_HIGH_LOAD,LT2A_RESIDENTIAL,55.59,60.02,59.95,-7.85,0.11,0.0,0.03,2.43,0.96,0.88,19,58.24,6.0,1,0.0,0,VACANT,Jayanagar|RESIDENTIAL,2,13,46.2,53.8,-7.6
MTR_000223_HASH,SP_000223_HASH,Indiranagar,East Circle,FDR_001_HASH,DT_0106_HASH,COMMERCIAL,SMALL_OFFICE,LT3_COMMERCIAL,490.51,504.55,519.17,-5.84,-2.9,0.0,0.1,0.59,0.91,0.84,12,507.15,5.0,0,0.0,0,SENIOR_CITIZEN,Indiranagar|COMMERCIAL|SMALL_OFFICE,1,3,66.7,100.0,-33.3
MTR_000224_HASH,SP_000224_HASH,Rajajinagar,West Circle,FDR_011_HASH,DT_0041_HASH,RESIDENTIAL,2BHK_SMALL_FAMILY,LT2A_RESIDENTIAL,91.72,96.68,95.98,-4.64,0.73,0.0,0.1,2.97,0.96,0.9,19,94.59,5.0,1,0.0,0,FAMILY,Rajajinagar|RESIDENTIAL|2BHK_SMALL_FAMILY,1,7,57.1,57.1,0.0
MTR_000225_HASH,SP_000225_HASH,Koramangala,South Circle,FDR_004_HASH,DT_0079_HASH,RESIDENTIAL,3BHK_FAMILY,LT2A_RESIDENTIAL,475.86,483.73,471.97,0.82,2.43,0.0,0.0,6.98,0.96,0.89,8,303.99,5.0,0,0.0,1,FAMILY,Koramangala|RESIDENTIAL|3BHK_FAMILY,1,4,100.0,100.0,0.0
MTR_000226_HASH,SP_000226_HASH,Indiranagar,East Circle,FDR_013_HASH,DT_0088_HASH,RESIDENTIAL,2BHK_SMALL_FAMILY,LT2A_RESIDENTIAL,57.43,59.61,59.54,-3.68,0.12,0.0,0.0,3.05,0.96,0.9,23,58.68,3.0,1,0.0,0,FAMILY,Indiranagar|RESIDENTIAL|2BHK_SMALL_FAMILY,1,6,66.7,83.3,-16.6
MTR_000227_HASH,SP_000227_HASH,Rajajinagar,West Circle,FDR_011_HASH,DT_0041_HASH,RESIDENTIAL,2BHK_SMALL_FAMILY,LT2A_RESIDENTIAL,107.21,109.04,107.99,-0.73,0.96,0.0,0.1,3.12,0.96,0.9,12,108.14,3.0,1,0.0,0,FAMILY,Rajajinagar|RESIDENTIAL|2BHK_SMALL_FAMILY,1,7,71.4,71.4,0.0
MTR_000228_HASH,SP_000228_HASH,Koramangala,South Circle,FDR_004_HASH,DT_0034_HASH,RESIDENTIAL,3BHK_FAMILY,LT2A_RESIDENTIAL,283.55,302.1,301.29,-6.26,0.27,0.0,0.0,2.75,0.96,0.89,7,294.47,5.0,0,0.0,0,FAMILY,Koramangala|RESIDENTIAL|3BHK_FAMILY,1,4,25.0,25.0,0.0
MTR_000229_HASH,SP_000229_HASH,KR Puram,East Circle,FDR_012_HASH,DT_0057_HASH,RESIDENTIAL,3BHK_FAMILY,LT2A_RESIDENTIAL,337.07,340.2,342.33,-1.56,-0.63,0.0,0.0,6.5,0.96,0.89,36,260.52,3.0,0,0.0,1,FAMILY,KR Puram|RESIDENTIAL|3BHK_FAMILY,1,7,85.7,85.7,0.0
MTR_000230_HASH,SP_000230_HASH,Peenya,North Circle,FDR_006_HASH,DT_0081_HASH,SMALL_INDUSTRY,WELDING_WORKSHOP,LT5_SMALL_INDUSTRY,1253.51,1235.33,1260.73,-0.58,-2.06,0.0,0.03,0.77,0.86,0.79,16,1268.24,20.0,0,0.0,0,VACANT,Peenya|SMALL_INDUSTRY|WELDING_WORKSHOP,1,3,66.7,66.7,0.0
MTR_000231_HASH,SP_000231_HASH,Yelahanka,North Circle,FDR_009_HASH,DT_0084_HASH,RESIDENTIAL,1BHK_SINGLE_OR_COUPLE,LT2A_RESIDENTIAL,82.28,83.31,83.03,-0.91,0.34,0.0,0.0,4.23,0.96,0.89,20,82.75,1.0,1,0.0,0,WORKING_COUPLE,Yelahanka|RESIDENTIAL,2,21,23.8,23.8,0.0
MTR_000232_HASH,SP_000232_HASH,Peenya,North Circle,FDR_006_HASH,DT_0096_HASH,RESIDENTIAL,PG_OR_HOSTEL,LT2A_RESIDENTIAL,197.69,197.95,196.71,0.49,0.63,0.0,0.03,157.99,0.96,0.89,39,233.61,8.0,1,3.0,0,SENIOR_CITIZEN,Peenya|RESIDENTIAL,2,9,66.7,66.7,0.0
MTR_000233_HASH,SP_000233_HASH,Rajajinagar,West Circle,FDR_011_HASH,DT_0056_HASH,COMMERCIAL,CLINIC,LT3_COMMERCIAL,371.96,382.56,393.69,-5.84,-2.91,0.0,0.1,0.75,0.91,0.85,16,384.88,3.0,0,0.0,0,FAMILY,Rajajinagar|COMMERCIAL|CLINIC,1,3,66.7,100.0,-33.3
MTR_000234_HASH,SP_000234_HASH,Yelahanka,North Circle,FDR_009_HASH,DT_0024_HASH,SMALL_INDUSTRY,MACHINE_SHOP,LT5_SMALL_INDUSTRY,1250.63,1265.03,1286.74,-2.89,-1.72,0.0,0.0,0.87,0.86,0.78,3,1270.38,10.0,0,0.0,0,WORKING_COUPLE,Yelahanka|SMALL_INDUSTRY,2,4,50.0,75.0,-25.0
MTR_000235_HASH,SP_000235_HASH,Electronic City,South Circle,FDR_007_HASH,DT_0022_HASH,SMALL_INDUSTRY,SMALL_PACKAGING_UNIT,LT5_SMALL_INDUSTRY,1685.78,1706.55,1732.5,-2.77,-1.52,0.0,0.0,0.79,0.86,0.79,4,1711.78,20.0,0,0.0,0,SENIOR_CITIZEN,Electronic City|SMALL_INDUSTRY,2,6,50.0,50.0,0.0
MTR_000236_HASH,SP_000236_HASH,Domlur,East Circle,FDR_014_HASH,DT_0044_HASH,COMMERCIAL,SMALL_OFFICE,LT3_COMMERCIAL,132.9,136.13,142.64,-7.34,-4.79,0.0,0.07,0.59,0.91,0.83,36,139.08,2.0,0,0.0,0,FAMILY,Domlur|COMMERCIAL|SMALL_OFFICE,1,6,16.7,16.7,0.0
MTR_000237_HASH,SP_000237_HASH,Koramangala,South Circle,FDR_004_HASH,DT_0034_HASH,COMMERCIAL,RESTAURANT_CAFE,LT3_COMMERCIAL,940.98,1006.39,1020.82,-8.48,-1.43,0.0,0.0,1.7,0.91,0.84,48,993.44,15.0,0,0.0,0,VACANT,Koramangala|COMMERCIAL|RESTAURANT_CAFE,1,4,100.0,100.0,0.0
MTR_000238_HASH,SP_000238_HASH,Rajajinagar,West Circle,FDR_011_HASH,DT_0026_HASH,RESIDENTIAL,3BHK_FAMILY,LT2A_RESIDENTIAL,388.48,401.22,398.0,-2.45,0.8,0.0,0.1,2.82,0.96,0.89,8,395.7,5.0,1,0.0,0,FAMILY,Rajajinagar|RESIDENTIAL|3BHK_FAMILY,1,3,100.0,100.0,0.0
MTR_000239_HASH,SP_000239_HASH,Whitefield,East Circle,FDR_005_HASH,DT_0065_HASH,RESIDENTIAL,PG_OR_HOSTEL,LT2A_RESIDENTIAL,292.01,295.44,294.14,-0.73,0.44,0.0,0.0,2.71,0.96,0.88,6,293.64,8.0,0,0.0,0,WORKING_COUPLE,Whitefield|RESIDENTIAL|PG_OR_HOSTEL,1,3,66.7,100.0,-33.3
MTR_000240_HASH,SP_000240_HASH,Indiranagar,East Circle,FDR_013_HASH,DT_0103_HASH,COMMERCIAL,RESTAURANT_CAFE,LT3_COMMERCIAL,914.14,960.16,975.06,-6.66,-1.55,0.0,0.0,1.41,0.91,0.85,5,948.66,12.0,0,0.0,0,FAMILY,Indiranagar|COMMERCIAL|RESTAURANT_CAFE,1,3,66.7,66.7,0.0
MTR_000241_HASH,SP_000241_HASH,KR Puram,East Circle,FDR_012_HASH,DT_0027_HASH,COMMERCIAL,KIRANA_RETAIL_SHOP,LT3_COMMERCIAL,432.12,444.31,458.7,-6.15,-3.24,0.0,0.0,0.92,0.91,0.84,12,446.96,5.0,0,0.0,0,FAMILY,KR Puram|COMMERCIAL,2,7,14.3,28.6,-14.3
MTR_000242_HASH,SP_000242_HASH,Yelahanka,North Circle,FDR_009_HASH,DT_0009_HASH,RESIDENTIAL,4BHK_VILLA_HIGH_LOAD,LT2A_RESIDENTIAL,382.94,405.49,403.93,-5.48,0.39,0.0,0.1,2.48,0.96,0.89,12,395.89,8.0,1,0.0,0,FAMILY,Yelahanka|RESIDENTIAL|4BHK_VILLA_HIGH_LOAD,1,5,40.0,40.0,0.0
MTR_000243_HASH,SP_000243_HASH,Yelahanka,North Circle,FDR_009_HASH,DT_0024_HASH,RESIDENTIAL,2BHK_SMALL_FAMILY,LT2A_RESIDENTIAL,43.73,45.39,45.27,-3.5,0.27,0.0,0.0,3.04,0.96,0.89,23,99.27,2.0,1,0.0,0,FAMILY,Yelahanka|RESIDENTIAL|2BHK_SMALL_FAMILY,1,8,25.0,25.0,0.0
MTR_000244_HASH,SP_000244_HASH,Electronic City,South Circle,FDR_007_HASH,DT_0052_HASH,RESIDENTIAL,3BHK_FAMILY,LT2A_RESIDENTIAL,290.14,225.46,215.57,25.7,4.39,0.0,0.07,3.29,0.96,0.89,5,299.4,6.0,0,0.0,0,FAMILY,Electronic City|RESIDENTIAL|3BHK_FAMILY,1,3,66.7,33.3,33.4
MTR_000245_HASH,SP_000245_HASH,Yelahanka,North Circle,FDR_009_HASH,DT_0069_HASH,RESIDENTIAL,4BHK_VILLA_HIGH_LOAD,LT2A_RESIDENTIAL,614.58,654.66,658.15,-7.09,-0.53,0.0,0.0,3.55,0.96,0.89,6,515.09,8.0,1,0.0,1,WORKING_COUPLE,Yelahanka|RESIDENTIAL|4BHK_VILLA_HIGH_LOAD,1,5,100.0,100.0,0.0
MTR_000246_HASH,SP_000246_HASH,Jayanagar,South Circle,FDR_003_HASH,DT_0033_HASH,RESIDENTIAL,1BHK_SINGLE_OR_COUPLE,LT2A_RESIDENTIAL,45.98,46.56,46.44,-1.0,0.27,0.0,0.0,4.22,0.96,0.89,27,46.27,2.0,0,0.0,0,FAMILY,Jayanagar|RESIDENTIAL|1BHK_SINGLE_OR_COUPLE,1,3,66.7,66.7,0.0
MTR_000247_HASH,SP_000247_HASH,Yelahanka,North Circle,FDR_009_HASH,DT_0009_HASH,PUBLIC_LIGHTING,STREET_LIGHTING_FEED,PUBLIC_LIGHTING,1005.08,1005.78,1006.75,-0.17,-0.1,0.0,0.1,47.42,0.86,0.79,12,1005.89,8.0,0,0.0,0,FAMILY,PUBLIC_LIGHTING,4,7,100.0,100.0,0.0
MTR_000248_HASH,SP_000248_HASH,Peenya,North Circle,FDR_006_HASH,DT_0006_HASH,SMALL_INDUSTRY,MACHINE_SHOP,LT5_SMALL_INDUSTRY,1695.15,1665.35,1715.84,-1.22,-3.03,0.0,0.1,0.88,0.86,0.79,8,1710.78,20.0,0,0.0,0,VACANT,Peenya|SMALL_INDUSTRY,2,10,60.0,60.0,0.0
MTR_000249_HASH,SP_000249_HASH,Banashankari,South Circle,FDR_010_HASH,DT_0085_HASH,RESIDENTIAL,4BHK_VILLA_HIGH_LOAD,LT2A_RESIDENTIAL,555.12,463.1,335.66,39.53,27.52,0.0,0.0,2.39,0.96,0.89,6,588.19,6.0,0,0.0,0,WORKING_COUPLE,Banashankari|RESIDENTIAL,2,18,100.0,94.4,5.6
MTR_000250_HASH,SP_000250_HASH,Whitefield,East Circle,FDR_005_HASH,DT_0095_HASH,RESIDENTIAL,3BHK_FAMILY,LT2A_RESIDENTIAL,473.72,344.44,190.0,59.89,44.84,0.0,0.0,3.36,0.96,0.89,6,505.0,8.5,0,0.0,0,FAMILY_AC_HEAVY,Whitefield|RESIDENTIAL|3BHK_FAMILY,1,4,100.0,25.0,75.0
MTR_000251_HASH,SP_000251_HASH,Koramangala,South Circle,FDR_004_HASH,DT_0079_HASH,RESIDENTIAL,3BHK_FAMILY,LT2A_RESIDENTIAL,332.03,354.03,353.11,-6.35,0.26,0.0,0.0,2.75,0.96,0.89,6,345.12,5.0,1,0.0,0,VACANT,Koramangala|RESIDENTIAL|3BHK_FAMILY,1,4,50.0,50.0,0.0
MTR_000252_HASH,SP_000252_HASH,Jayanagar,South Circle,FDR_015_HASH,DT_0015_HASH,RESIDENTIAL,3BHK_FAMILY,LT2A_RESIDENTIAL,4.64,4.91,4.88,-5.28,0.51,0.0,0.0,2.76,0.96,0.89,1344,39.97,6.0,0,0.0,0,VACANT,Jayanagar|RESIDENTIAL|3BHK_FAMILY,1,6,16.7,33.3,-16.6
MTR_000253_HASH,SP_000253_HASH,Jayanagar,South Circle,FDR_003_HASH,DT_0108_HASH,RESIDENTIAL,3BHK_FAMILY,LT2A_RESIDENTIAL,197.46,198.73,200.78,-1.68,-1.03,0.0,0.0,95.21,0.96,0.88,60,28.44,5.0,0,0.0,1,VACANT,Jayanagar|RESIDENTIAL|3BHK_FAMILY,1,6,66.7,66.7,0.0
MTR_000254_HASH,SP_000254_HASH,Banashankari,South Circle,FDR_010_HASH,DT_0040_HASH,RESIDENTIAL,3BHK_FAMILY,LT2A_RESIDENTIAL,446.46,483.53,483.02,-8.19,0.11,0.0,0.07,2.7,0.96,0.89,8,468.86,5.0,1,0.0,0,WORKING_COUPLE,Banashankari|RESIDENTIAL|3BHK_FAMILY,1,4,100.0,100.0,0.0
MTR_000255_HASH,SP_000255_HASH,Peenya,North Circle,FDR_006_HASH,DT_0096_HASH,SMALL_INDUSTRY,SMALL_PACKAGING_UNIT,LT5_SMALL_INDUSTRY,1214.49,1228.84,1252.61,-3.14,-1.93,0.0,0.03,0.79,0.81,0.6,4,1235.78,20.0,0,0.0,0,FAMILY,Peenya|SMALL_INDUSTRY,2,10,30.0,30.0,0.0
MTR_000256_HASH,SP_000256_HASH,Whitefield,East Circle,FDR_005_HASH,DT_0095_HASH,SMALL_INDUSTRY,COLD_STORAGE,LT5_SMALL_INDUSTRY,3631.47,3954.45,4014.62,-10.55,-1.52,0.0,0.0,1.86,0.86,0.8,3,3858.68,30.0,0,0.0,0,FAMILY,East Circle|SMALL_INDUSTRY,3,8,100.0,100.0,0.0
MTR_000257_HASH,SP_000257_HASH,Koramangala,South Circle,FDR_004_HASH,DT_0109_HASH,RESIDENTIAL,2BHK_SMALL_FAMILY,LT2A_RESIDENTIAL,319.21,329.94,330.17,-3.43,-0.07,0.0,0.0,3.05,0.96,0.89,6,325.6,3.0,1,0.0,0,MIXED_USE,Koramangala|RESIDENTIAL|2BHK_SMALL_FAMILY,1,5,100.0,100.0,0.0
MTR_000258_HASH,SP_000258_HASH,Hebbal,North Circle,FDR_008_HASH,DT_0023_HASH,RESIDENTIAL,PG_OR_HOSTEL,LT2A_RESIDENTIAL,213.27,216.27,214.81,-0.72,0.67,0.0,0.05,2.72,0.96,0.89,8,214.78,5.0,0,0.0,0,FAMILY,Hebbal|RESIDENTIAL,2,24,58.3,66.7,-8.4
MTR_000259_HASH,SP_000259_HASH,Koramangala,South Circle,FDR_004_HASH,DT_0019_HASH,RESIDENTIAL,2BHK_SMALL_FAMILY,LT2A_RESIDENTIAL,227.26,240.11,239.65,-5.45,0.19,0.0,0.0,3.02,0.96,0.89,24,236.98,3.0,1,0.0,0,FAMILY,Koramangala|RESIDENTIAL|2BHK_SMALL_FAMILY,1,5,80.0,80.0,0.0
MTR_000260_HASH,SP_000260_HASH,Whitefield,East Circle,FDR_005_HASH,DT_0080_HASH,RESIDENTIAL,2BHK_SMALL_FAMILY,LT2A_RESIDENTIAL,275.42,283.24,283.74,-3.02,-0.18,0.0,0.14,3.06,0.96,0.89,16,280.79,5.0,1,0.0,0,MIXED_USE,Whitefield|RESIDENTIAL|2BHK_SMALL_FAMILY,1,10,100.0,100.0,0.0
MTR_000261_HASH,SP_000261_HASH,Whitefield,East Circle,FDR_005_HASH,DT_0020_HASH,RESIDENTIAL,4BHK_VILLA_HIGH_LOAD,LT2A_RESIDENTIAL,377.15,395.62,394.56,-4.61,0.27,0.0,0.0,5.64,0.96,0.89,6,308.06,5.0,0,0.0,1,FAMILY,Whitefield|RESIDENTIAL|4BHK_VILLA_HIGH_LOAD,1,5,60.0,40.0,20.0
MTR_000262_HASH,SP_000262_HASH,Domlur,East Circle,FDR_002_HASH,DT_0017_HASH,COMMERCIAL,KIRANA_RETAIL_SHOP,LT3_COMMERCIAL,287.52,296.16,306.7,-6.67,-3.56,0.0,0.0,0.92,0.91,0.83,19,297.84,3.0,0,0.0,0,FAMILY,Domlur|COMMERCIAL|KIRANA_RETAIL_SHOP,1,7,42.9,57.1,-14.2
MTR_000263_HASH,SP_000263_HASH,Electronic City,South Circle,FDR_007_HASH,DT_0082_HASH,COMMERCIAL,SMALL_OFFICE,LT3_COMMERCIAL,400.21,416.33,428.76,-7.13,-2.99,0.0,0.0,0.58,0.91,0.84,10,416.72,5.0,0,0.0,0,FAMILY,Electronic City|COMMERCIAL|SMALL_OFFICE,1,3,100.0,100.0,0.0
MTR_000264_HASH,SP_000264_HASH,Domlur,East Circle,FDR_002_HASH,DT_0002_HASH,COMMERCIAL,SMALL_OFFICE,LT3_COMMERCIAL,615.54,637.7,659.8,-7.19,-3.47,0.0,0.0,0.58,0.91,0.85,6,640.18,8.0,0,0.0,0,FAMILY,Domlur|COMMERCIAL|SMALL_OFFICE,1,6,100.0,100.0,0.0
MTR_000265_HASH,SP_000265_HASH,Domlur,East Circle,FDR_014_HASH,DT_0104_HASH,SMALL_INDUSTRY,GARMENT_UNIT,LT5_SMALL_INDUSTRY,1292.38,1283.32,1314.35,-1.7,-2.42,0.0,0.1,0.67,0.86,0.79,12,1315.04,15.0,0,0.0,0,WORKING_COUPLE,Domlur|SMALL_INDUSTRY,2,4,25.0,25.0,0.0
MTR_000266_HASH,SP_000266_HASH,Indiranagar,East Circle,FDR_013_HASH,DT_0103_HASH,RESIDENTIAL,1BHK_SINGLE_OR_COUPLE,LT2A_RESIDENTIAL,1.19,1.21,1.2,-1.2,0.38,0.0,0.0,4.22,0.96,0.89,11520,7.05,2.0,1,0.0,0,VACANT,Indiranagar|RESIDENTIAL,2,17,5.9,11.8,-5.9
MTR_000267_HASH,SP_000267_HASH,KR Puram,East Circle,FDR_012_HASH,DT_0087_HASH,COMMERCIAL,SUPERMARKET_MINI_MART,LT3_COMMERCIAL,1172.1,1197.62,1236.78,-5.52,-3.27,0.0,0.0,1.2,0.91,0.85,4,1208.54,8.0,0,0.0,0,VACANT,KR Puram|COMMERCIAL,2,7,100.0,100.0,0.0
MTR_000268_HASH,SP_000268_HASH,Whitefield,East Circle,FDR_005_HASH,DT_0050_HASH,SMALL_INDUSTRY,GARMENT_UNIT,LT5_SMALL_INDUSTRY,3303.11,3266.05,3370.98,-2.05,-3.21,0.0,0.0,0.66,0.86,0.79,3,3340.62,25.0,0,0.0,0,MIXED_USE,East Circle|SMALL_INDUSTRY,3,8,87.5,87.5,0.0
MTR_000269_HASH,SP_000269_HASH,Hebbal,North Circle,FDR_008_HASH,DT_0053_HASH,RESIDENTIAL,2BHK_SMALL_FAMILY,LT2A_RESIDENTIAL,217.73,225.19,224.3,-3.02,0.4,0.0,0.12,3.05,0.96,0.89,8,222.34,3.0,1,0.0,0,FAMILY,Hebbal|RESIDENTIAL|2BHK_SMALL_FAMILY,1,7,71.4,85.7,-14.3
MTR_000270_HASH,SP_000270_HASH,Electronic City,South Circle,FDR_007_HASH,DT_0082_HASH,RESIDENTIAL,1BHK_SINGLE_OR_COUPLE,LT2A_RESIDENTIAL,94.48,97.38,95.74,-1.33,1.68,0.0,0.0,4.21,0.96,0.89,48,96.78,2.0,0,0.0,0,WORKING_COUPLE,Electronic City|RESIDENTIAL|1BHK_SINGLE_OR_COUPLE,1,4,75.0,75.0,0.0
MTR_000271_HASH,SP_000271_HASH,Banashankari,South Circle,FDR_010_HASH,DT_0070_HASH,RESIDENTIAL,3BHK_FAMILY,LT2A_RESIDENTIAL,249.95,265.32,265.39,-6.18,-0.03,0.0,0.0,2.75,0.96,0.89,8,259.17,5.0,0,0.0,0,MIXED_USE,Banashankari|RESIDENTIAL|3BHK_FAMILY,1,4,25.0,25.0,0.0
MTR_000272_HASH,SP_000272_HASH,Peenya,North Circle,FDR_006_HASH,DT_0066_HASH,RESIDENTIAL,2BHK_SMALL_FAMILY,LT2A_RESIDENTIAL,135.54,136.87,136.28,-0.54,0.43,0.0,0.03,3.12,0.96,0.89,13,136.31,5.0,0,0.0,0,WORKING_COUPLE,Peenya|RESIDENTIAL|2BHK_SMALL_FAMILY,1,4,100.0,100.0,0.0
MTR_000273_HASH,SP_000273_HASH,Koramangala,South Circle,FDR_004_HASH,DT_0049_HASH,COMMERCIAL,CLINIC,LT3_COMMERCIAL,464.44,251.84,133.94,71.16,46.82,0.0,0.0,0.91,0.91,0.84,36,457.72,8.0,0,0.0,0,FAMILY,Koramangala|COMMERCIAL,2,12,33.3,8.3,25.0
MTR_000274_HASH,SP_000274_HASH,Jayanagar,South Circle,FDR_015_HASH,DT_0105_HASH,RESIDENTIAL,3BHK_FAMILY,LT2A_RESIDENTIAL,443.68,479.89,480.37,-8.27,-0.1,0.0,0.0,2.69,0.96,0.89,5,465.45,3.0,1,0.0,0,FAMILY,Jayanagar|RESIDENTIAL|3BHK_FAMILY,1,6,100.0,100.0,0.0
MTR_000275_HASH,SP_000275_HASH,Domlur,East Circle,FDR_014_HASH,DT_0014_HASH,RESIDENTIAL,3BHK_FAMILY,LT2A_RESIDENTIAL,490.47,532.66,532.5,-8.57,0.03,0.0,0.0,2.7,0.96,0.9,5,515.62,5.0,0,0.0,0,FAMILY,Domlur|RESIDENTIAL|3BHK_FAMILY,1,4,100.0,100.0,0.0
MTR_000276_HASH,SP_000276_HASH,Hebbal,North Circle,FDR_008_HASH,DT_0008_HASH,RESIDENTIAL,1BHK_SINGLE_OR_COUPLE,LT2A_RESIDENTIAL,47.82,48.37,47.88,-0.12,1.01,0.0,0.05,0.0,0.96,0.89,44,54.28,2.0,1,2.0,0,SENIOR_CITIZEN,Hebbal|RESIDENTIAL|1BHK_SINGLE_OR_COUPLE,1,7,28.6,28.6,0.0
MTR_000277_HASH,SP_000277_HASH,Whitefield,East Circle,FDR_005_HASH,DT_0095_HASH,RESIDENTIAL,4BHK_VILLA_HIGH_LOAD,LT2A_RESIDENTIAL,369.48,400.73,397.83,-7.67,0.72,0.0,0.0,2.43,0.96,0.89,5,387.46,5.0,1,0.0,0,MIXED_USE,Whitefield|RESIDENTIAL|4BHK_VILLA_HIGH_LOAD,1,5,40.0,60.0,-20.0
MTR_000278_HASH,SP_000278_HASH,KR Puram,East Circle,FDR_012_HASH,DT_0057_HASH,RESIDENTIAL,3BHK_FAMILY,LT2A_RESIDENTIAL,288.84,305.28,303.87,-5.2,0.46,0.0,0.0,2.75,0.96,0.89,6,298.22,5.0,0,0.0,0,MIXED_USE,KR Puram|RESIDENTIAL|3BHK_FAMILY,1,7,42.9,71.4,-28.5
MTR_000279_HASH,SP_000279_HASH,Peenya,North Circle,FDR_006_HASH,DT_0096_HASH,COMMERCIAL,SMALL_OFFICE,LT3_COMMERCIAL,366.69,387.81,393.4,-7.28,-1.44,0.0,0.03,0.58,0.91,0.84,12,381.98,5.0,0,0.0,0,WORKING_COUPLE,Peenya|COMMERCIAL,2,3,33.3,66.7,-33.4
MTR_000280_HASH,SP_000280_HASH,KR Puram,East Circle,FDR_012_HASH,DT_0087_HASH,RESIDENTIAL,2BHK_SMALL_FAMILY,LT2A_RESIDENTIAL,103.86,107.71,107.17,-3.19,0.5,0.0,0.0,3.05,0.96,0.89,15,106.06,2.0,1,0.0,0,FAMILY,KR Puram|RESIDENTIAL|2BHK_SMALL_FAMILY,1,10,20.0,40.0,-20.0
MTR_000281_HASH,SP_000281_HASH,Rajajinagar,West Circle,FDR_011_HASH,DT_0011_HASH,RESIDENTIAL,1BHK_SINGLE_OR_COUPLE,LT2A_RESIDENTIAL,116.23,90.47,86.4,25.67,4.5,0.0,0.17,3.3,0.96,0.89,10,40.35,1.0,1,0.0,0,MIXED_USE,Rajajinagar|RESIDENTIAL|1BHK_SINGLE_OR_COUPLE,1,6,83.3,66.7,16.6
MTR_000282_HASH,SP_000282_HASH,Yelahanka,North Circle,FDR_009_HASH,DT_0114_HASH,SMALL_INDUSTRY,WELDING_WORKSHOP,LT5_SMALL_INDUSTRY,1986.41,1960.8,2021.97,-1.79,-3.12,0.0,0.1,0.78,0.86,0.79,12,2005.9,30.0,0,0.0,0,VACANT,Yelahanka|SMALL_INDUSTRY|WELDING_WORKSHOP,1,3,100.0,100.0,0.0
MTR_000283_HASH,SP_000283_HASH,Jayanagar,South Circle,FDR_003_HASH,DT_0078_HASH,RESIDENTIAL,1BHK_SINGLE_OR_COUPLE,LT2A_RESIDENTIAL,27.1,27.35,27.28,-0.65,0.25,0.0,0.0,4.23,0.96,0.89,34,27.22,2.0,1,0.0,0,WORKING_COUPLE,Jayanagar|RESIDENTIAL|1BHK_SINGLE_OR_COUPLE,1,3,33.3,33.3,0.0
MTR_000284_HASH,SP_000284_HASH,Banashankari,South Circle,FDR_010_HASH,DT_0010_HASH,RESIDENTIAL,2BHK_SMALL_FAMILY,LT2A_RESIDENTIAL,61.17,62.09,61.86,-1.11,0.38,0.0,0.0,72.65,0.96,0.88,39,71.04,2.0,0,1.0,0,FAMILY,Banashankari|RESIDENTIAL|2BHK_SMALL_FAMILY,1,8,37.5,37.5,0.0
MTR_000285_HASH,SP_000285_HASH,Koramangala,South Circle,FDR_004_HASH,DT_0064_HASH,PUBLIC_LIGHTING,STREET_LIGHTING_FEED,PUBLIC_LIGHTING,160.24,160.13,160.78,-0.34,-0.41,0.0,0.0,47.45,0.86,0.79,49,160.34,2.0,0,0.0,0,SENIOR_CITIZEN,PUBLIC_LIGHTING,4,7,14.3,28.6,-14.3
MTR_000286_HASH,SP_000286_HASH,Koramangala,South Circle,FDR_004_HASH,DT_0109_HASH,COMMERCIAL,KIRANA_RETAIL_SHOP,LT3_COMMERCIAL,569.21,603.96,607.76,-6.77,-0.63,0.0,0.0,1.15,0.91,0.84,13,592.16,5.0,0,0.0,0,SENIOR_CITIZEN,Koramangala|COMMERCIAL|KIRANA_RETAIL_SHOP,1,3,100.0,100.0,0.0
MTR_000287_HASH,SP_000287_HASH,Banashankari,South Circle,FDR_010_HASH,DT_0085_HASH,RESIDENTIAL,PG_OR_HOSTEL,LT2A_RESIDENTIAL,213.49,216.4,215.05,-0.73,0.62,0.0,0.0,2.72,0.96,0.9,6,214.81,3.0,0,0.0,0,WORKING_COUPLE,Banashankari|RESIDENTIAL,2,18,66.7,66.7,0.0
MTR_000288_HASH,SP_000288_HASH,KR Puram,East Circle,FDR_012_HASH,DT_0102_HASH,RESIDENTIAL,2BHK_SMALL_FAMILY,LT2A_RESIDENTIAL,174.09,181.07,181.05,-4.0,0.01,0.0,0.1,3.05,0.96,0.9,12,178.24,5.0,1,0.0,0,VACANT,KR Puram|RESIDENTIAL|2BHK_SMALL_FAMILY,1,10,80.0,90.0,-10.0
MTR_000289_HASH,SP_000289_HASH,Rajajinagar,West Circle,FDR_011_HASH,DT_0116_HASH,COMMERCIAL,KIRANA_RETAIL_SHOP,LT3_COMMERCIAL,273.59,168.56,110.99,59.43,34.15,0.0,0.1,1.28,0.91,0.84,9,269.54,3.0,0,0.0,0,FAMILY,Rajajinagar|COMMERCIAL,2,8,25.0,25.0,0.0
MTR_000290_HASH,SP_000290_HASH,Yelahanka,North Circle,FDR_009_HASH,DT_0099_HASH,RESIDENTIAL,4BHK_VILLA_HIGH_LOAD,LT2A_RESIDENTIAL,545.59,605.79,604.15,-10.73,0.27,0.0,0.0,2.38,0.96,0.89,6,581.42,5.0,0,0.0,0,FAMILY,Yelahanka|RESIDENTIAL|4BHK_VILLA_HIGH_LOAD,1,5,80.0,80.0,0.0
MTR_000291_HASH,SP_000291_HASH,Hebbal,North Circle,FDR_008_HASH,DT_0113_HASH,RESIDENTIAL,1BHK_SINGLE_OR_COUPLE,LT2A_RESIDENTIAL,14.44,14.65,14.54,-0.73,0.75,0.0,0.05,4.21,0.96,0.9,75,14.55,1.0,1,0.0,0,VACANT,Hebbal|RESIDENTIAL|1BHK_SINGLE_OR_COUPLE,1,7,14.3,14.3,0.0
MTR_000292_HASH,SP_000292_HASH,Hebbal,North Circle,FDR_008_HASH,DT_0038_HASH,RESIDENTIAL,3BHK_FAMILY,LT2A_RESIDENTIAL,354.28,375.08,372.94,-5.27,0.57,0.0,0.16,2.76,0.96,0.88,12,366.3,6.0,0,0.0,0,MIXED_USE,Hebbal|RESIDENTIAL|3BHK_FAMILY,1,6,83.3,83.3,0.0
MTR_000293_HASH,SP_000293_HASH,KR Puram,East Circle,FDR_012_HASH,DT_0057_HASH,RESIDENTIAL,2BHK_SMALL_FAMILY,LT2A_RESIDENTIAL,116.2,90.4,86.4,25.65,4.42,0.0,0.0,3.3,0.96,0.89,8,76.94,5.0,1,0.0,0,VACANT,KR Puram|RESIDENTIAL|2BHK_SMALL_FAMILY,1,10,40.0,20.0,20.0
MTR_000294_HASH,SP_000294_HASH,Koramangala,South Circle,FDR_004_HASH,DT_0109_HASH,RESIDENTIAL,3BHK_FAMILY,LT2A_RESIDENTIAL,410.4,434.24,431.83,-5.22,0.56,0.0,0.0,2.76,0.96,0.88,7,424.04,3.0,0,0.0,0,SENIOR_CITIZEN,Koramangala|RESIDENTIAL|3BHK_FAMILY,1,4,75.0,75.0,0.0
MTR_000295_HASH,SP_000295_HASH,Indiranagar,East Circle,FDR_013_HASH,DT_0043_HASH,RESIDENTIAL,1BHK_SINGLE_OR_COUPLE,LT2A_RESIDENTIAL,56.43,56.86,56.73,-0.54,0.22,0.0,0.0,4.22,0.96,0.89,24,56.61,2.0,0,0.0,0,FAMILY,Indiranagar|RESIDENTIAL,2,17,35.3,41.2,-5.9
MTR_000296_HASH,SP_000296_HASH,Whitefield,East Circle,FDR_005_HASH,DT_0080_HASH,RESIDENTIAL,4BHK_VILLA_HIGH_LOAD,LT2A_RESIDENTIAL,392.34,423.64,423.95,-8.06,-0.07,0.0,0.14,2.43,0.96,0.88,16,412.33,6.0,0,0.0,0,FAMILY,Whitefield|RESIDENTIAL|4BHK_VILLA_HIGH_LOAD,1,5,80.0,80.0,0.0
MTR_000297_HASH,SP_000297_HASH,Whitefield,East Circle,FDR_005_HASH,DT_0035_HASH,COMMERCIAL,SUPERMARKET_MINI_MART,LT3_COMMERCIAL,1047.87,1083.65,1119.48,-6.83,-3.31,0.0,0.03,1.47,0.91,0.84,5,1088.2,15.0,0,0.0,0,SENIOR_CITIZEN,Whitefield|COMMERCIAL,2,7,85.7,85.7,0.0
MTR_000298_HASH,SP_000298_HASH,KR Puram,East Circle,FDR_012_HASH,DT_0027_HASH,RESIDENTIAL,PG_OR_HOSTEL,LT2A_RESIDENTIAL,332.59,345.66,344.02,-3.44,0.47,0.0,0.0,2.65,0.96,0.89,5,339.95,8.0,0,0.0,0,WORKING_COUPLE,KR Puram|RESIDENTIAL,2,26,88.5,96.2,-7.7
MTR_000299_HASH,SP_000299_HASH,Domlur,East Circle,FDR_014_HASH,DT_0029_HASH,SMALL_INDUSTRY,COLD_STORAGE,LT5_SMALL_INDUSTRY,2355.21,2496.91,2579.4,-9.52,-3.3,0.0,0.0,1.86,0.82,0.61,3,2488.17,25.0,0,0.0,0,FAMILY,Domlur|SMALL_INDUSTRY,2,4,75.0,75.0,0.0
MTR_000300_HASH,SP_000300_HASH,KR Puram,East Circle,FDR_012_HASH,DT_0027_HASH,RESIDENTIAL,3BHK_FAMILY,LT2A_RESIDENTIAL,420.42,355.68,344.67,18.02,3.09,0.0,0.0,5.35,0.96,0.89,5,304.91,3.0,0,0.0,1,FAMILY,KR Puram|RESIDENTIAL|3BHK_FAMILY,1,7,100.0,100.0,0.0
MTR_000301_HASH,SP_000301_HASH,Peenya,North Circle,FDR_006_HASH,DT_0066_HASH,SMALL_INDUSTRY,SMALL_PACKAGING_UNIT,LT5_SMALL_INDUSTRY,3197.18,3144.26,3264.09,-2.09,-3.81,0.0,0.03,0.8,0.86,0.79,4,3232.8,25.0,0,0.0,0,FAMILY,Peenya|SMALL_INDUSTRY,2,10,80.0,80.0,0.0
MTR_000302_HASH,SP_000302_HASH,Domlur,East Circle,FDR_014_HASH,DT_0059_HASH,COMMERCIAL,KIRANA_RETAIL_SHOP,LT3_COMMERCIAL,248.25,267.7,271.08,-9.2,-1.26,0.0,0.0,1.16,0.91,0.84,21,263.42,2.0,0,0.0,0,FAMILY,Domlur|COMMERCIAL|KIRANA_RETAIL_SHOP,1,7,28.6,42.9,-14.3
MTR_000303_HASH,SP_000303_HASH,KR Puram,East Circle,FDR_012_HASH,DT_0057_HASH,RESIDENTIAL,PG_OR_HOSTEL,LT2A_RESIDENTIAL,248.18,257.91,255.85,-3.09,0.8,0.0,0.0,30.29,0.96,0.89,33,289.57,3.0,0,1.0,0,FAMILY,KR Puram|RESIDENTIAL,2,26,69.2,76.9,-7.7
MTR_000304_HASH,SP_000304_HASH,Indiranagar,East Circle,FDR_001_HASH,DT_0016_HASH,APARTMENT_COMMON_AREA,GATED_COMMUNITY_COMMON_AREA,APARTMENT_COMMON,1180.35,1189.02,1184.3,-0.33,0.4,0.0,0.0,3.13,0.91,0.85,3,1184.9,30.0,0,0.0,0,SENIOR_CITIZEN,East Circle|APARTMENT_COMMON_AREA,3,10,70.0,80.0,-10.0
MTR_000305_HASH,SP_000305_HASH,Electronic City,South Circle,FDR_007_HASH,DT_0097_HASH,RESIDENTIAL,2BHK_SMALL_FAMILY,LT2A_RESIDENTIAL,116.24,104.44,105.6,9.15,-1.11,0.0,0.0,3.27,0.96,0.89,12,80.22,2.0,0,0.0,0,FAMILY,Electronic City|RESIDENTIAL|2BHK_SMALL_FAMILY,1,7,42.9,85.7,-42.8
MTR_000306_HASH,SP_000306_HASH,Jayanagar,South Circle,FDR_015_HASH,DT_0075_HASH,COMMERCIAL,SMALL_OFFICE,LT3_COMMERCIAL,162.59,168.12,170.25,-4.71,-1.27,0.0,0.0,0.58,0.91,0.84,27,168.81,5.0,0,0.0,0,FAMILY,Jayanagar|COMMERCIAL|SMALL_OFFICE,1,3,33.3,33.3,0.0
MTR_000307_HASH,SP_000307_HASH,Jayanagar,South Circle,FDR_003_HASH,DT_0093_HASH,COMMERCIAL,SMALL_OFFICE,LT3_COMMERCIAL,513.16,533.84,550.48,-7.27,-3.12,0.0,0.0,0.78,0.91,0.85,9,534.67,8.0,0,0.0,0,FAMILY,Jayanagar|COMMERCIAL|SMALL_OFFICE,1,3,66.7,100.0,-33.3
MTR_000308_HASH,SP_000308_HASH,Indiranagar,East Circle,FDR_013_HASH,DT_0013_HASH,RESIDENTIAL,2BHK_SMALL_FAMILY,LT2A_RESIDENTIAL,30.18,30.66,30.56,-1.28,0.33,0.0,0.0,3.13,0.96,0.89,29,30.44,2.0,0,0.0,0,VACANT,Indiranagar|RESIDENTIAL|2BHK_SMALL_FAMILY,1,6,33.3,50.0,-16.7
MTR_000309_HASH,SP_000309_HASH,Hebbal,North Circle,FDR_008_HASH,DT_0083_HASH,APARTMENT_COMMON_AREA,APARTMENT_COMMON_PUMP_LIFT,APARTMENT_COMMON,1048.27,1052.96,1056.14,-0.75,-0.3,0.0,0.05,4.45,0.91,0.85,6,885.82,25.0,0,0.0,1,FAMILY,Hebbal|APARTMENT_COMMON_AREA,2,3,66.7,66.7,0.0
MTR_000310_HASH,SP_000310_HASH,Yelahanka,North Circle,FDR_009_HASH,DT_0054_HASH,RESIDENTIAL,2BHK_SMALL_FAMILY,LT2A_RESIDENTIAL,177.46,183.75,183.12,-3.18,0.34,0.0,0.0,3.04,0.96,0.89,10,181.01,2.0,1,0.0,0,FAMILY,Yelahanka|RESIDENTIAL|2BHK_SMALL_FAMILY,1,8,87.5,87.5,0.0
MTR_000311_HASH,SP_000311_HASH,Rajajinagar,West Circle,FDR_011_HASH,DT_0056_HASH,RESIDENTIAL,2BHK_SMALL_FAMILY,LT2A_RESIDENTIAL,39.15,40.68,40.5,-3.43,0.45,0.0,0.1,3.04,0.96,0.9,28,89.01,3.0,0,0.0,0,FAMILY,Rajajinagar|RESIDENTIAL|2BHK_SMALL_FAMILY,1,7,42.9,42.9,0.0
MTR_000312_HASH,SP_000312_HASH,Koramangala,South Circle,FDR_004_HASH,DT_0034_HASH,RESIDENTIAL,2BHK_SMALL_FAMILY,LT2A_RESIDENTIAL,103.32,90.75,83.25,19.43,8.26,0.0,0.0,3.3,0.96,0.89,10,106.73,5.0,1,0.0,0,FAMILY,Koramangala|RESIDENTIAL|2BHK_SMALL_FAMILY,1,5,20.0,20.0,0.0
MTR_000313_HASH,SP_000313_HASH,Indiranagar,East Circle,FDR_013_HASH,DT_0088_HASH,COMMERCIAL,SALON,LT3_COMMERCIAL,473.84,483.39,498.49,-5.2,-3.13,0.0,0.0,0.99,0.91,0.84,9,488.01,8.0,0,0.0,0,WORKING_COUPLE,Indiranagar|COMMERCIAL,2,12,25.0,33.3,-8.3
MTR_000314_HASH,SP_000314_HASH,Yelahanka,North Circle,FDR_009_HASH,DT_0069_HASH,RESIDENTIAL,2BHK_SMALL_FAMILY,LT2A_RESIDENTIAL,242.29,251.88,249.1,-2.81,1.1,0.0,0.0,3.06,0.96,0.9,36,248.53,5.0,0,0.0,0,FAMILY,Yelahanka|RESIDENTIAL|2BHK_SMALL_FAMILY,1,8,100.0,100.0,0.0
MTR_000315_HASH,SP_000315_HASH,KR Puram,East Circle,FDR_012_HASH,DT_0012_HASH,COMMERCIAL,SUPERMARKET_MINI_MART,LT3_COMMERCIAL,1101.72,1127.49,1164.04,-5.66,-3.24,0.0,0.0,1.38,0.91,0.84,4,1051.54,8.0,0,0.0,0,FAMILY,KR Puram|COMMERCIAL,2,7,85.7,85.7,0.0
MTR_000316_HASH,SP_000316_HASH,Banashankari,South Circle,FDR_010_HASH,DT_0085_HASH,RESIDENTIAL,2BHK_SMALL_FAMILY,LT2A_RESIDENTIAL,65.15,67.32,67.07,-2.94,0.38,0.0,0.0,3.06,0.96,0.89,18,66.3,3.0,1,0.0,0,FAMILY,Banashankari|RESIDENTIAL|2BHK_SMALL_FAMILY,1,8,50.0,50.0,0.0
MTR_000317_HASH,SP_000317_HASH,Rajajinagar,West Circle,FDR_011_HASH,DT_0071_HASH,COMMERCIAL,CLINIC,LT3_COMMERCIAL,346.0,357.25,369.36,-6.75,-3.39,0.0,0.1,0.75,0.91,0.83,14,359.28,8.0,0,0.0,0,WORKING_COUPLE,Rajajinagar|COMMERCIAL|CLINIC,1,3,33.3,66.7,-33.4
MTR_000318_HASH,SP_000318_HASH,Domlur,East Circle,FDR_002_HASH,DT_0092_HASH,RESIDENTIAL,3BHK_FAMILY,LT2A_RESIDENTIAL,342.51,371.66,370.84,-8.27,0.22,0.0,0.14,2.71,0.96,0.89,16,360.63,5.0,1,0.0,0,MIXED_USE,Domlur|RESIDENTIAL|3BHK_FAMILY,1,4,75.0,75.0,0.0
MTR_000319_HASH,SP_000319_HASH,Peenya,North Circle,FDR_006_HASH,DT_0066_HASH,RESIDENTIAL,2BHK_SMALL_FAMILY,LT2A_RESIDENTIAL,110.39,111.58,110.84,-0.41,0.66,0.0,0.03,3.12,0.96,0.87,17,111.06,3.0,1,0.0,0,SENIOR_CITIZEN,Peenya|RESIDENTIAL|2BHK_SMALL_FAMILY,1,4,75.0,75.0,0.0
MTR_000320_HASH,SP_000320_HASH,Hebbal,North Circle,FDR_008_HASH,DT_0083_HASH,RESIDENTIAL,2BHK_SMALL_FAMILY,LT2A_RESIDENTIAL,193.55,173.83,175.82,9.16,-1.15,0.0,0.05,3.28,0.96,0.89,5,199.8,3.0,1,0.0,0,FAMILY,Hebbal|RESIDENTIAL|2BHK_SMALL_FAMILY,1,7,57.1,71.4,-14.3
MTR_000321_HASH,SP_000321_HASH,Koramangala,South Circle,FDR_004_HASH,DT_0019_HASH,RESIDENTIAL,4BHK_VILLA_HIGH_LOAD,LT2A_RESIDENTIAL,301.22,325.4,325.47,-8.05,-0.02,0.0,0.0,2.43,0.96,0.89,9,315.63,6.0,1,0.0,0,SENIOR_CITIZEN,Koramangala|RESIDENTIAL,2,12,66.7,66.7,0.0
MTR_000322_HASH,SP_000322_HASH,Koramangala,South Circle,FDR_004_HASH,DT_0004_HASH,RESIDENTIAL,2BHK_SMALL_FAMILY,LT2A_RESIDENTIAL,177.97,184.58,184.25,-3.53,0.18,0.0,0.0,3.05,0.96,0.89,9,182.07,3.0,1,0.0,0,WORKING_COUPLE,Koramangala|RESIDENTIAL|2BHK_SMALL_FAMILY,1,5,40.0,60.0,-20.0
MTR_000323_HASH,SP_000323_HASH,Domlur,East Circle,FDR_002_HASH,DT_0107_HASH,SMALL_INDUSTRY,WELDING_WORKSHOP,LT5_SMALL_INDUSTRY,1360.62,1345.72,1392.3,-2.33,-3.46,0.0,0.0,0.79,0.86,0.79,16,1377.47,20.0,0,0.0,0,WORKING_COUPLE,Domlur|SMALL_INDUSTRY,2,4,50.0,50.0,0.0
MTR_000324_HASH,SP_000324_HASH,Indiranagar,East Circle,FDR_013_HASH,DT_0028_HASH,RESIDENTIAL,4BHK_VILLA_HIGH_LOAD,LT2A_RESIDENTIAL,456.18,498.08,496.16,-8.76,0.39,0.0,0.0,2.43,0.96,0.89,5,480.79,5.0,0,0.0,0,WORKING_COUPLE,Indiranagar|RESIDENTIAL,2,17,100.0,100.0,0.0
MTR_000325_HASH,SP_000325_HASH,Yelahanka,North Circle,FDR_009_HASH,DT_0039_HASH,RESIDENTIAL,3BHK_FAMILY,LT2A_RESIDENTIAL,374.77,336.64,340.5,9.15,-1.15,0.0,0.0,3.28,0.96,0.89,6,386.93,3.0,1,0.0,0,FAMILY,Yelahanka|RESIDENTIAL|3BHK_FAMILY,1,4,75.0,75.0,0.0
MTR_000326_HASH,SP_000326_HASH,Jayanagar,South Circle,FDR_003_HASH,DT_0078_HASH,APARTMENT_COMMON_AREA,GATED_COMMUNITY_COMMON_AREA,APARTMENT_COMMON,794.24,798.95,797.26,-0.38,0.21,0.0,0.0,3.14,0.91,0.84,3,797.82,10.0,0,0.0,0,WORKING_COUPLE,Jayanagar|APARTMENT_COMMON_AREA,2,3,33.3,33.3,0.0
MTR_000327_HASH,SP_000327_HASH,Yelahanka,North Circle,FDR_009_HASH,DT_0009_HASH,RESIDENTIAL,PG_OR_HOSTEL,LT2A_RESIDENTIAL,327.33,340.28,337.99,-3.26,0.67,0.0,0.1,2.65,0.96,0.89,12,334.56,5.0,0,0.0,0,WORKING_COUPLE,Yelahanka|RESIDENTIAL,2,21,71.4,71.4,0.0
MTR_000328_HASH,SP_000328_HASH,Yelahanka,North Circle,FDR_009_HASH,DT_0069_HASH,RESIDENTIAL,2BHK_SMALL_FAMILY,LT2A_RESIDENTIAL,175.48,154.03,141.27,19.49,8.28,0.0,0.0,3.32,0.96,0.89,6,181.12,2.0,0,0.0,0,WORKING_COUPLE,Yelahanka|RESIDENTIAL|2BHK_SMALL_FAMILY,1,8,75.0,62.5,12.5
MTR_000329_HASH,SP_000329_HASH,Jayanagar,South Circle,FDR_003_HASH,DT_0093_HASH,RESIDENTIAL,1BHK_SINGLE_OR_COUPLE,LT2A_RESIDENTIAL,112.53,114.52,113.79,-1.12,0.64,0.0,0.0,4.23,0.96,0.89,15,113.55,1.0,0,0.0,0,MIXED_USE,Jayanagar|RESIDENTIAL|1BHK_SINGLE_OR_COUPLE,1,3,100.0,100.0,0.0
MTR_000330_HASH,SP_000330_HASH,Rajajinagar,West Circle,FDR_011_HASH,DT_0116_HASH,RESIDENTIAL,1BHK_SINGLE_OR_COUPLE,LT2A_RESIDENTIAL,7.79,7.91,7.81,-0.2,1.3,0.0,0.1,0.0,0.96,0.9,48,19.69,3.0,1,2.0,0,SENIOR_CITIZEN,Rajajinagar|RESIDENTIAL|1BHK_SINGLE_OR_COUPLE,1,6,33.3,33.3,0.0
MTR_000331_HASH,SP_000331_HASH,Koramangala,South Circle,FDR_004_HASH,DT_0079_HASH,COMMERCIAL,RESTAURANT_CAFE,LT3_COMMERCIAL,752.04,789.89,801.31,-6.55,-1.45,0.0,0.0,1.41,0.91,0.84,7,779.24,5.0,0,0.0,0,MIXED_USE,Koramangala|COMMERCIAL|RESTAURANT_CAFE,1,4,25.0,25.0,0.0
MTR_000332_HASH,SP_000332_HASH,Domlur,East Circle,FDR_014_HASH,DT_0059_HASH,COMMERCIAL,SMALL_OFFICE,LT3_COMMERCIAL,258.63,279.41,283.02,-9.43,-1.29,0.0,0.0,0.78,0.91,0.84,24,274.98,5.0,0,0.0,0,MIXED_USE,Domlur|COMMERCIAL|SMALL_OFFICE,1,6,50.0,66.7,-16.7
MTR_000333_HASH,SP_000333_HASH,Hebbal,North Circle,FDR_008_HASH,DT_0008_HASH,SMALL_INDUSTRY,COLD_STORAGE,LT5_SMALL_INDUSTRY,1405.36,1530.18,1546.13,-10.02,-1.04,0.0,0.05,1.86,0.86,0.78,6,1491.41,20.0,0,0.0,0,FAMILY,North Circle|SMALL_INDUSTRY,3,16,50.0,56.2,-6.2
MTR_000334_HASH,SP_000334_HASH,Whitefield,East Circle,FDR_005_HASH,DT_0050_HASH,RESIDENTIAL,1BHK_SINGLE_OR_COUPLE,LT2A_RESIDENTIAL,40.55,40.82,40.7,-0.37,0.28,0.0,0.0,4.21,0.96,0.88,29,40.65,2.0,0,0.0,0,FAMILY,Whitefield|RESIDENTIAL|1BHK_SINGLE_OR_COUPLE,1,4,75.0,75.0,0.0
MTR_000335_HASH,SP_000335_HASH,Whitefield,East Circle,FDR_005_HASH,DT_0050_HASH,RESIDENTIAL,2BHK_SMALL_FAMILY,LT2A_RESIDENTIAL,161.89,164.24,163.77,-1.16,0.29,0.0,0.0,3.12,0.96,0.89,10,163.16,3.0,1,0.0,0,FAMILY,Whitefield|RESIDENTIAL|2BHK_SMALL_FAMILY,1,10,50.0,50.0,0.0
MTR_000336_HASH,SP_000336_HASH,Hebbal,North Circle,FDR_008_HASH,DT_0083_HASH,RESIDENTIAL,3BHK_FAMILY,LT2A_RESIDENTIAL,445.63,482.19,480.2,-7.76,0.41,0.0,0.05,2.69,0.96,0.89,6,467.28,5.0,0,0.0,0,FAMILY,Hebbal|RESIDENTIAL|3BHK_FAMILY,1,6,100.0,100.0,0.0
MTR_000337_HASH,SP_000337_HASH,Electronic City,South Circle,FDR_007_HASH,DT_0022_HASH,RESIDENTIAL,2BHK_SMALL_FAMILY,LT2A_RESIDENTIAL,132.22,102.93,98.3,25.65,4.5,0.0,0.0,3.3,0.96,0.89,10,136.53,2.0,0,0.0,0,FAMILY,Electronic City|RESIDENTIAL|2BHK_SMALL_FAMILY,1,7,57.1,71.4,-14.3
MTR_000338_HASH,SP_000338_HASH,Jayanagar,South Circle,FDR_015_HASH,DT_0090_HASH,APARTMENT_COMMON_AREA,GATED_COMMUNITY_COMMON_AREA,APARTMENT_COMMON,1135.8,1137.72,1127.75,0.71,0.88,0.0,0.0,3.13,0.91,0.85,3,1135.35,20.0,0,0.0,0,VACANT,Jayanagar|APARTMENT_COMMON_AREA,2,3,66.7,66.7,0.0
MTR_000339_HASH,SP_000339_HASH,Whitefield,East Circle,FDR_005_HASH,DT_0110_HASH,COMMERCIAL,KIRANA_RETAIL_SHOP,LT3_COMMERCIAL,150.38,97.22,57.6,61.7,40.76,0.0,0.0,1.26,0.91,0.83,46,150.14,2.0,0,0.0,0,SENIOR_CITIZEN,Whitefield|COMMERCIAL|KIRANA_RETAIL_SHOP,1,3,66.7,33.3,33.4
MTR_000340_HASH,SP_000340_HASH,Jayanagar,South Circle,FDR_003_HASH,DT_0048_HASH,COMMERCIAL,BAKERY,LT3_COMMERCIAL,582.01,595.36,616.03,-5.85,-3.47,0.0,0.0,1.28,0.91,0.84,7,600.74,12.0,0,0.0,0,WORKING_COUPLE,Jayanagar|COMMERCIAL,2,7,57.1,85.7,-28.6
MTR_000341_HASH,SP_000341_HASH,Whitefield,East Circle,FDR_005_HASH,DT_0050_HASH,RESIDENTIAL,2BHK_SMALL_FAMILY,LT2A_RESIDENTIAL,76.59,79.31,78.75,-2.82,0.71,0.0,0.0,3.05,0.96,0.88,18,78.11,3.0,1,0.0,0,WORKING_COUPLE,Whitefield|RESIDENTIAL|2BHK_SMALL_FAMILY,1,10,30.0,30.0,0.0
MTR_000342_HASH,SP_000342_HASH,Domlur,East Circle,FDR_014_HASH,DT_0014_HASH,COMMERCIAL,KIRANA_RETAIL_SHOP,LT3_COMMERCIAL,415.03,425.05,438.4,-5.63,-3.14,0.0,0.0,0.92,0.91,0.83,13,428.14,2.0,0,0.0,0,WORKING_COUPLE,Domlur|COMMERCIAL|KIRANA_RETAIL_SHOP,1,7,85.7,100.0,-14.3
MTR_000343_HASH,SP_000343_HASH,Yelahanka,North Circle,FDR_009_HASH,DT_0069_HASH,RESIDENTIAL,4BHK_VILLA_HIGH_LOAD,LT2A_RESIDENTIAL,495.45,539.5,537.92,-8.57,0.29,0.0,0.0,2.43,0.96,0.89,5,521.33,8.0,0,0.0,0,MIXED_USE,Yelahanka|RESIDENTIAL|4BHK_VILLA_HIGH_LOAD,1,5,60.0,60.0,0.0
MTR_000344_HASH,SP_000344_HASH,Koramangala,South Circle,FDR_004_HASH,DT_0079_HASH,COMMERCIAL,KIRANA_RETAIL_SHOP,LT3_COMMERCIAL,483.79,506.78,503.66,-4.11,0.62,0.0,0.0,1.15,0.91,0.84,11,500.32,12.0,0,0.0,0,MIXED_USE,Koramangala|COMMERCIAL|KIRANA_RETAIL_SHOP,1,3,66.7,66.7,0.0
MTR_000345_HASH,SP_000345_HASH,KR Puram,East Circle,FDR_012_HASH,DT_0102_HASH,COMMERCIAL,KIRANA_RETAIL_SHOP,LT3_COMMERCIAL,463.35,477.46,493.79,-6.57,-3.42,0.0,0.1,0.92,0.91,0.84,12,480.33,8.0,0,0.0,0,WORKING_COUPLE,KR Puram|COMMERCIAL,2,7,28.6,42.9,-14.3
MTR_000346_HASH,SP_000346_HASH,Domlur,East Circle,FDR_014_HASH,DT_0029_HASH,RESIDENTIAL,2BHK_SMALL_FAMILY,LT2A_RESIDENTIAL,177.78,184.53,184.14,-3.58,0.21,0.0,0.0,3.04,0.96,0.87,11,181.7,3.0,1,0.0,0,FAMILY,Domlur|RESIDENTIAL,2,11,27.3,36.4,-9.1
MTR_000347_HASH,SP_000347_HASH,Yelahanka,North Circle,FDR_009_HASH,DT_0054_HASH,RESIDENTIAL,4BHK_VILLA_HIGH_LOAD,LT2A_RESIDENTIAL,58.27,62.78,62.79,-7.75,-0.0,0.0,0.0,2.43,0.96,0.89,20,60.99,5.0,1,0.0,0,VACANT,Yelahanka|RESIDENTIAL|4BHK_VILLA_HIGH_LOAD,1,5,20.0,20.0,0.0
MTR_000348_HASH,SP_000348_HASH,Yelahanka,North Circle,FDR_009_HASH,DT_0009_HASH,RESIDENTIAL,2BHK_SMALL_FAMILY,LT2A_RESIDENTIAL,103.08,106.56,106.34,-3.17,0.2,0.0,0.1,3.04,0.96,0.89,14,105.13,3.0,0,0.0,0,WORKING_COUPLE,Yelahanka|RESIDENTIAL|2BHK_SMALL_FAMILY,1,8,37.5,37.5,0.0
MTR_000349_HASH,SP_000349_HASH,Rajajinagar,West Circle,FDR_011_HASH,DT_0056_HASH,RESIDENTIAL,1BHK_SINGLE_OR_COUPLE,LT2A_RESIDENTIAL,3.38,3.52,3.49,-3.18,0.76,0.0,0.1,4.1,0.96,0.88,864,28.84,3.0,1,0.0,0,VACANT,Rajajinagar|RESIDENTIAL|1BHK_SINGLE_OR_COUPLE,1,6,16.7,16.7,0.0
MTR_000350_HASH,SP_000350_HASH,KR Puram,East Circle,FDR_012_HASH,DT_0102_HASH,RESIDENTIAL,2BHK_SMALL_FAMILY,LT2A_RESIDENTIAL,17.83,18.1,18.06,-1.29,0.26,0.0,0.1,3.13,0.96,0.89,72,17.98,5.0,1,0.0,0,VACANT,KR Puram|RESIDENTIAL|2BHK_SMALL_FAMILY,1,10,10.0,10.0,0.0
MTR_000351_HASH,SP_000351_HASH,Peenya,North Circle,FDR_006_HASH,DT_0081_HASH,COMMERCIAL,RESTAURANT_CAFE,LT3_COMMERCIAL,780.65,794.98,825.66,-5.77,-3.86,0.0,0.03,1.41,0.91,0.83,6,804.34,5.0,0,0.0,0,FAMILY,Peenya|COMMERCIAL,2,3,100.0,100.0,0.0
MTR_000352_HASH,SP_000352_HASH,Domlur,East Circle,FDR_002_HASH,DT_0077_HASH,COMMERCIAL,SUPERMARKET_MINI_MART,LT3_COMMERCIAL,1042.27,1068.73,1102.36,-5.77,-3.15,0.0,0.1,1.2,0.91,0.84,8,1077.57,12.0,0,0.0,0,FAMILY,Domlur|COMMERCIAL,2,20,95.0,95.0,0.0
MTR_000353_HASH,SP_000353_HASH,Electronic City,South Circle,FDR_007_HASH,DT_0007_HASH,COMMERCIAL,SMALL_OFFICE,LT3_COMMERCIAL,195.35,211.78,213.95,-9.52,-1.02,0.0,0.0,0.78,0.91,0.84,26,208.03,5.0,0,0.0,0,MIXED_USE,Electronic City|COMMERCIAL|SMALL_OFFICE,1,3,33.3,33.3,0.0
MTR_000354_HASH,SP_000354_HASH,Hebbal,North Circle,FDR_008_HASH,DT_0113_HASH,RESIDENTIAL,1BHK_SINGLE_OR_COUPLE,LT2A_RESIDENTIAL,119.32,120.28,119.58,-0.22,0.58,0.0,0.05,4.21,0.96,0.89,11,119.89,2.0,0,0.0,0,MIXED_USE,Hebbal|RESIDENTIAL|1BHK_SINGLE_OR_COUPLE,1,7,85.7,85.7,0.0
MTR_000355_HASH,SP_000355_HASH,Electronic City,South Circle,FDR_007_HASH,DT_0007_HASH,RESIDENTIAL,2BHK_SMALL_FAMILY,LT2A_RESIDENTIAL,132.48,140.04,139.31,-5.16,0.52,0.0,0.0,2.98,0.96,0.88,10,136.78,3.0,0,0.0,0,MIXED_USE,Electronic City|RESIDENTIAL|2BHK_SMALL_FAMILY,1,7,71.4,100.0,-28.6
MTR_000356_HASH,SP_000356_HASH,Electronic City,South Circle,FDR_007_HASH,DT_0097_HASH,RESIDENTIAL,2BHK_SMALL_FAMILY,LT2A_RESIDENTIAL,19.52,20.3,20.26,-3.81,0.18,0.0,0.0,3.04,0.96,0.89,50,19.98,2.0,1,0.0,0,VACANT,Electronic City|RESIDENTIAL|2BHK_SMALL_FAMILY,1,7,14.3,42.9,-28.6
MTR_000357_HASH,SP_000357_HASH,Koramangala,South Circle,FDR_004_HASH,DT_0004_HASH,COMMERCIAL,CLINIC,LT3_COMMERCIAL,214.96,227.59,228.45,-6.28,-0.38,0.0,0.0,0.97,0.91,0.84,26,223.16,3.0,0,0.0,0,FAMILY,Koramangala|COMMERCIAL,2,12,8.3,16.7,-8.4
MTR_000358_HASH,SP_000358_HASH,Hebbal,North Circle,FDR_008_HASH,DT_0068_HASH,RESIDENTIAL,PG_OR_HOSTEL,LT2A_RESIDENTIAL,293.59,297.86,296.68,-1.05,0.4,0.0,0.05,2.72,0.96,0.89,7,295.97,5.0,0,0.0,0,FAMILY,Hebbal|RESIDENTIAL,2,24,79.2,83.3,-4.1
MTR_000359_HASH,SP_000359_HASH,Whitefield,East Circle,FDR_005_HASH,DT_0095_HASH,RESIDENTIAL,2BHK_SMALL_FAMILY,LT2A_RESIDENTIAL,246.74,254.82,255.09,-3.38,-0.11,0.0,0.0,3.04,0.96,0.89,24,252.37,3.0,1,0.0,0,FAMILY,Whitefield|RESIDENTIAL|2BHK_SMALL_FAMILY,1,10,80.0,90.0,-10.0
MTR_000360_HASH,SP_000360_HASH,Koramangala,South Circle,FDR_004_HASH,DT_0034_HASH,COMMERCIAL,KIRANA_RETAIL_SHOP,LT3_COMMERCIAL,290.21,304.97,309.69,-6.71,-1.55,0.0,0.0,0.92,0.91,0.84,19,301.32,5.0,0,0.0,0,FAMILY,Koramangala|COMMERCIAL|KIRANA_RETAIL_SHOP,1,3,33.3,33.3,0.0
