case_truth_id,meter_id_hash,primary_label,all_labels,is_suspicious_truth,root_cause_truth,recommended_team_truth,label_source,notes
TRUTH_000001,MTR_000001_HASH,inactive_disconnected_suppressed_non_theft,inactive_disconnected_suppressed_non_theft,0,non_active_service_status,No field visit,SYNTHETIC_INJECTION_ONLY_DO_NOT_TRAIN_ON_THIS,Synthetic truth labels are evaluation-only; do not use as model features.
TRUTH_000002,MTR_000002_HASH,inactive_disconnected_suppressed_non_theft,inactive_disconnected_suppressed_non_theft,0,non_active_service_status,No field visit,SYNTHETIC_INJECTION_ONLY_DO_NOT_TRAIN_ON_THIS,Synthetic truth labels are evaluation-only; do not use as model features.
TRUTH_000003,MTR_000003_HASH,inactive_disconnected_suppressed_non_theft,inactive_disconnected_suppressed_non_theft,0,non_active_service_status,No field visit,SYNTHETIC_INJECTION_ONLY_DO_NOT_TRAIN_ON_THIS,Synthetic truth labels are evaluation-only; do not use as model features.
TRUTH_000004,MTR_000004_HASH,single_signal_probable_review,single_signal_probable_review,1,probable_suspicious_review_or_false_positive,Vigilance Review,SYNTHETIC_INJECTION_ONLY_DO_NOT_TRAIN_ON_THIS,Synthetic truth labels are evaluation-only; do not use as model features.
TRUTH_000005,MTR_000005_HASH,inactive_disconnected_suppressed_non_theft,inactive_disconnected_suppressed_non_theft,0,non_active_service_status,No field visit,SYNTHETIC_INJECTION_ONLY_DO_NOT_TRAIN_ON_THIS,Synthetic truth labels are evaluation-only; do not use as model features.
TRUTH_000006,MTR_000006_HASH,inactive_disconnected_suppressed_non_theft,inactive_disconnected_suppressed_non_theft,0,non_active_service_status,No field visit,SYNTHETIC_INJECTION_ONLY_DO_NOT_TRAIN_ON_THIS,Synthetic truth labels are evaluation-only; do not use as model features.
TRUTH_000007,MTR_000007_HASH,inactive_disconnected_suppressed_non_theft,inactive_disconnected_suppressed_non_theft,0,non_active_service_status,No field visit,SYNTHETIC_INJECTION_ONLY_DO_NOT_TRAIN_ON_THIS,Synthetic truth labels are evaluation-only; do not use as model features.
TRUTH_000008,MTR_000008_HASH,inactive_disconnected_suppressed_non_theft,inactive_disconnected_suppressed_non_theft,0,non_active_service_status,No field visit,SYNTHETIC_INJECTION_ONLY_DO_NOT_TRAIN_ON_THIS,Synthetic truth labels are evaluation-only; do not use as model features.
TRUTH_000009,MTR_000009_HASH,multi_signal_confirmed_suspected_loss,multi_signal_confirmed_suspected_loss,1,multi_signal_suspected_loss_or_meter_irregularity,Vigilance,SYNTHETIC_INJECTION_ONLY_DO_NOT_TRAIN_ON_THIS,Synthetic truth labels are evaluation-only; do not use as model features.
TRUTH_000010,MTR_000010_HASH,inactive_disconnected_suppressed_non_theft,inactive_disconnected_suppressed_non_theft,0,non_active_service_status,No field visit,SYNTHETIC_INJECTION_ONLY_DO_NOT_TRAIN_ON_THIS,Synthetic truth labels are evaluation-only; do not use as model features.
TRUTH_000011,MTR_000011_HASH,inactive_disconnected_suppressed_non_theft,inactive_disconnected_suppressed_non_theft,0,non_active_service_status,No field visit,SYNTHETIC_INJECTION_ONLY_DO_NOT_TRAIN_ON_THIS,Synthetic truth labels are evaluation-only; do not use as model features.
TRUTH_000012,MTR_000012_HASH,inactive_disconnected_suppressed_non_theft,inactive_disconnected_suppressed_non_theft,0,non_active_service_status,No field visit,SYNTHETIC_INJECTION_ONLY_DO_NOT_TRAIN_ON_THIS,Synthetic truth labels are evaluation-only; do not use as model features.
TRUTH_000013,MTR_000013_HASH,inactive_disconnected_suppressed_non_theft,inactive_disconnected_suppressed_non_theft,0,non_active_service_status,No field visit,SYNTHETIC_INJECTION_ONLY_DO_NOT_TRAIN_ON_THIS,Synthetic truth labels are evaluation-only; do not use as model features.
TRUTH_000014,MTR_000014_HASH,multi_signal_confirmed_suspected_loss,multi_signal_confirmed_suspected_loss,1,multi_signal_suspected_loss_or_meter_irregularity,Vigilance,SYNTHETIC_INJECTION_ONLY_DO_NOT_TRAIN_ON_THIS,Synthetic truth labels are evaluation-only; do not use as model features.
TRUTH_000015,MTR_000015_HASH,inactive_disconnected_suppressed_non_theft,inactive_disconnected_suppressed_non_theft,0,non_active_service_status,No field visit,SYNTHETIC_INJECTION_ONLY_DO_NOT_TRAIN_ON_THIS,Synthetic truth labels are evaluation-only; do not use as model features.
TRUTH_000016,MTR_000016_HASH,inactive_disconnected_suppressed_non_theft,inactive_disconnected_suppressed_non_theft,0,non_active_service_status,No field visit,SYNTHETIC_INJECTION_ONLY_DO_NOT_TRAIN_ON_THIS,Synthetic truth labels are evaluation-only; do not use as model features.
TRUTH_000017,MTR_000017_HASH,inactive_disconnected_suppressed_non_theft,inactive_disconnected_suppressed_non_theft,0,non_active_service_status,No field visit,SYNTHETIC_INJECTION_ONLY_DO_NOT_TRAIN_ON_THIS,Synthetic truth labels are evaluation-only; do not use as model features.
TRUTH_000018,MTR_000018_HASH,watchlist_monitor_not_inspection_ready,watchlist_monitor_not_inspection_ready,0,weak_signal_needs_more_evidence,Watchlist,SYNTHETIC_INJECTION_ONLY_DO_NOT_TRAIN_ON_THIS,Synthetic truth labels are evaluation-only; do not use as model features.
TRUTH_000019,MTR_000019_HASH,inactive_disconnected_suppressed_non_theft,inactive_disconnected_suppressed_non_theft,0,non_active_service_status,No field visit,SYNTHETIC_INJECTION_ONLY_DO_NOT_TRAIN_ON_THIS,Synthetic truth labels are evaluation-only; do not use as model features.
TRUTH_000020,MTR_000020_HASH,inactive_disconnected_suppressed_non_theft,inactive_disconnected_suppressed_non_theft,0,non_active_service_status,No field visit,SYNTHETIC_INJECTION_ONLY_DO_NOT_TRAIN_ON_THIS,Synthetic truth labels are evaluation-only; do not use as model features.
TRUTH_000021,MTR_000021_HASH,inactive_disconnected_suppressed_non_theft,inactive_disconnected_suppressed_non_theft,0,non_active_service_status,No field visit,SYNTHETIC_INJECTION_ONLY_DO_NOT_TRAIN_ON_THIS,Synthetic truth labels are evaluation-only; do not use as model features.
TRUTH_000022,MTR_000022_HASH,inactive_disconnected_suppressed_non_theft,inactive_disconnected_suppressed_non_theft,0,non_active_service_status,No field visit,SYNTHETIC_INJECTION_ONLY_DO_NOT_TRAIN_ON_THIS,Synthetic truth labels are evaluation-only; do not use as model features.
TRUTH_000023,MTR_000023_HASH,inactive_disconnected_suppressed_non_theft,inactive_disconnected_suppressed_non_theft,0,non_active_service_status,No field visit,SYNTHETIC_INJECTION_ONLY_DO_NOT_TRAIN_ON_THIS,Synthetic truth labels are evaluation-only; do not use as model features.
TRUTH_000024,MTR_000024_HASH,multi_signal_confirmed_suspected_loss,multi_signal_confirmed_suspected_loss,1,multi_signal_suspected_loss_or_meter_irregularity,Vigilance,SYNTHETIC_INJECTION_ONLY_DO_NOT_TRAIN_ON_THIS,Synthetic truth labels are evaluation-only; do not use as model features.
TRUTH_000025,MTR_000025_HASH,inactive_disconnected_suppressed_non_theft,inactive_disconnected_suppressed_non_theft,0,non_active_service_status,No field visit,SYNTHETIC_INJECTION_ONLY_DO_NOT_TRAIN_ON_THIS,Synthetic truth labels are evaluation-only; do not use as model features.
TRUTH_000026,MTR_000026_HASH,normal,normal,0,normal_consumption,No field visit,SYNTHETIC_INJECTION_ONLY_DO_NOT_TRAIN_ON_THIS,Synthetic truth labels are evaluation-only; do not use as model features.
TRUTH_000027,MTR_000027_HASH,multi_signal_confirmed_suspected_loss,multi_signal_confirmed_suspected_loss,1,multi_signal_suspected_loss_or_meter_irregularity,Vigilance,SYNTHETIC_INJECTION_ONLY_DO_NOT_TRAIN_ON_THIS,Synthetic truth labels are evaluation-only; do not use as model features.
TRUTH_000028,MTR_000028_HASH,normal,normal,0,normal_consumption,No field visit,SYNTHETIC_INJECTION_ONLY_DO_NOT_TRAIN_ON_THIS,Synthetic truth labels are evaluation-only; do not use as model features.
TRUTH_000029,MTR_000029_HASH,normal,normal,0,normal_consumption,No field visit,SYNTHETIC_INJECTION_ONLY_DO_NOT_TRAIN_ON_THIS,Synthetic truth labels are evaluation-only; do not use as model features.
TRUTH_000030,MTR_000030_HASH,multi_signal_confirmed_suspected_loss,multi_signal_confirmed_suspected_loss,1,multi_signal_suspected_loss_or_meter_irregularity,Vigilance,SYNTHETIC_INJECTION_ONLY_DO_NOT_TRAIN_ON_THIS,Synthetic truth labels are evaluation-only; do not use as model features.
TRUTH_000031,MTR_000031_HASH,normal,normal,0,normal_consumption,No field visit,SYNTHETIC_INJECTION_ONLY_DO_NOT_TRAIN_ON_THIS,Synthetic truth labels are evaluation-only; do not use as model features.
TRUTH_000032,MTR_000032_HASH,normal,normal,0,normal_consumption,No field visit,SYNTHETIC_INJECTION_ONLY_DO_NOT_TRAIN_ON_THIS,Synthetic truth labels are evaluation-only; do not use as model features.
TRUTH_000033,MTR_000033_HASH,normal,normal,0,normal_consumption,No field visit,SYNTHETIC_INJECTION_ONLY_DO_NOT_TRAIN_ON_THIS,Synthetic truth labels are evaluation-only; do not use as model features.
TRUTH_000034,MTR_000034_HASH,normal,normal,0,normal_consumption,No field visit,SYNTHETIC_INJECTION_ONLY_DO_NOT_TRAIN_ON_THIS,Synthetic truth labels are evaluation-only; do not use as model features.
TRUTH_000035,MTR_000035_HASH,normal,normal,0,normal_consumption,No field visit,SYNTHETIC_INJECTION_ONLY_DO_NOT_TRAIN_ON_THIS,Synthetic truth labels are evaluation-only; do not use as model features.
TRUTH_000036,MTR_000036_HASH,normal,normal,0,normal_consumption,No field visit,SYNTHETIC_INJECTION_ONLY_DO_NOT_TRAIN_ON_THIS,Synthetic truth labels are evaluation-only; do not use as model features.
TRUTH_000037,MTR_000037_HASH,normal,normal,0,normal_consumption,No field visit,SYNTHETIC_INJECTION_ONLY_DO_NOT_TRAIN_ON_THIS,Synthetic truth labels are evaluation-only; do not use as model features.
TRUTH_000038,MTR_000038_HASH,normal,normal,0,normal_consumption,No field visit,SYNTHETIC_INJECTION_ONLY_DO_NOT_TRAIN_ON_THIS,Synthetic truth labels are evaluation-only; do not use as model features.
TRUTH_000039,MTR_000039_HASH,normal,normal,0,normal_consumption,No field visit,SYNTHETIC_INJECTION_ONLY_DO_NOT_TRAIN_ON_THIS,Synthetic truth labels are evaluation-only; do not use as model features.
TRUTH_000040,MTR_000040_HASH,normal,normal,0,normal_consumption,No field visit,SYNTHETIC_INJECTION_ONLY_DO_NOT_TRAIN_ON_THIS,Synthetic truth labels are evaluation-only; do not use as model features.
TRUTH_000041,MTR_000041_HASH,normal,normal,0,normal_consumption,No field visit,SYNTHETIC_INJECTION_ONLY_DO_NOT_TRAIN_ON_THIS,Synthetic truth labels are evaluation-only; do not use as model features.
TRUTH_000042,MTR_000042_HASH,normal,normal,0,normal_consumption,No field visit,SYNTHETIC_INJECTION_ONLY_DO_NOT_TRAIN_ON_THIS,Synthetic truth labels are evaluation-only; do not use as model features.
TRUTH_000043,MTR_000043_HASH,normal,normal,0,normal_consumption,No field visit,SYNTHETIC_INJECTION_ONLY_DO_NOT_TRAIN_ON_THIS,Synthetic truth labels are evaluation-only; do not use as model features.
TRUTH_000044,MTR_000044_HASH,normal,normal,0,normal_consumption,No field visit,SYNTHETIC_INJECTION_ONLY_DO_NOT_TRAIN_ON_THIS,Synthetic truth labels are evaluation-only; do not use as model features.
TRUTH_000045,MTR_000045_HASH,normal,normal,0,normal_consumption,No field visit,SYNTHETIC_INJECTION_ONLY_DO_NOT_TRAIN_ON_THIS,Synthetic truth labels are evaluation-only; do not use as model features.
TRUTH_000046,MTR_000046_HASH,single_signal_probable_review,single_signal_probable_review,1,probable_suspicious_review_or_false_positive,Vigilance Review,SYNTHETIC_INJECTION_ONLY_DO_NOT_TRAIN_ON_THIS,Synthetic truth labels are evaluation-only; do not use as model features.
TRUTH_000047,MTR_000047_HASH,normal,normal,0,normal_consumption,No field visit,SYNTHETIC_INJECTION_ONLY_DO_NOT_TRAIN_ON_THIS,Synthetic truth labels are evaluation-only; do not use as model features.
TRUTH_000048,MTR_000048_HASH,solar_daytime_low_import_non_suspicious,solar_daytime_low_import_non_suspicious,0,solar_export_normal,No field visit,SYNTHETIC_INJECTION_ONLY_DO_NOT_TRAIN_ON_THIS,Synthetic truth labels are evaluation-only; do not use as model features.
TRUTH_000049,MTR_000049_HASH,normal,normal,0,normal_consumption,No field visit,SYNTHETIC_INJECTION_ONLY_DO_NOT_TRAIN_ON_THIS,Synthetic truth labels are evaluation-only; do not use as model features.
TRUTH_000050,MTR_000050_HASH,normal,normal,0,normal_consumption,No field visit,SYNTHETIC_INJECTION_ONLY_DO_NOT_TRAIN_ON_THIS,Synthetic truth labels are evaluation-only; do not use as model features.
TRUTH_000051,MTR_000051_HASH,single_signal_probable_review,single_signal_probable_review,1,probable_suspicious_review_or_false_positive,Vigilance Review,SYNTHETIC_INJECTION_ONLY_DO_NOT_TRAIN_ON_THIS,Synthetic truth labels are evaluation-only; do not use as model features.
TRUTH_000052,MTR_000052_HASH,watchlist_monitor_not_inspection_ready,watchlist_monitor_not_inspection_ready,0,weak_signal_needs_more_evidence,Watchlist,SYNTHETIC_INJECTION_ONLY_DO_NOT_TRAIN_ON_THIS,Synthetic truth labels are evaluation-only; do not use as model features.
TRUTH_000053,MTR_000053_HASH,normal,normal,0,normal_consumption,No field visit,SYNTHETIC_INJECTION_ONLY_DO_NOT_TRAIN_ON_THIS,Synthetic truth labels are evaluation-only; do not use as model features.
TRUTH_000054,MTR_000054_HASH,normal,normal,0,normal_consumption,No field visit,SYNTHETIC_INJECTION_ONLY_DO_NOT_TRAIN_ON_THIS,Synthetic truth labels are evaluation-only; do not use as model features.
TRUTH_000055,MTR_000055_HASH,normal,normal,0,normal_consumption,No field visit,SYNTHETIC_INJECTION_ONLY_DO_NOT_TRAIN_ON_THIS,Synthetic truth labels are evaluation-only; do not use as model features.
TRUTH_000056,MTR_000056_HASH,normal,normal,0,normal_consumption,No field visit,SYNTHETIC_INJECTION_ONLY_DO_NOT_TRAIN_ON_THIS,Synthetic truth labels are evaluation-only; do not use as model features.
TRUTH_000057,MTR_000057_HASH,normal,normal,0,normal_consumption,No field visit,SYNTHETIC_INJECTION_ONLY_DO_NOT_TRAIN_ON_THIS,Synthetic truth labels are evaluation-only; do not use as model features.
TRUTH_000058,MTR_000058_HASH,single_signal_probable_review,single_signal_probable_review,1,probable_suspicious_review_or_false_positive,Vigilance Review,SYNTHETIC_INJECTION_ONLY_DO_NOT_TRAIN_ON_THIS,Synthetic truth labels are evaluation-only; do not use as model features.
TRUTH_000059,MTR_000059_HASH,solar_daytime_low_import_non_suspicious,solar_daytime_low_import_non_suspicious,0,solar_export_normal,No field visit,SYNTHETIC_INJECTION_ONLY_DO_NOT_TRAIN_ON_THIS,Synthetic truth labels are evaluation-only; do not use as model features.
TRUTH_000060,MTR_000060_HASH,multi_signal_confirmed_suspected_loss,multi_signal_confirmed_suspected_loss,1,multi_signal_suspected_loss_or_meter_irregularity,Vigilance,SYNTHETIC_INJECTION_ONLY_DO_NOT_TRAIN_ON_THIS,Synthetic truth labels are evaluation-only; do not use as model features.
TRUTH_000061,MTR_000061_HASH,normal,normal,0,normal_consumption,No field visit,SYNTHETIC_INJECTION_ONLY_DO_NOT_TRAIN_ON_THIS,Synthetic truth labels are evaluation-only; do not use as model features.
TRUTH_000062,MTR_000062_HASH,normal,normal,0,normal_consumption,No field visit,SYNTHETIC_INJECTION_ONLY_DO_NOT_TRAIN_ON_THIS,Synthetic truth labels are evaluation-only; do not use as model features.
TRUTH_000063,MTR_000063_HASH,multi_signal_confirmed_suspected_loss,multi_signal_confirmed_suspected_loss,1,multi_signal_suspected_loss_or_meter_irregularity,Vigilance,SYNTHETIC_INJECTION_ONLY_DO_NOT_TRAIN_ON_THIS,Synthetic truth labels are evaluation-only; do not use as model features.
TRUTH_000064,MTR_000064_HASH,normal,normal,0,normal_consumption,No field visit,SYNTHETIC_INJECTION_ONLY_DO_NOT_TRAIN_ON_THIS,Synthetic truth labels are evaluation-only; do not use as model features.
TRUTH_000065,MTR_000065_HASH,normal,normal,0,normal_consumption,No field visit,SYNTHETIC_INJECTION_ONLY_DO_NOT_TRAIN_ON_THIS,Synthetic truth labels are evaluation-only; do not use as model features.
TRUTH_000066,MTR_000066_HASH,normal,normal,0,normal_consumption,No field visit,SYNTHETIC_INJECTION_ONLY_DO_NOT_TRAIN_ON_THIS,Synthetic truth labels are evaluation-only; do not use as model features.
TRUTH_000067,MTR_000067_HASH,normal,normal,0,normal_consumption,No field visit,SYNTHETIC_INJECTION_ONLY_DO_NOT_TRAIN_ON_THIS,Synthetic truth labels are evaluation-only; do not use as model features.
TRUTH_000068,MTR_000068_HASH,normal,normal,0,normal_consumption,No field visit,SYNTHETIC_INJECTION_ONLY_DO_NOT_TRAIN_ON_THIS,Synthetic truth labels are evaluation-only; do not use as model features.
TRUTH_000069,MTR_000069_HASH,normal,normal,0,normal_consumption,No field visit,SYNTHETIC_INJECTION_ONLY_DO_NOT_TRAIN_ON_THIS,Synthetic truth labels are evaluation-only; do not use as model features.
TRUTH_000070,MTR_000070_HASH,normal,normal,0,normal_consumption,No field visit,SYNTHETIC_INJECTION_ONLY_DO_NOT_TRAIN_ON_THIS,Synthetic truth labels are evaluation-only; do not use as model features.
TRUTH_000071,MTR_000071_HASH,ev_night_charging_normal,ev_night_charging_normal,0,ev_consistent_night_charging,No field visit,SYNTHETIC_INJECTION_ONLY_DO_NOT_TRAIN_ON_THIS,Synthetic truth labels are evaluation-only; do not use as model features.
TRUTH_000072,MTR_000072_HASH,normal,normal,0,normal_consumption,No field visit,SYNTHETIC_INJECTION_ONLY_DO_NOT_TRAIN_ON_THIS,Synthetic truth labels are evaluation-only; do not use as model features.
TRUTH_000073,MTR_000073_HASH,normal,normal,0,normal_consumption,No field visit,SYNTHETIC_INJECTION_ONLY_DO_NOT_TRAIN_ON_THIS,Synthetic truth labels are evaluation-only; do not use as model features.
TRUTH_000074,MTR_000074_HASH,normal,normal,0,normal_consumption,No field visit,SYNTHETIC_INJECTION_ONLY_DO_NOT_TRAIN_ON_THIS,Synthetic truth labels are evaluation-only; do not use as model features.
TRUTH_000075,MTR_000075_HASH,normal,normal,0,normal_consumption,No field visit,SYNTHETIC_INJECTION_ONLY_DO_NOT_TRAIN_ON_THIS,Synthetic truth labels are evaluation-only; do not use as model features.
TRUTH_000076,MTR_000076_HASH,normal,normal,0,normal_consumption,No field visit,SYNTHETIC_INJECTION_ONLY_DO_NOT_TRAIN_ON_THIS,Synthetic truth labels are evaluation-only; do not use as model features.
TRUTH_000077,MTR_000077_HASH,normal,normal,0,normal_consumption,No field visit,SYNTHETIC_INJECTION_ONLY_DO_NOT_TRAIN_ON_THIS,Synthetic truth labels are evaluation-only; do not use as model features.
TRUTH_000078,MTR_000078_HASH,normal,normal,0,normal_consumption,No field visit,SYNTHETIC_INJECTION_ONLY_DO_NOT_TRAIN_ON_THIS,Synthetic truth labels are evaluation-only; do not use as model features.
TRUTH_000079,MTR_000079_HASH,single_signal_probable_review,single_signal_probable_review,0,probable_suspicious_review_or_false_positive,Vigilance Review,SYNTHETIC_INJECTION_ONLY_DO_NOT_TRAIN_ON_THIS,Synthetic truth labels are evaluation-only; do not use as model features.
TRUTH_000080,MTR_000080_HASH,normal,normal,0,normal_consumption,No field visit,SYNTHETIC_INJECTION_ONLY_DO_NOT_TRAIN_ON_THIS,Synthetic truth labels are evaluation-only; do not use as model features.
TRUTH_000081,MTR_000081_HASH,normal,normal,0,normal_consumption,No field visit,SYNTHETIC_INJECTION_ONLY_DO_NOT_TRAIN_ON_THIS,Synthetic truth labels are evaluation-only; do not use as model features.
TRUTH_000082,MTR_000082_HASH,single_signal_probable_review,single_signal_probable_review,1,probable_suspicious_review_or_false_positive,Vigilance Review,SYNTHETIC_INJECTION_ONLY_DO_NOT_TRAIN_ON_THIS,Synthetic truth labels are evaluation-only; do not use as model features.
TRUTH_000083,MTR_000083_HASH,single_signal_probable_review,single_signal_probable_review,1,probable_suspicious_review_or_false_positive,Vigilance Review,SYNTHETIC_INJECTION_ONLY_DO_NOT_TRAIN_ON_THIS,Synthetic truth labels are evaluation-only; do not use as model features.
TRUTH_000084,MTR_000084_HASH,normal,normal,0,normal_consumption,No field visit,SYNTHETIC_INJECTION_ONLY_DO_NOT_TRAIN_ON_THIS,Synthetic truth labels are evaluation-only; do not use as model features.
TRUTH_000085,MTR_000085_HASH,normal,normal,0,normal_consumption,No field visit,SYNTHETIC_INJECTION_ONLY_DO_NOT_TRAIN_ON_THIS,Synthetic truth labels are evaluation-only; do not use as model features.
TRUTH_000086,MTR_000086_HASH,normal,normal,0,normal_consumption,No field visit,SYNTHETIC_INJECTION_ONLY_DO_NOT_TRAIN_ON_THIS,Synthetic truth labels are evaluation-only; do not use as model features.
TRUTH_000087,MTR_000087_HASH,normal,normal,0,normal_consumption,No field visit,SYNTHETIC_INJECTION_ONLY_DO_NOT_TRAIN_ON_THIS,Synthetic truth labels are evaluation-only; do not use as model features.
TRUTH_000088,MTR_000088_HASH,single_signal_probable_review,single_signal_probable_review,1,probable_suspicious_review_or_false_positive,Vigilance Review,SYNTHETIC_INJECTION_ONLY_DO_NOT_TRAIN_ON_THIS,Synthetic truth labels are evaluation-only; do not use as model features.
TRUTH_000089,MTR_000089_HASH,normal,normal,0,normal_consumption,No field visit,SYNTHETIC_INJECTION_ONLY_DO_NOT_TRAIN_ON_THIS,Synthetic truth labels are evaluation-only; do not use as model features.
TRUTH_000090,MTR_000090_HASH,normal,normal,0,normal_consumption,No field visit,SYNTHETIC_INJECTION_ONLY_DO_NOT_TRAIN_ON_THIS,Synthetic truth labels are evaluation-only; do not use as model features.
TRUTH_000091,MTR_000091_HASH,normal,normal,0,normal_consumption,No field visit,SYNTHETIC_INJECTION_ONLY_DO_NOT_TRAIN_ON_THIS,Synthetic truth labels are evaluation-only; do not use as model features.
TRUTH_000092,MTR_000092_HASH,normal,normal,0,normal_consumption,No field visit,SYNTHETIC_INJECTION_ONLY_DO_NOT_TRAIN_ON_THIS,Synthetic truth labels are evaluation-only; do not use as model features.
TRUTH_000093,MTR_000093_HASH,watchlist_monitor_not_inspection_ready,watchlist_monitor_not_inspection_ready,0,weak_signal_needs_more_evidence,Watchlist,SYNTHETIC_INJECTION_ONLY_DO_NOT_TRAIN_ON_THIS,Synthetic truth labels are evaluation-only; do not use as model features.
TRUTH_000094,MTR_000094_HASH,normal,normal,0,normal_consumption,No field visit,SYNTHETIC_INJECTION_ONLY_DO_NOT_TRAIN_ON_THIS,Synthetic truth labels are evaluation-only; do not use as model features.
TRUTH_000095,MTR_000095_HASH,normal,normal,0,normal_consumption,No field visit,SYNTHETIC_INJECTION_ONLY_DO_NOT_TRAIN_ON_THIS,Synthetic truth labels are evaluation-only; do not use as model features.
TRUTH_000096,MTR_000096_HASH,normal,normal,0,normal_consumption,No field visit,SYNTHETIC_INJECTION_ONLY_DO_NOT_TRAIN_ON_THIS,Synthetic truth labels are evaluation-only; do not use as model features.
TRUTH_000097,MTR_000097_HASH,normal,normal,0,normal_consumption,No field visit,SYNTHETIC_INJECTION_ONLY_DO_NOT_TRAIN_ON_THIS,Synthetic truth labels are evaluation-only; do not use as model features.
TRUTH_000098,MTR_000098_HASH,normal,normal,0,normal_consumption,No field visit,SYNTHETIC_INJECTION_ONLY_DO_NOT_TRAIN_ON_THIS,Synthetic truth labels are evaluation-only; do not use as model features.
TRUTH_000099,MTR_000099_HASH,watchlist_monitor_not_inspection_ready,watchlist_monitor_not_inspection_ready,0,weak_signal_needs_more_evidence,Watchlist,SYNTHETIC_INJECTION_ONLY_DO_NOT_TRAIN_ON_THIS,Synthetic truth labels are evaluation-only; do not use as model features.
TRUTH_000100,MTR_000100_HASH,single_signal_probable_review,single_signal_probable_review,1,probable_suspicious_review_or_false_positive,Vigilance Review,SYNTHETIC_INJECTION_ONLY_DO_NOT_TRAIN_ON_THIS,Synthetic truth labels are evaluation-only; do not use as model features.
TRUTH_000101,MTR_000101_HASH,normal,normal,0,normal_consumption,No field visit,SYNTHETIC_INJECTION_ONLY_DO_NOT_TRAIN_ON_THIS,Synthetic truth labels are evaluation-only; do not use as model features.
TRUTH_000102,MTR_000102_HASH,multi_signal_confirmed_suspected_loss,multi_signal_confirmed_suspected_loss,1,multi_signal_suspected_loss_or_meter_irregularity,Vigilance,SYNTHETIC_INJECTION_ONLY_DO_NOT_TRAIN_ON_THIS,Synthetic truth labels are evaluation-only; do not use as model features.
TRUTH_000103,MTR_000103_HASH,watchlist_monitor_not_inspection_ready,watchlist_monitor_not_inspection_ready,0,weak_signal_needs_more_evidence,Watchlist,SYNTHETIC_INJECTION_ONLY_DO_NOT_TRAIN_ON_THIS,Synthetic truth labels are evaluation-only; do not use as model features.
TRUTH_000104,MTR_000104_HASH,normal,normal,0,normal_consumption,No field visit,SYNTHETIC_INJECTION_ONLY_DO_NOT_TRAIN_ON_THIS,Synthetic truth labels are evaluation-only; do not use as model features.
TRUTH_000105,MTR_000105_HASH,normal,normal,0,normal_consumption,No field visit,SYNTHETIC_INJECTION_ONLY_DO_NOT_TRAIN_ON_THIS,Synthetic truth labels are evaluation-only; do not use as model features.
TRUTH_000106,MTR_000106_HASH,normal,normal,0,normal_consumption,No field visit,SYNTHETIC_INJECTION_ONLY_DO_NOT_TRAIN_ON_THIS,Synthetic truth labels are evaluation-only; do not use as model features.
TRUTH_000107,MTR_000107_HASH,normal,normal,0,normal_consumption,No field visit,SYNTHETIC_INJECTION_ONLY_DO_NOT_TRAIN_ON_THIS,Synthetic truth labels are evaluation-only; do not use as model features.
TRUTH_000108,MTR_000108_HASH,normal,normal,0,normal_consumption,No field visit,SYNTHETIC_INJECTION_ONLY_DO_NOT_TRAIN_ON_THIS,Synthetic truth labels are evaluation-only; do not use as model features.
TRUTH_000109,MTR_000109_HASH,normal,normal,0,normal_consumption,No field visit,SYNTHETIC_INJECTION_ONLY_DO_NOT_TRAIN_ON_THIS,Synthetic truth labels are evaluation-only; do not use as model features.
TRUTH_000110,MTR_000110_HASH,normal,normal,0,normal_consumption,No field visit,SYNTHETIC_INJECTION_ONLY_DO_NOT_TRAIN_ON_THIS,Synthetic truth labels are evaluation-only; do not use as model features.
TRUTH_000111,MTR_000111_HASH,normal,normal,0,normal_consumption,No field visit,SYNTHETIC_INJECTION_ONLY_DO_NOT_TRAIN_ON_THIS,Synthetic truth labels are evaluation-only; do not use as model features.
TRUTH_000112,MTR_000112_HASH,normal,normal,0,normal_consumption,No field visit,SYNTHETIC_INJECTION_ONLY_DO_NOT_TRAIN_ON_THIS,Synthetic truth labels are evaluation-only; do not use as model features.
TRUTH_000113,MTR_000113_HASH,normal,normal,0,normal_consumption,No field visit,SYNTHETIC_INJECTION_ONLY_DO_NOT_TRAIN_ON_THIS,Synthetic truth labels are evaluation-only; do not use as model features.
TRUTH_000114,MTR_000114_HASH,normal_low_usage_gruha_jyothi_suppressed,normal_low_usage_gruha_jyothi_suppressed,0,genuine_low_usage_context,No field visit,SYNTHETIC_INJECTION_ONLY_DO_NOT_TRAIN_ON_THIS,Synthetic truth labels are evaluation-only; do not use as model features.
TRUTH_000115,MTR_000115_HASH,watchlist_monitor_not_inspection_ready,watchlist_monitor_not_inspection_ready,0,weak_signal_needs_more_evidence,Watchlist,SYNTHETIC_INJECTION_ONLY_DO_NOT_TRAIN_ON_THIS,Synthetic truth labels are evaluation-only; do not use as model features.
TRUTH_000116,MTR_000116_HASH,watchlist_monitor_not_inspection_ready,watchlist_monitor_not_inspection_ready,0,weak_signal_needs_more_evidence,Watchlist,SYNTHETIC_INJECTION_ONLY_DO_NOT_TRAIN_ON_THIS,Synthetic truth labels are evaluation-only; do not use as model features.
TRUTH_000117,MTR_000117_HASH,normal,normal,0,normal_consumption,No field visit,SYNTHETIC_INJECTION_ONLY_DO_NOT_TRAIN_ON_THIS,Synthetic truth labels are evaluation-only; do not use as model features.
TRUTH_000118,MTR_000118_HASH,normal,normal,0,normal_consumption,No field visit,SYNTHETIC_INJECTION_ONLY_DO_NOT_TRAIN_ON_THIS,Synthetic truth labels are evaluation-only; do not use as model features.
TRUTH_000119,MTR_000119_HASH,normal,normal,0,normal_consumption,No field visit,SYNTHETIC_INJECTION_ONLY_DO_NOT_TRAIN_ON_THIS,Synthetic truth labels are evaluation-only; do not use as model features.
TRUTH_000120,MTR_000120_HASH,normal,normal,0,normal_consumption,No field visit,SYNTHETIC_INJECTION_ONLY_DO_NOT_TRAIN_ON_THIS,Synthetic truth labels are evaluation-only; do not use as model features.
TRUTH_000121,MTR_000121_HASH,normal,normal,0,normal_consumption,No field visit,SYNTHETIC_INJECTION_ONLY_DO_NOT_TRAIN_ON_THIS,Synthetic truth labels are evaluation-only; do not use as model features.
TRUTH_000122,MTR_000122_HASH,normal,normal,0,normal_consumption,No field visit,SYNTHETIC_INJECTION_ONLY_DO_NOT_TRAIN_ON_THIS,Synthetic truth labels are evaluation-only; do not use as model features.
TRUTH_000123,MTR_000123_HASH,multi_signal_confirmed_suspected_loss,multi_signal_confirmed_suspected_loss,1,multi_signal_suspected_loss_or_meter_irregularity,Vigilance,SYNTHETIC_INJECTION_ONLY_DO_NOT_TRAIN_ON_THIS,Synthetic truth labels are evaluation-only; do not use as model features.
TRUTH_000124,MTR_000124_HASH,multi_signal_confirmed_suspected_loss,multi_signal_confirmed_suspected_loss,1,multi_signal_suspected_loss_or_meter_irregularity,Vigilance,SYNTHETIC_INJECTION_ONLY_DO_NOT_TRAIN_ON_THIS,Synthetic truth labels are evaluation-only; do not use as model features.
TRUTH_000125,MTR_000125_HASH,normal,normal,0,normal_consumption,No field visit,SYNTHETIC_INJECTION_ONLY_DO_NOT_TRAIN_ON_THIS,Synthetic truth labels are evaluation-only; do not use as model features.
TRUTH_000126,MTR_000126_HASH,normal,normal,0,normal_consumption,No field visit,SYNTHETIC_INJECTION_ONLY_DO_NOT_TRAIN_ON_THIS,Synthetic truth labels are evaluation-only; do not use as model features.
TRUTH_000127,MTR_000127_HASH,normal,normal,0,normal_consumption,No field visit,SYNTHETIC_INJECTION_ONLY_DO_NOT_TRAIN_ON_THIS,Synthetic truth labels are evaluation-only; do not use as model features.
TRUTH_000128,MTR_000128_HASH,normal,normal,0,normal_consumption,No field visit,SYNTHETIC_INJECTION_ONLY_DO_NOT_TRAIN_ON_THIS,Synthetic truth labels are evaluation-only; do not use as model features.
TRUTH_000129,MTR_000129_HASH,normal,normal,0,normal_consumption,No field visit,SYNTHETIC_INJECTION_ONLY_DO_NOT_TRAIN_ON_THIS,Synthetic truth labels are evaluation-only; do not use as model features.
TRUTH_000130,MTR_000130_HASH,normal,normal,0,normal_consumption,No field visit,SYNTHETIC_INJECTION_ONLY_DO_NOT_TRAIN_ON_THIS,Synthetic truth labels are evaluation-only; do not use as model features.
TRUTH_000131,MTR_000131_HASH,normal,normal,0,normal_consumption,No field visit,SYNTHETIC_INJECTION_ONLY_DO_NOT_TRAIN_ON_THIS,Synthetic truth labels are evaluation-only; do not use as model features.
TRUTH_000132,MTR_000132_HASH,multi_signal_confirmed_suspected_loss,multi_signal_confirmed_suspected_loss,1,multi_signal_suspected_loss_or_meter_irregularity,Vigilance,SYNTHETIC_INJECTION_ONLY_DO_NOT_TRAIN_ON_THIS,Synthetic truth labels are evaluation-only; do not use as model features.
TRUTH_000133,MTR_000133_HASH,normal,normal,0,normal_consumption,No field visit,SYNTHETIC_INJECTION_ONLY_DO_NOT_TRAIN_ON_THIS,Synthetic truth labels are evaluation-only; do not use as model features.
TRUTH_000134,MTR_000134_HASH,normal,normal,0,normal_consumption,No field visit,SYNTHETIC_INJECTION_ONLY_DO_NOT_TRAIN_ON_THIS,Synthetic truth labels are evaluation-only; do not use as model features.
TRUTH_000135,MTR_000135_HASH,normal,normal,0,normal_consumption,No field visit,SYNTHETIC_INJECTION_ONLY_DO_NOT_TRAIN_ON_THIS,Synthetic truth labels are evaluation-only; do not use as model features.
TRUTH_000136,MTR_000136_HASH,watchlist_monitor_not_inspection_ready,watchlist_monitor_not_inspection_ready,0,weak_signal_needs_more_evidence,Watchlist,SYNTHETIC_INJECTION_ONLY_DO_NOT_TRAIN_ON_THIS,Synthetic truth labels are evaluation-only; do not use as model features.
TRUTH_000137,MTR_000137_HASH,normal,normal,0,normal_consumption,No field visit,SYNTHETIC_INJECTION_ONLY_DO_NOT_TRAIN_ON_THIS,Synthetic truth labels are evaluation-only; do not use as model features.
TRUTH_000138,MTR_000138_HASH,normal,normal,0,normal_consumption,No field visit,SYNTHETIC_INJECTION_ONLY_DO_NOT_TRAIN_ON_THIS,Synthetic truth labels are evaluation-only; do not use as model features.
TRUTH_000139,MTR_000139_HASH,normal,normal,0,normal_consumption,No field visit,SYNTHETIC_INJECTION_ONLY_DO_NOT_TRAIN_ON_THIS,Synthetic truth labels are evaluation-only; do not use as model features.
TRUTH_000140,MTR_000140_HASH,normal,normal,0,normal_consumption,No field visit,SYNTHETIC_INJECTION_ONLY_DO_NOT_TRAIN_ON_THIS,Synthetic truth labels are evaluation-only; do not use as model features.
TRUTH_000141,MTR_000141_HASH,single_signal_probable_review,single_signal_probable_review,0,probable_suspicious_review_or_false_positive,Vigilance Review,SYNTHETIC_INJECTION_ONLY_DO_NOT_TRAIN_ON_THIS,Synthetic truth labels are evaluation-only; do not use as model features.
TRUTH_000142,MTR_000142_HASH,normal,normal,0,normal_consumption,No field visit,SYNTHETIC_INJECTION_ONLY_DO_NOT_TRAIN_ON_THIS,Synthetic truth labels are evaluation-only; do not use as model features.
TRUTH_000143,MTR_000143_HASH,normal,normal,0,normal_consumption,No field visit,SYNTHETIC_INJECTION_ONLY_DO_NOT_TRAIN_ON_THIS,Synthetic truth labels are evaluation-only; do not use as model features.
TRUTH_000144,MTR_000144_HASH,normal,normal,0,normal_consumption,No field visit,SYNTHETIC_INJECTION_ONLY_DO_NOT_TRAIN_ON_THIS,Synthetic truth labels are evaluation-only; do not use as model features.
TRUTH_000145,MTR_000145_HASH,normal,normal,0,normal_consumption,No field visit,SYNTHETIC_INJECTION_ONLY_DO_NOT_TRAIN_ON_THIS,Synthetic truth labels are evaluation-only; do not use as model features.
TRUTH_000146,MTR_000146_HASH,normal,normal,0,normal_consumption,No field visit,SYNTHETIC_INJECTION_ONLY_DO_NOT_TRAIN_ON_THIS,Synthetic truth labels are evaluation-only; do not use as model features.
TRUTH_000147,MTR_000147_HASH,single_signal_probable_review,single_signal_probable_review,0,probable_suspicious_review_or_false_positive,Vigilance Review,SYNTHETIC_INJECTION_ONLY_DO_NOT_TRAIN_ON_THIS,Synthetic truth labels are evaluation-only; do not use as model features.
TRUTH_000148,MTR_000148_HASH,normal,normal,0,normal_consumption,No field visit,SYNTHETIC_INJECTION_ONLY_DO_NOT_TRAIN_ON_THIS,Synthetic truth labels are evaluation-only; do not use as model features.
TRUTH_000149,MTR_000149_HASH,normal,normal,0,normal_consumption,No field visit,SYNTHETIC_INJECTION_ONLY_DO_NOT_TRAIN_ON_THIS,Synthetic truth labels are evaluation-only; do not use as model features.
TRUTH_000150,MTR_000150_HASH,normal,normal,0,normal_consumption,No field visit,SYNTHETIC_INJECTION_ONLY_DO_NOT_TRAIN_ON_THIS,Synthetic truth labels are evaluation-only; do not use as model features.
TRUTH_000151,MTR_000151_HASH,normal,normal,0,normal_consumption,No field visit,SYNTHETIC_INJECTION_ONLY_DO_NOT_TRAIN_ON_THIS,Synthetic truth labels are evaluation-only; do not use as model features.
TRUTH_000152,MTR_000152_HASH,normal,normal,0,normal_consumption,No field visit,SYNTHETIC_INJECTION_ONLY_DO_NOT_TRAIN_ON_THIS,Synthetic truth labels are evaluation-only; do not use as model features.
TRUTH_000153,MTR_000153_HASH,normal,normal,0,normal_consumption,No field visit,SYNTHETIC_INJECTION_ONLY_DO_NOT_TRAIN_ON_THIS,Synthetic truth labels are evaluation-only; do not use as model features.
TRUTH_000154,MTR_000154_HASH,normal,normal,0,normal_consumption,No field visit,SYNTHETIC_INJECTION_ONLY_DO_NOT_TRAIN_ON_THIS,Synthetic truth labels are evaluation-only; do not use as model features.
TRUTH_000155,MTR_000155_HASH,normal,normal,0,normal_consumption,No field visit,SYNTHETIC_INJECTION_ONLY_DO_NOT_TRAIN_ON_THIS,Synthetic truth labels are evaluation-only; do not use as model features.
TRUTH_000156,MTR_000156_HASH,normal,normal,0,normal_consumption,No field visit,SYNTHETIC_INJECTION_ONLY_DO_NOT_TRAIN_ON_THIS,Synthetic truth labels are evaluation-only; do not use as model features.
TRUTH_000157,MTR_000157_HASH,normal,normal,0,normal_consumption,No field visit,SYNTHETIC_INJECTION_ONLY_DO_NOT_TRAIN_ON_THIS,Synthetic truth labels are evaluation-only; do not use as model features.
TRUTH_000158,MTR_000158_HASH,normal,normal,0,normal_consumption,No field visit,SYNTHETIC_INJECTION_ONLY_DO_NOT_TRAIN_ON_THIS,Synthetic truth labels are evaluation-only; do not use as model features.
TRUTH_000159,MTR_000159_HASH,normal,normal,0,normal_consumption,No field visit,SYNTHETIC_INJECTION_ONLY_DO_NOT_TRAIN_ON_THIS,Synthetic truth labels are evaluation-only; do not use as model features.
TRUTH_000160,MTR_000160_HASH,normal,normal,0,normal_consumption,No field visit,SYNTHETIC_INJECTION_ONLY_DO_NOT_TRAIN_ON_THIS,Synthetic truth labels are evaluation-only; do not use as model features.
TRUTH_000161,MTR_000161_HASH,normal,normal,0,normal_consumption,No field visit,SYNTHETIC_INJECTION_ONLY_DO_NOT_TRAIN_ON_THIS,Synthetic truth labels are evaluation-only; do not use as model features.
TRUTH_000162,MTR_000162_HASH,watchlist_monitor_not_inspection_ready,watchlist_monitor_not_inspection_ready,0,weak_signal_needs_more_evidence,Watchlist,SYNTHETIC_INJECTION_ONLY_DO_NOT_TRAIN_ON_THIS,Synthetic truth labels are evaluation-only; do not use as model features.
TRUTH_000163,MTR_000163_HASH,normal,normal,0,normal_consumption,No field visit,SYNTHETIC_INJECTION_ONLY_DO_NOT_TRAIN_ON_THIS,Synthetic truth labels are evaluation-only; do not use as model features.
TRUTH_000164,MTR_000164_HASH,normal,normal,0,normal_consumption,No field visit,SYNTHETIC_INJECTION_ONLY_DO_NOT_TRAIN_ON_THIS,Synthetic truth labels are evaluation-only; do not use as model features.
TRUTH_000165,MTR_000165_HASH,normal,normal,0,normal_consumption,No field visit,SYNTHETIC_INJECTION_ONLY_DO_NOT_TRAIN_ON_THIS,Synthetic truth labels are evaluation-only; do not use as model features.
TRUTH_000166,MTR_000166_HASH,normal,normal,0,normal_consumption,No field visit,SYNTHETIC_INJECTION_ONLY_DO_NOT_TRAIN_ON_THIS,Synthetic truth labels are evaluation-only; do not use as model features.
TRUTH_000167,MTR_000167_HASH,single_signal_probable_review,single_signal_probable_review,1,probable_suspicious_review_or_false_positive,Vigilance Review,SYNTHETIC_INJECTION_ONLY_DO_NOT_TRAIN_ON_THIS,Synthetic truth labels are evaluation-only; do not use as model features.
TRUTH_000168,MTR_000168_HASH,normal,normal,0,normal_consumption,No field visit,SYNTHETIC_INJECTION_ONLY_DO_NOT_TRAIN_ON_THIS,Synthetic truth labels are evaluation-only; do not use as model features.
TRUTH_000169,MTR_000169_HASH,normal,normal,0,normal_consumption,No field visit,SYNTHETIC_INJECTION_ONLY_DO_NOT_TRAIN_ON_THIS,Synthetic truth labels are evaluation-only; do not use as model features.
TRUTH_000170,MTR_000170_HASH,normal,normal,0,normal_consumption,No field visit,SYNTHETIC_INJECTION_ONLY_DO_NOT_TRAIN_ON_THIS,Synthetic truth labels are evaluation-only; do not use as model features.
TRUTH_000171,MTR_000171_HASH,normal,normal,0,normal_consumption,No field visit,SYNTHETIC_INJECTION_ONLY_DO_NOT_TRAIN_ON_THIS,Synthetic truth labels are evaluation-only; do not use as model features.
TRUTH_000172,MTR_000172_HASH,normal,normal,0,normal_consumption,No field visit,SYNTHETIC_INJECTION_ONLY_DO_NOT_TRAIN_ON_THIS,Synthetic truth labels are evaluation-only; do not use as model features.
TRUTH_000173,MTR_000173_HASH,normal,normal,0,normal_consumption,No field visit,SYNTHETIC_INJECTION_ONLY_DO_NOT_TRAIN_ON_THIS,Synthetic truth labels are evaluation-only; do not use as model features.
TRUTH_000174,MTR_000174_HASH,normal,normal,0,normal_consumption,No field visit,SYNTHETIC_INJECTION_ONLY_DO_NOT_TRAIN_ON_THIS,Synthetic truth labels are evaluation-only; do not use as model features.
TRUTH_000175,MTR_000175_HASH,normal,normal,0,normal_consumption,No field visit,SYNTHETIC_INJECTION_ONLY_DO_NOT_TRAIN_ON_THIS,Synthetic truth labels are evaluation-only; do not use as model features.
TRUTH_000176,MTR_000176_HASH,normal,normal,0,normal_consumption,No field visit,SYNTHETIC_INJECTION_ONLY_DO_NOT_TRAIN_ON_THIS,Synthetic truth labels are evaluation-only; do not use as model features.
TRUTH_000177,MTR_000177_HASH,normal,normal,0,normal_consumption,No field visit,SYNTHETIC_INJECTION_ONLY_DO_NOT_TRAIN_ON_THIS,Synthetic truth labels are evaluation-only; do not use as model features.
TRUTH_000178,MTR_000178_HASH,normal,normal,0,normal_consumption,No field visit,SYNTHETIC_INJECTION_ONLY_DO_NOT_TRAIN_ON_THIS,Synthetic truth labels are evaluation-only; do not use as model features.
TRUTH_000179,MTR_000179_HASH,normal,normal,0,normal_consumption,No field visit,SYNTHETIC_INJECTION_ONLY_DO_NOT_TRAIN_ON_THIS,Synthetic truth labels are evaluation-only; do not use as model features.
TRUTH_000180,MTR_000180_HASH,normal,normal,0,normal_consumption,No field visit,SYNTHETIC_INJECTION_ONLY_DO_NOT_TRAIN_ON_THIS,Synthetic truth labels are evaluation-only; do not use as model features.
TRUTH_000181,MTR_000181_HASH,normal,normal,0,normal_consumption,No field visit,SYNTHETIC_INJECTION_ONLY_DO_NOT_TRAIN_ON_THIS,Synthetic truth labels are evaluation-only; do not use as model features.
TRUTH_000182,MTR_000182_HASH,normal,normal,0,normal_consumption,No field visit,SYNTHETIC_INJECTION_ONLY_DO_NOT_TRAIN_ON_THIS,Synthetic truth labels are evaluation-only; do not use as model features.
TRUTH_000183,MTR_000183_HASH,normal,normal,0,normal_consumption,No field visit,SYNTHETIC_INJECTION_ONLY_DO_NOT_TRAIN_ON_THIS,Synthetic truth labels are evaluation-only; do not use as model features.
TRUTH_000184,MTR_000184_HASH,normal,normal,0,normal_consumption,No field visit,SYNTHETIC_INJECTION_ONLY_DO_NOT_TRAIN_ON_THIS,Synthetic truth labels are evaluation-only; do not use as model features.
TRUTH_000185,MTR_000185_HASH,normal,normal,0,normal_consumption,No field visit,SYNTHETIC_INJECTION_ONLY_DO_NOT_TRAIN_ON_THIS,Synthetic truth labels are evaluation-only; do not use as model features.
TRUTH_000186,MTR_000186_HASH,normal,normal,0,normal_consumption,No field visit,SYNTHETIC_INJECTION_ONLY_DO_NOT_TRAIN_ON_THIS,Synthetic truth labels are evaluation-only; do not use as model features.
TRUTH_000187,MTR_000187_HASH,normal,normal,0,normal_consumption,No field visit,SYNTHETIC_INJECTION_ONLY_DO_NOT_TRAIN_ON_THIS,Synthetic truth labels are evaluation-only; do not use as model features.
TRUTH_000188,MTR_000188_HASH,normal,normal,0,normal_consumption,No field visit,SYNTHETIC_INJECTION_ONLY_DO_NOT_TRAIN_ON_THIS,Synthetic truth labels are evaluation-only; do not use as model features.
TRUTH_000189,MTR_000189_HASH,normal,normal,0,normal_consumption,No field visit,SYNTHETIC_INJECTION_ONLY_DO_NOT_TRAIN_ON_THIS,Synthetic truth labels are evaluation-only; do not use as model features.
TRUTH_000190,MTR_000190_HASH,normal,normal,0,normal_consumption,No field visit,SYNTHETIC_INJECTION_ONLY_DO_NOT_TRAIN_ON_THIS,Synthetic truth labels are evaluation-only; do not use as model features.
TRUTH_000191,MTR_000191_HASH,normal,normal,0,normal_consumption,No field visit,SYNTHETIC_INJECTION_ONLY_DO_NOT_TRAIN_ON_THIS,Synthetic truth labels are evaluation-only; do not use as model features.
TRUTH_000192,MTR_000192_HASH,normal,normal,0,normal_consumption,No field visit,SYNTHETIC_INJECTION_ONLY_DO_NOT_TRAIN_ON_THIS,Synthetic truth labels are evaluation-only; do not use as model features.
TRUTH_000193,MTR_000193_HASH,normal,normal,0,normal_consumption,No field visit,SYNTHETIC_INJECTION_ONLY_DO_NOT_TRAIN_ON_THIS,Synthetic truth labels are evaluation-only; do not use as model features.
TRUTH_000194,MTR_000194_HASH,normal,normal,0,normal_consumption,No field visit,SYNTHETIC_INJECTION_ONLY_DO_NOT_TRAIN_ON_THIS,Synthetic truth labels are evaluation-only; do not use as model features.
TRUTH_000195,MTR_000195_HASH,normal,normal,0,normal_consumption,No field visit,SYNTHETIC_INJECTION_ONLY_DO_NOT_TRAIN_ON_THIS,Synthetic truth labels are evaluation-only; do not use as model features.
TRUTH_000196,MTR_000196_HASH,normal,normal,0,normal_consumption,No field visit,SYNTHETIC_INJECTION_ONLY_DO_NOT_TRAIN_ON_THIS,Synthetic truth labels are evaluation-only; do not use as model features.
TRUTH_000197,MTR_000197_HASH,normal,normal,0,normal_consumption,No field visit,SYNTHETIC_INJECTION_ONLY_DO_NOT_TRAIN_ON_THIS,Synthetic truth labels are evaluation-only; do not use as model features.
TRUTH_000198,MTR_000198_HASH,normal,normal,0,normal_consumption,No field visit,SYNTHETIC_INJECTION_ONLY_DO_NOT_TRAIN_ON_THIS,Synthetic truth labels are evaluation-only; do not use as model features.
TRUTH_000199,MTR_000199_HASH,normal,normal,0,normal_consumption,No field visit,SYNTHETIC_INJECTION_ONLY_DO_NOT_TRAIN_ON_THIS,Synthetic truth labels are evaluation-only; do not use as model features.
TRUTH_000200,MTR_000200_HASH,normal,normal,0,normal_consumption,No field visit,SYNTHETIC_INJECTION_ONLY_DO_NOT_TRAIN_ON_THIS,Synthetic truth labels are evaluation-only; do not use as model features.
TRUTH_000201,MTR_000201_HASH,normal,normal,0,normal_consumption,No field visit,SYNTHETIC_INJECTION_ONLY_DO_NOT_TRAIN_ON_THIS,Synthetic truth labels are evaluation-only; do not use as model features.
TRUTH_000202,MTR_000202_HASH,normal,normal,0,normal_consumption,No field visit,SYNTHETIC_INJECTION_ONLY_DO_NOT_TRAIN_ON_THIS,Synthetic truth labels are evaluation-only; do not use as model features.
TRUTH_000203,MTR_000203_HASH,normal,normal,0,normal_consumption,No field visit,SYNTHETIC_INJECTION_ONLY_DO_NOT_TRAIN_ON_THIS,Synthetic truth labels are evaluation-only; do not use as model features.
TRUTH_000204,MTR_000204_HASH,normal,normal,0,normal_consumption,No field visit,SYNTHETIC_INJECTION_ONLY_DO_NOT_TRAIN_ON_THIS,Synthetic truth labels are evaluation-only; do not use as model features.
TRUTH_000205,MTR_000205_HASH,normal,normal,0,normal_consumption,No field visit,SYNTHETIC_INJECTION_ONLY_DO_NOT_TRAIN_ON_THIS,Synthetic truth labels are evaluation-only; do not use as model features.
TRUTH_000206,MTR_000206_HASH,normal,normal,0,normal_consumption,No field visit,SYNTHETIC_INJECTION_ONLY_DO_NOT_TRAIN_ON_THIS,Synthetic truth labels are evaluation-only; do not use as model features.
TRUTH_000207,MTR_000207_HASH,normal,normal,0,normal_consumption,No field visit,SYNTHETIC_INJECTION_ONLY_DO_NOT_TRAIN_ON_THIS,Synthetic truth labels are evaluation-only; do not use as model features.
TRUTH_000208,MTR_000208_HASH,normal,normal,0,normal_consumption,No field visit,SYNTHETIC_INJECTION_ONLY_DO_NOT_TRAIN_ON_THIS,Synthetic truth labels are evaluation-only; do not use as model features.
TRUTH_000209,MTR_000209_HASH,normal,normal,0,normal_consumption,No field visit,SYNTHETIC_INJECTION_ONLY_DO_NOT_TRAIN_ON_THIS,Synthetic truth labels are evaluation-only; do not use as model features.
TRUTH_000210,MTR_000210_HASH,normal,normal,0,normal_consumption,No field visit,SYNTHETIC_INJECTION_ONLY_DO_NOT_TRAIN_ON_THIS,Synthetic truth labels are evaluation-only; do not use as model features.
TRUTH_000211,MTR_000211_HASH,normal,normal,0,normal_consumption,No field visit,SYNTHETIC_INJECTION_ONLY_DO_NOT_TRAIN_ON_THIS,Synthetic truth labels are evaluation-only; do not use as model features.
TRUTH_000212,MTR_000212_HASH,normal,normal,0,normal_consumption,No field visit,SYNTHETIC_INJECTION_ONLY_DO_NOT_TRAIN_ON_THIS,Synthetic truth labels are evaluation-only; do not use as model features.
TRUTH_000213,MTR_000213_HASH,normal,normal,0,normal_consumption,No field visit,SYNTHETIC_INJECTION_ONLY_DO_NOT_TRAIN_ON_THIS,Synthetic truth labels are evaluation-only; do not use as model features.
TRUTH_000214,MTR_000214_HASH,normal,normal,0,normal_consumption,No field visit,SYNTHETIC_INJECTION_ONLY_DO_NOT_TRAIN_ON_THIS,Synthetic truth labels are evaluation-only; do not use as model features.
TRUTH_000215,MTR_000215_HASH,normal,normal,0,normal_consumption,No field visit,SYNTHETIC_INJECTION_ONLY_DO_NOT_TRAIN_ON_THIS,Synthetic truth labels are evaluation-only; do not use as model features.
TRUTH_000216,MTR_000216_HASH,normal,normal,0,normal_consumption,No field visit,SYNTHETIC_INJECTION_ONLY_DO_NOT_TRAIN_ON_THIS,Synthetic truth labels are evaluation-only; do not use as model features.
TRUTH_000217,MTR_000217_HASH,normal,normal,0,normal_consumption,No field visit,SYNTHETIC_INJECTION_ONLY_DO_NOT_TRAIN_ON_THIS,Synthetic truth labels are evaluation-only; do not use as model features.
TRUTH_000218,MTR_000218_HASH,normal,normal,0,normal_consumption,No field visit,SYNTHETIC_INJECTION_ONLY_DO_NOT_TRAIN_ON_THIS,Synthetic truth labels are evaluation-only; do not use as model features.
TRUTH_000219,MTR_000219_HASH,normal,normal,0,normal_consumption,No field visit,SYNTHETIC_INJECTION_ONLY_DO_NOT_TRAIN_ON_THIS,Synthetic truth labels are evaluation-only; do not use as model features.
TRUTH_000220,MTR_000220_HASH,normal,normal,0,normal_consumption,No field visit,SYNTHETIC_INJECTION_ONLY_DO_NOT_TRAIN_ON_THIS,Synthetic truth labels are evaluation-only; do not use as model features.
TRUTH_000221,MTR_000221_HASH,normal,normal,0,normal_consumption,No field visit,SYNTHETIC_INJECTION_ONLY_DO_NOT_TRAIN_ON_THIS,Synthetic truth labels are evaluation-only; do not use as model features.
TRUTH_000222,MTR_000222_HASH,normal,normal,0,normal_consumption,No field visit,SYNTHETIC_INJECTION_ONLY_DO_NOT_TRAIN_ON_THIS,Synthetic truth labels are evaluation-only; do not use as model features.
TRUTH_000223,MTR_000223_HASH,normal,normal,0,normal_consumption,No field visit,SYNTHETIC_INJECTION_ONLY_DO_NOT_TRAIN_ON_THIS,Synthetic truth labels are evaluation-only; do not use as model features.
TRUTH_000224,MTR_000224_HASH,normal,normal,0,normal_consumption,No field visit,SYNTHETIC_INJECTION_ONLY_DO_NOT_TRAIN_ON_THIS,Synthetic truth labels are evaluation-only; do not use as model features.
TRUTH_000225,MTR_000225_HASH,normal,normal,0,normal_consumption,No field visit,SYNTHETIC_INJECTION_ONLY_DO_NOT_TRAIN_ON_THIS,Synthetic truth labels are evaluation-only; do not use as model features.
TRUTH_000226,MTR_000226_HASH,normal,normal,0,normal_consumption,No field visit,SYNTHETIC_INJECTION_ONLY_DO_NOT_TRAIN_ON_THIS,Synthetic truth labels are evaluation-only; do not use as model features.
TRUTH_000227,MTR_000227_HASH,normal,normal,0,normal_consumption,No field visit,SYNTHETIC_INJECTION_ONLY_DO_NOT_TRAIN_ON_THIS,Synthetic truth labels are evaluation-only; do not use as model features.
TRUTH_000228,MTR_000228_HASH,normal,normal,0,normal_consumption,No field visit,SYNTHETIC_INJECTION_ONLY_DO_NOT_TRAIN_ON_THIS,Synthetic truth labels are evaluation-only; do not use as model features.
TRUTH_000229,MTR_000229_HASH,normal,normal,0,normal_consumption,No field visit,SYNTHETIC_INJECTION_ONLY_DO_NOT_TRAIN_ON_THIS,Synthetic truth labels are evaluation-only; do not use as model features.
TRUTH_000230,MTR_000230_HASH,normal,normal,0,normal_consumption,No field visit,SYNTHETIC_INJECTION_ONLY_DO_NOT_TRAIN_ON_THIS,Synthetic truth labels are evaluation-only; do not use as model features.
TRUTH_000231,MTR_000231_HASH,normal,normal,0,normal_consumption,No field visit,SYNTHETIC_INJECTION_ONLY_DO_NOT_TRAIN_ON_THIS,Synthetic truth labels are evaluation-only; do not use as model features.
TRUTH_000232,MTR_000232_HASH,normal,normal,0,normal_consumption,No field visit,SYNTHETIC_INJECTION_ONLY_DO_NOT_TRAIN_ON_THIS,Synthetic truth labels are evaluation-only; do not use as model features.
TRUTH_000233,MTR_000233_HASH,normal,normal,0,normal_consumption,No field visit,SYNTHETIC_INJECTION_ONLY_DO_NOT_TRAIN_ON_THIS,Synthetic truth labels are evaluation-only; do not use as model features.
TRUTH_000234,MTR_000234_HASH,normal,normal,0,normal_consumption,No field visit,SYNTHETIC_INJECTION_ONLY_DO_NOT_TRAIN_ON_THIS,Synthetic truth labels are evaluation-only; do not use as model features.
TRUTH_000235,MTR_000235_HASH,normal,normal,0,normal_consumption,No field visit,SYNTHETIC_INJECTION_ONLY_DO_NOT_TRAIN_ON_THIS,Synthetic truth labels are evaluation-only; do not use as model features.
TRUTH_000236,MTR_000236_HASH,normal,normal,0,normal_consumption,No field visit,SYNTHETIC_INJECTION_ONLY_DO_NOT_TRAIN_ON_THIS,Synthetic truth labels are evaluation-only; do not use as model features.
TRUTH_000237,MTR_000237_HASH,normal,normal,0,normal_consumption,No field visit,SYNTHETIC_INJECTION_ONLY_DO_NOT_TRAIN_ON_THIS,Synthetic truth labels are evaluation-only; do not use as model features.
TRUTH_000238,MTR_000238_HASH,normal,normal,0,normal_consumption,No field visit,SYNTHETIC_INJECTION_ONLY_DO_NOT_TRAIN_ON_THIS,Synthetic truth labels are evaluation-only; do not use as model features.
TRUTH_000239,MTR_000239_HASH,normal,normal,0,normal_consumption,No field visit,SYNTHETIC_INJECTION_ONLY_DO_NOT_TRAIN_ON_THIS,Synthetic truth labels are evaluation-only; do not use as model features.
TRUTH_000240,MTR_000240_HASH,normal,normal,0,normal_consumption,No field visit,SYNTHETIC_INJECTION_ONLY_DO_NOT_TRAIN_ON_THIS,Synthetic truth labels are evaluation-only; do not use as model features.
TRUTH_000241,MTR_000241_HASH,normal,normal,0,normal_consumption,No field visit,SYNTHETIC_INJECTION_ONLY_DO_NOT_TRAIN_ON_THIS,Synthetic truth labels are evaluation-only; do not use as model features.
TRUTH_000242,MTR_000242_HASH,normal,normal,0,normal_consumption,No field visit,SYNTHETIC_INJECTION_ONLY_DO_NOT_TRAIN_ON_THIS,Synthetic truth labels are evaluation-only; do not use as model features.
TRUTH_000243,MTR_000243_HASH,normal,normal,0,normal_consumption,No field visit,SYNTHETIC_INJECTION_ONLY_DO_NOT_TRAIN_ON_THIS,Synthetic truth labels are evaluation-only; do not use as model features.
TRUTH_000244,MTR_000244_HASH,single_signal_probable_review,single_signal_probable_review,1,probable_suspicious_review_or_false_positive,Vigilance Review,SYNTHETIC_INJECTION_ONLY_DO_NOT_TRAIN_ON_THIS,Synthetic truth labels are evaluation-only; do not use as model features.
TRUTH_000245,MTR_000245_HASH,normal,normal,0,normal_consumption,No field visit,SYNTHETIC_INJECTION_ONLY_DO_NOT_TRAIN_ON_THIS,Synthetic truth labels are evaluation-only; do not use as model features.
TRUTH_000246,MTR_000246_HASH,normal,normal,0,normal_consumption,No field visit,SYNTHETIC_INJECTION_ONLY_DO_NOT_TRAIN_ON_THIS,Synthetic truth labels are evaluation-only; do not use as model features.
TRUTH_000247,MTR_000247_HASH,normal,normal,0,normal_consumption,No field visit,SYNTHETIC_INJECTION_ONLY_DO_NOT_TRAIN_ON_THIS,Synthetic truth labels are evaluation-only; do not use as model features.
TRUTH_000248,MTR_000248_HASH,normal,normal,0,normal_consumption,No field visit,SYNTHETIC_INJECTION_ONLY_DO_NOT_TRAIN_ON_THIS,Synthetic truth labels are evaluation-only; do not use as model features.
TRUTH_000249,MTR_000249_HASH,normal,normal,0,normal_consumption,No field visit,SYNTHETIC_INJECTION_ONLY_DO_NOT_TRAIN_ON_THIS,Synthetic truth labels are evaluation-only; do not use as model features.
TRUTH_000250,MTR_000250_HASH,multi_signal_confirmed_suspected_loss,multi_signal_confirmed_suspected_loss,1,multi_signal_suspected_loss_or_meter_irregularity,Vigilance,SYNTHETIC_INJECTION_ONLY_DO_NOT_TRAIN_ON_THIS,Synthetic truth labels are evaluation-only; do not use as model features.
TRUTH_000251,MTR_000251_HASH,normal,normal,0,normal_consumption,No field visit,SYNTHETIC_INJECTION_ONLY_DO_NOT_TRAIN_ON_THIS,Synthetic truth labels are evaluation-only; do not use as model features.
TRUTH_000252,MTR_000252_HASH,normal,normal,0,normal_consumption,No field visit,SYNTHETIC_INJECTION_ONLY_DO_NOT_TRAIN_ON_THIS,Synthetic truth labels are evaluation-only; do not use as model features.
TRUTH_000253,MTR_000253_HASH,normal,normal,0,normal_consumption,No field visit,SYNTHETIC_INJECTION_ONLY_DO_NOT_TRAIN_ON_THIS,Synthetic truth labels are evaluation-only; do not use as model features.
TRUTH_000254,MTR_000254_HASH,normal,normal,0,normal_consumption,No field visit,SYNTHETIC_INJECTION_ONLY_DO_NOT_TRAIN_ON_THIS,Synthetic truth labels are evaluation-only; do not use as model features.
TRUTH_000255,MTR_000255_HASH,normal,normal,0,normal_consumption,No field visit,SYNTHETIC_INJECTION_ONLY_DO_NOT_TRAIN_ON_THIS,Synthetic truth labels are evaluation-only; do not use as model features.
TRUTH_000256,MTR_000256_HASH,normal,normal,0,normal_consumption,No field visit,SYNTHETIC_INJECTION_ONLY_DO_NOT_TRAIN_ON_THIS,Synthetic truth labels are evaluation-only; do not use as model features.
TRUTH_000257,MTR_000257_HASH,normal,normal,0,normal_consumption,No field visit,SYNTHETIC_INJECTION_ONLY_DO_NOT_TRAIN_ON_THIS,Synthetic truth labels are evaluation-only; do not use as model features.
TRUTH_000258,MTR_000258_HASH,normal,normal,0,normal_consumption,No field visit,SYNTHETIC_INJECTION_ONLY_DO_NOT_TRAIN_ON_THIS,Synthetic truth labels are evaluation-only; do not use as model features.
TRUTH_000259,MTR_000259_HASH,normal,normal,0,normal_consumption,No field visit,SYNTHETIC_INJECTION_ONLY_DO_NOT_TRAIN_ON_THIS,Synthetic truth labels are evaluation-only; do not use as model features.
TRUTH_000260,MTR_000260_HASH,normal,normal,0,normal_consumption,No field visit,SYNTHETIC_INJECTION_ONLY_DO_NOT_TRAIN_ON_THIS,Synthetic truth labels are evaluation-only; do not use as model features.
TRUTH_000261,MTR_000261_HASH,normal,normal,0,normal_consumption,No field visit,SYNTHETIC_INJECTION_ONLY_DO_NOT_TRAIN_ON_THIS,Synthetic truth labels are evaluation-only; do not use as model features.
TRUTH_000262,MTR_000262_HASH,normal,normal,0,normal_consumption,No field visit,SYNTHETIC_INJECTION_ONLY_DO_NOT_TRAIN_ON_THIS,Synthetic truth labels are evaluation-only; do not use as model features.
TRUTH_000263,MTR_000263_HASH,normal,normal,0,normal_consumption,No field visit,SYNTHETIC_INJECTION_ONLY_DO_NOT_TRAIN_ON_THIS,Synthetic truth labels are evaluation-only; do not use as model features.
TRUTH_000264,MTR_000264_HASH,normal,normal,0,normal_consumption,No field visit,SYNTHETIC_INJECTION_ONLY_DO_NOT_TRAIN_ON_THIS,Synthetic truth labels are evaluation-only; do not use as model features.
TRUTH_000265,MTR_000265_HASH,normal,normal,0,normal_consumption,No field visit,SYNTHETIC_INJECTION_ONLY_DO_NOT_TRAIN_ON_THIS,Synthetic truth labels are evaluation-only; do not use as model features.
TRUTH_000266,MTR_000266_HASH,normal,normal,0,normal_consumption,No field visit,SYNTHETIC_INJECTION_ONLY_DO_NOT_TRAIN_ON_THIS,Synthetic truth labels are evaluation-only; do not use as model features.
TRUTH_000267,MTR_000267_HASH,normal,normal,0,normal_consumption,No field visit,SYNTHETIC_INJECTION_ONLY_DO_NOT_TRAIN_ON_THIS,Synthetic truth labels are evaluation-only; do not use as model features.
TRUTH_000268,MTR_000268_HASH,normal,normal,0,normal_consumption,No field visit,SYNTHETIC_INJECTION_ONLY_DO_NOT_TRAIN_ON_THIS,Synthetic truth labels are evaluation-only; do not use as model features.
TRUTH_000269,MTR_000269_HASH,normal,normal,0,normal_consumption,No field visit,SYNTHETIC_INJECTION_ONLY_DO_NOT_TRAIN_ON_THIS,Synthetic truth labels are evaluation-only; do not use as model features.
TRUTH_000270,MTR_000270_HASH,normal,normal,0,normal_consumption,No field visit,SYNTHETIC_INJECTION_ONLY_DO_NOT_TRAIN_ON_THIS,Synthetic truth labels are evaluation-only; do not use as model features.
TRUTH_000271,MTR_000271_HASH,normal,normal,0,normal_consumption,No field visit,SYNTHETIC_INJECTION_ONLY_DO_NOT_TRAIN_ON_THIS,Synthetic truth labels are evaluation-only; do not use as model features.
TRUTH_000272,MTR_000272_HASH,normal,normal,0,normal_consumption,No field visit,SYNTHETIC_INJECTION_ONLY_DO_NOT_TRAIN_ON_THIS,Synthetic truth labels are evaluation-only; do not use as model features.
TRUTH_000273,MTR_000273_HASH,multi_signal_confirmed_suspected_loss,multi_signal_confirmed_suspected_loss,1,multi_signal_suspected_loss_or_meter_irregularity,Vigilance,SYNTHETIC_INJECTION_ONLY_DO_NOT_TRAIN_ON_THIS,Synthetic truth labels are evaluation-only; do not use as model features.
TRUTH_000274,MTR_000274_HASH,normal,normal,0,normal_consumption,No field visit,SYNTHETIC_INJECTION_ONLY_DO_NOT_TRAIN_ON_THIS,Synthetic truth labels are evaluation-only; do not use as model features.
TRUTH_000275,MTR_000275_HASH,normal,normal,0,normal_consumption,No field visit,SYNTHETIC_INJECTION_ONLY_DO_NOT_TRAIN_ON_THIS,Synthetic truth labels are evaluation-only; do not use as model features.
TRUTH_000276,MTR_000276_HASH,normal,normal,0,normal_consumption,No field visit,SYNTHETIC_INJECTION_ONLY_DO_NOT_TRAIN_ON_THIS,Synthetic truth labels are evaluation-only; do not use as model features.
TRUTH_000277,MTR_000277_HASH,normal,normal,0,normal_consumption,No field visit,SYNTHETIC_INJECTION_ONLY_DO_NOT_TRAIN_ON_THIS,Synthetic truth labels are evaluation-only; do not use as model features.
TRUTH_000278,MTR_000278_HASH,normal,normal,0,normal_consumption,No field visit,SYNTHETIC_INJECTION_ONLY_DO_NOT_TRAIN_ON_THIS,Synthetic truth labels are evaluation-only; do not use as model features.
TRUTH_000279,MTR_000279_HASH,normal,normal,0,normal_consumption,No field visit,SYNTHETIC_INJECTION_ONLY_DO_NOT_TRAIN_ON_THIS,Synthetic truth labels are evaluation-only; do not use as model features.
TRUTH_000280,MTR_000280_HASH,normal,normal,0,normal_consumption,No field visit,SYNTHETIC_INJECTION_ONLY_DO_NOT_TRAIN_ON_THIS,Synthetic truth labels are evaluation-only; do not use as model features.
TRUTH_000281,MTR_000281_HASH,single_signal_probable_review,single_signal_probable_review,1,probable_suspicious_review_or_false_positive,Vigilance Review,SYNTHETIC_INJECTION_ONLY_DO_NOT_TRAIN_ON_THIS,Synthetic truth labels are evaluation-only; do not use as model features.
TRUTH_000282,MTR_000282_HASH,normal,normal,0,normal_consumption,No field visit,SYNTHETIC_INJECTION_ONLY_DO_NOT_TRAIN_ON_THIS,Synthetic truth labels are evaluation-only; do not use as model features.
TRUTH_000283,MTR_000283_HASH,normal,normal,0,normal_consumption,No field visit,SYNTHETIC_INJECTION_ONLY_DO_NOT_TRAIN_ON_THIS,Synthetic truth labels are evaluation-only; do not use as model features.
TRUTH_000284,MTR_000284_HASH,normal,normal,0,normal_consumption,No field visit,SYNTHETIC_INJECTION_ONLY_DO_NOT_TRAIN_ON_THIS,Synthetic truth labels are evaluation-only; do not use as model features.
TRUTH_000285,MTR_000285_HASH,normal,normal,0,normal_consumption,No field visit,SYNTHETIC_INJECTION_ONLY_DO_NOT_TRAIN_ON_THIS,Synthetic truth labels are evaluation-only; do not use as model features.
TRUTH_000286,MTR_000286_HASH,normal,normal,0,normal_consumption,No field visit,SYNTHETIC_INJECTION_ONLY_DO_NOT_TRAIN_ON_THIS,Synthetic truth labels are evaluation-only; do not use as model features.
TRUTH_000287,MTR_000287_HASH,normal,normal,0,normal_consumption,No field visit,SYNTHETIC_INJECTION_ONLY_DO_NOT_TRAIN_ON_THIS,Synthetic truth labels are evaluation-only; do not use as model features.
TRUTH_000288,MTR_000288_HASH,normal,normal,0,normal_consumption,No field visit,SYNTHETIC_INJECTION_ONLY_DO_NOT_TRAIN_ON_THIS,Synthetic truth labels are evaluation-only; do not use as model features.
TRUTH_000289,MTR_000289_HASH,multi_signal_confirmed_suspected_loss,multi_signal_confirmed_suspected_loss,1,multi_signal_suspected_loss_or_meter_irregularity,Vigilance,SYNTHETIC_INJECTION_ONLY_DO_NOT_TRAIN_ON_THIS,Synthetic truth labels are evaluation-only; do not use as model features.
TRUTH_000290,MTR_000290_HASH,normal,normal,0,normal_consumption,No field visit,SYNTHETIC_INJECTION_ONLY_DO_NOT_TRAIN_ON_THIS,Synthetic truth labels are evaluation-only; do not use as model features.
TRUTH_000291,MTR_000291_HASH,normal,normal,0,normal_consumption,No field visit,SYNTHETIC_INJECTION_ONLY_DO_NOT_TRAIN_ON_THIS,Synthetic truth labels are evaluation-only; do not use as model features.
TRUTH_000292,MTR_000292_HASH,normal,normal,0,normal_consumption,No field visit,SYNTHETIC_INJECTION_ONLY_DO_NOT_TRAIN_ON_THIS,Synthetic truth labels are evaluation-only; do not use as model features.
TRUTH_000293,MTR_000293_HASH,single_signal_probable_review,single_signal_probable_review,0,probable_suspicious_review_or_false_positive,Vigilance Review,SYNTHETIC_INJECTION_ONLY_DO_NOT_TRAIN_ON_THIS,Synthetic truth labels are evaluation-only; do not use as model features.
TRUTH_000294,MTR_000294_HASH,normal,normal,0,normal_consumption,No field visit,SYNTHETIC_INJECTION_ONLY_DO_NOT_TRAIN_ON_THIS,Synthetic truth labels are evaluation-only; do not use as model features.
TRUTH_000295,MTR_000295_HASH,normal,normal,0,normal_consumption,No field visit,SYNTHETIC_INJECTION_ONLY_DO_NOT_TRAIN_ON_THIS,Synthetic truth labels are evaluation-only; do not use as model features.
TRUTH_000296,MTR_000296_HASH,normal,normal,0,normal_consumption,No field visit,SYNTHETIC_INJECTION_ONLY_DO_NOT_TRAIN_ON_THIS,Synthetic truth labels are evaluation-only; do not use as model features.
TRUTH_000297,MTR_000297_HASH,normal,normal,0,normal_consumption,No field visit,SYNTHETIC_INJECTION_ONLY_DO_NOT_TRAIN_ON_THIS,Synthetic truth labels are evaluation-only; do not use as model features.
TRUTH_000298,MTR_000298_HASH,normal,normal,0,normal_consumption,No field visit,SYNTHETIC_INJECTION_ONLY_DO_NOT_TRAIN_ON_THIS,Synthetic truth labels are evaluation-only; do not use as model features.
TRUTH_000299,MTR_000299_HASH,normal,normal,0,normal_consumption,No field visit,SYNTHETIC_INJECTION_ONLY_DO_NOT_TRAIN_ON_THIS,Synthetic truth labels are evaluation-only; do not use as model features.
TRUTH_000300,MTR_000300_HASH,single_signal_probable_review,single_signal_probable_review,1,probable_suspicious_review_or_false_positive,Vigilance Review,SYNTHETIC_INJECTION_ONLY_DO_NOT_TRAIN_ON_THIS,Synthetic truth labels are evaluation-only; do not use as model features.
TRUTH_000301,MTR_000301_HASH,normal,normal,0,normal_consumption,No field visit,SYNTHETIC_INJECTION_ONLY_DO_NOT_TRAIN_ON_THIS,Synthetic truth labels are evaluation-only; do not use as model features.
TRUTH_000302,MTR_000302_HASH,normal,normal,0,normal_consumption,No field visit,SYNTHETIC_INJECTION_ONLY_DO_NOT_TRAIN_ON_THIS,Synthetic truth labels are evaluation-only; do not use as model features.
TRUTH_000303,MTR_000303_HASH,normal,normal,0,normal_consumption,No field visit,SYNTHETIC_INJECTION_ONLY_DO_NOT_TRAIN_ON_THIS,Synthetic truth labels are evaluation-only; do not use as model features.
TRUTH_000304,MTR_000304_HASH,normal,normal,0,normal_consumption,No field visit,SYNTHETIC_INJECTION_ONLY_DO_NOT_TRAIN_ON_THIS,Synthetic truth labels are evaluation-only; do not use as model features.
TRUTH_000305,MTR_000305_HASH,single_signal_probable_review,single_signal_probable_review,1,probable_suspicious_review_or_false_positive,Vigilance Review,SYNTHETIC_INJECTION_ONLY_DO_NOT_TRAIN_ON_THIS,Synthetic truth labels are evaluation-only; do not use as model features.
TRUTH_000306,MTR_000306_HASH,normal,normal,0,normal_consumption,No field visit,SYNTHETIC_INJECTION_ONLY_DO_NOT_TRAIN_ON_THIS,Synthetic truth labels are evaluation-only; do not use as model features.
TRUTH_000307,MTR_000307_HASH,normal,normal,0,normal_consumption,No field visit,SYNTHETIC_INJECTION_ONLY_DO_NOT_TRAIN_ON_THIS,Synthetic truth labels are evaluation-only; do not use as model features.
TRUTH_000308,MTR_000308_HASH,normal,normal,0,normal_consumption,No field visit,SYNTHETIC_INJECTION_ONLY_DO_NOT_TRAIN_ON_THIS,Synthetic truth labels are evaluation-only; do not use as model features.
TRUTH_000309,MTR_000309_HASH,normal,normal,0,normal_consumption,No field visit,SYNTHETIC_INJECTION_ONLY_DO_NOT_TRAIN_ON_THIS,Synthetic truth labels are evaluation-only; do not use as model features.
TRUTH_000310,MTR_000310_HASH,normal,normal,0,normal_consumption,No field visit,SYNTHETIC_INJECTION_ONLY_DO_NOT_TRAIN_ON_THIS,Synthetic truth labels are evaluation-only; do not use as model features.
TRUTH_000311,MTR_000311_HASH,normal,normal,0,normal_consumption,No field visit,SYNTHETIC_INJECTION_ONLY_DO_NOT_TRAIN_ON_THIS,Synthetic truth labels are evaluation-only; do not use as model features.
TRUTH_000312,MTR_000312_HASH,watchlist_monitor_not_inspection_ready,watchlist_monitor_not_inspection_ready,0,weak_signal_needs_more_evidence,Watchlist,SYNTHETIC_INJECTION_ONLY_DO_NOT_TRAIN_ON_THIS,Synthetic truth labels are evaluation-only; do not use as model features.
TRUTH_000313,MTR_000313_HASH,normal,normal,0,normal_consumption,No field visit,SYNTHETIC_INJECTION_ONLY_DO_NOT_TRAIN_ON_THIS,Synthetic truth labels are evaluation-only; do not use as model features.
TRUTH_000314,MTR_000314_HASH,normal,normal,0,normal_consumption,No field visit,SYNTHETIC_INJECTION_ONLY_DO_NOT_TRAIN_ON_THIS,Synthetic truth labels are evaluation-only; do not use as model features.
TRUTH_000315,MTR_000315_HASH,normal,normal,0,normal_consumption,No field visit,SYNTHETIC_INJECTION_ONLY_DO_NOT_TRAIN_ON_THIS,Synthetic truth labels are evaluation-only; do not use as model features.
TRUTH_000316,MTR_000316_HASH,normal,normal,0,normal_consumption,No field visit,SYNTHETIC_INJECTION_ONLY_DO_NOT_TRAIN_ON_THIS,Synthetic truth labels are evaluation-only; do not use as model features.
TRUTH_000317,MTR_000317_HASH,normal,normal,0,normal_consumption,No field visit,SYNTHETIC_INJECTION_ONLY_DO_NOT_TRAIN_ON_THIS,Synthetic truth labels are evaluation-only; do not use as model features.
TRUTH_000318,MTR_000318_HASH,normal,normal,0,normal_consumption,No field visit,SYNTHETIC_INJECTION_ONLY_DO_NOT_TRAIN_ON_THIS,Synthetic truth labels are evaluation-only; do not use as model features.
TRUTH_000319,MTR_000319_HASH,normal,normal,0,normal_consumption,No field visit,SYNTHETIC_INJECTION_ONLY_DO_NOT_TRAIN_ON_THIS,Synthetic truth labels are evaluation-only; do not use as model features.
TRUTH_000320,MTR_000320_HASH,single_signal_probable_review,single_signal_probable_review,1,probable_suspicious_review_or_false_positive,Vigilance Review,SYNTHETIC_INJECTION_ONLY_DO_NOT_TRAIN_ON_THIS,Synthetic truth labels are evaluation-only; do not use as model features.
TRUTH_000321,MTR_000321_HASH,normal,normal,0,normal_consumption,No field visit,SYNTHETIC_INJECTION_ONLY_DO_NOT_TRAIN_ON_THIS,Synthetic truth labels are evaluation-only; do not use as model features.
TRUTH_000322,MTR_000322_HASH,normal,normal,0,normal_consumption,No field visit,SYNTHETIC_INJECTION_ONLY_DO_NOT_TRAIN_ON_THIS,Synthetic truth labels are evaluation-only; do not use as model features.
TRUTH_000323,MTR_000323_HASH,normal,normal,0,normal_consumption,No field visit,SYNTHETIC_INJECTION_ONLY_DO_NOT_TRAIN_ON_THIS,Synthetic truth labels are evaluation-only; do not use as model features.
TRUTH_000324,MTR_000324_HASH,normal,normal,0,normal_consumption,No field visit,SYNTHETIC_INJECTION_ONLY_DO_NOT_TRAIN_ON_THIS,Synthetic truth labels are evaluation-only; do not use as model features.
TRUTH_000325,MTR_000325_HASH,single_signal_probable_review,single_signal_probable_review,1,probable_suspicious_review_or_false_positive,Vigilance Review,SYNTHETIC_INJECTION_ONLY_DO_NOT_TRAIN_ON_THIS,Synthetic truth labels are evaluation-only; do not use as model features.
TRUTH_000326,MTR_000326_HASH,normal,normal,0,normal_consumption,No field visit,SYNTHETIC_INJECTION_ONLY_DO_NOT_TRAIN_ON_THIS,Synthetic truth labels are evaluation-only; do not use as model features.
TRUTH_000327,MTR_000327_HASH,normal,normal,0,normal_consumption,No field visit,SYNTHETIC_INJECTION_ONLY_DO_NOT_TRAIN_ON_THIS,Synthetic truth labels are evaluation-only; do not use as model features.
TRUTH_000328,MTR_000328_HASH,watchlist_monitor_not_inspection_ready,watchlist_monitor_not_inspection_ready,0,weak_signal_needs_more_evidence,Watchlist,SYNTHETIC_INJECTION_ONLY_DO_NOT_TRAIN_ON_THIS,Synthetic truth labels are evaluation-only; do not use as model features.
TRUTH_000329,MTR_000329_HASH,normal,normal,0,normal_consumption,No field visit,SYNTHETIC_INJECTION_ONLY_DO_NOT_TRAIN_ON_THIS,Synthetic truth labels are evaluation-only; do not use as model features.
TRUTH_000330,MTR_000330_HASH,normal,normal,0,normal_consumption,No field visit,SYNTHETIC_INJECTION_ONLY_DO_NOT_TRAIN_ON_THIS,Synthetic truth labels are evaluation-only; do not use as model features.
TRUTH_000331,MTR_000331_HASH,normal,normal,0,normal_consumption,No field visit,SYNTHETIC_INJECTION_ONLY_DO_NOT_TRAIN_ON_THIS,Synthetic truth labels are evaluation-only; do not use as model features.
TRUTH_000332,MTR_000332_HASH,normal,normal,0,normal_consumption,No field visit,SYNTHETIC_INJECTION_ONLY_DO_NOT_TRAIN_ON_THIS,Synthetic truth labels are evaluation-only; do not use as model features.
TRUTH_000333,MTR_000333_HASH,normal,normal,0,normal_consumption,No field visit,SYNTHETIC_INJECTION_ONLY_DO_NOT_TRAIN_ON_THIS,Synthetic truth labels are evaluation-only; do not use as model features.
TRUTH_000334,MTR_000334_HASH,normal,normal,0,normal_consumption,No field visit,SYNTHETIC_INJECTION_ONLY_DO_NOT_TRAIN_ON_THIS,Synthetic truth labels are evaluation-only; do not use as model features.
TRUTH_000335,MTR_000335_HASH,normal,normal,0,normal_consumption,No field visit,SYNTHETIC_INJECTION_ONLY_DO_NOT_TRAIN_ON_THIS,Synthetic truth labels are evaluation-only; do not use as model features.
TRUTH_000336,MTR_000336_HASH,normal,normal,0,normal_consumption,No field visit,SYNTHETIC_INJECTION_ONLY_DO_NOT_TRAIN_ON_THIS,Synthetic truth labels are evaluation-only; do not use as model features.
TRUTH_000337,MTR_000337_HASH,single_signal_probable_review,single_signal_probable_review,0,probable_suspicious_review_or_false_positive,Vigilance Review,SYNTHETIC_INJECTION_ONLY_DO_NOT_TRAIN_ON_THIS,Synthetic truth labels are evaluation-only; do not use as model features.
TRUTH_000338,MTR_000338_HASH,normal,normal,0,normal_consumption,No field visit,SYNTHETIC_INJECTION_ONLY_DO_NOT_TRAIN_ON_THIS,Synthetic truth labels are evaluation-only; do not use as model features.
TRUTH_000339,MTR_000339_HASH,multi_signal_confirmed_suspected_loss,multi_signal_confirmed_suspected_loss,1,multi_signal_suspected_loss_or_meter_irregularity,Vigilance,SYNTHETIC_INJECTION_ONLY_DO_NOT_TRAIN_ON_THIS,Synthetic truth labels are evaluation-only; do not use as model features.
TRUTH_000340,MTR_000340_HASH,normal,normal,0,normal_consumption,No field visit,SYNTHETIC_INJECTION_ONLY_DO_NOT_TRAIN_ON_THIS,Synthetic truth labels are evaluation-only; do not use as model features.
TRUTH_000341,MTR_000341_HASH,normal,normal,0,normal_consumption,No field visit,SYNTHETIC_INJECTION_ONLY_DO_NOT_TRAIN_ON_THIS,Synthetic truth labels are evaluation-only; do not use as model features.
TRUTH_000342,MTR_000342_HASH,normal,normal,0,normal_consumption,No field visit,SYNTHETIC_INJECTION_ONLY_DO_NOT_TRAIN_ON_THIS,Synthetic truth labels are evaluation-only; do not use as model features.
TRUTH_000343,MTR_000343_HASH,normal,normal,0,normal_consumption,No field visit,SYNTHETIC_INJECTION_ONLY_DO_NOT_TRAIN_ON_THIS,Synthetic truth labels are evaluation-only; do not use as model features.
TRUTH_000344,MTR_000344_HASH,normal,normal,0,normal_consumption,No field visit,SYNTHETIC_INJECTION_ONLY_DO_NOT_TRAIN_ON_THIS,Synthetic truth labels are evaluation-only; do not use as model features.
TRUTH_000345,MTR_000345_HASH,normal,normal,0,normal_consumption,No field visit,SYNTHETIC_INJECTION_ONLY_DO_NOT_TRAIN_ON_THIS,Synthetic truth labels are evaluation-only; do not use as model features.
TRUTH_000346,MTR_000346_HASH,normal,normal,0,normal_consumption,No field visit,SYNTHETIC_INJECTION_ONLY_DO_NOT_TRAIN_ON_THIS,Synthetic truth labels are evaluation-only; do not use as model features.
TRUTH_000347,MTR_000347_HASH,normal,normal,0,normal_consumption,No field visit,SYNTHETIC_INJECTION_ONLY_DO_NOT_TRAIN_ON_THIS,Synthetic truth labels are evaluation-only; do not use as model features.
TRUTH_000348,MTR_000348_HASH,normal,normal,0,normal_consumption,No field visit,SYNTHETIC_INJECTION_ONLY_DO_NOT_TRAIN_ON_THIS,Synthetic truth labels are evaluation-only; do not use as model features.
TRUTH_000349,MTR_000349_HASH,normal,normal,0,normal_consumption,No field visit,SYNTHETIC_INJECTION_ONLY_DO_NOT_TRAIN_ON_THIS,Synthetic truth labels are evaluation-only; do not use as model features.
TRUTH_000350,MTR_000350_HASH,normal,normal,0,normal_consumption,No field visit,SYNTHETIC_INJECTION_ONLY_DO_NOT_TRAIN_ON_THIS,Synthetic truth labels are evaluation-only; do not use as model features.
TRUTH_000351,MTR_000351_HASH,normal,normal,0,normal_consumption,No field visit,SYNTHETIC_INJECTION_ONLY_DO_NOT_TRAIN_ON_THIS,Synthetic truth labels are evaluation-only; do not use as model features.
TRUTH_000352,MTR_000352_HASH,normal,normal,0,normal_consumption,No field visit,SYNTHETIC_INJECTION_ONLY_DO_NOT_TRAIN_ON_THIS,Synthetic truth labels are evaluation-only; do not use as model features.
TRUTH_000353,MTR_000353_HASH,normal,normal,0,normal_consumption,No field visit,SYNTHETIC_INJECTION_ONLY_DO_NOT_TRAIN_ON_THIS,Synthetic truth labels are evaluation-only; do not use as model features.
TRUTH_000354,MTR_000354_HASH,normal,normal,0,normal_consumption,No field visit,SYNTHETIC_INJECTION_ONLY_DO_NOT_TRAIN_ON_THIS,Synthetic truth labels are evaluation-only; do not use as model features.
TRUTH_000355,MTR_000355_HASH,normal,normal,0,normal_consumption,No field visit,SYNTHETIC_INJECTION_ONLY_DO_NOT_TRAIN_ON_THIS,Synthetic truth labels are evaluation-only; do not use as model features.
TRUTH_000356,MTR_000356_HASH,normal,normal,0,normal_consumption,No field visit,SYNTHETIC_INJECTION_ONLY_DO_NOT_TRAIN_ON_THIS,Synthetic truth labels are evaluation-only; do not use as model features.
TRUTH_000357,MTR_000357_HASH,normal,normal,0,normal_consumption,No field visit,SYNTHETIC_INJECTION_ONLY_DO_NOT_TRAIN_ON_THIS,Synthetic truth labels are evaluation-only; do not use as model features.
TRUTH_000358,MTR_000358_HASH,normal,normal,0,normal_consumption,No field visit,SYNTHETIC_INJECTION_ONLY_DO_NOT_TRAIN_ON_THIS,Synthetic truth labels are evaluation-only; do not use as model features.
TRUTH_000359,MTR_000359_HASH,normal,normal,0,normal_consumption,No field visit,SYNTHETIC_INJECTION_ONLY_DO_NOT_TRAIN_ON_THIS,Synthetic truth labels are evaluation-only; do not use as model features.
TRUTH_000360,MTR_000360_HASH,normal,normal,0,normal_consumption,No field visit,SYNTHETIC_INJECTION_ONLY_DO_NOT_TRAIN_ON_THIS,Synthetic truth labels are evaluation-only; do not use as model features.
